time;V(/BIT_0);V(/BIT_1);V(/BIT_2);V(/Shaped_Out);
0;0;0;0;0;
1e-10;0;0;0;0;
2e-10;0;0;0;0;
4e-10;0;0;0;0;
8e-10;0;0;0;0;
1.6e-09;0;0;0;0;
3.2e-09;0;0;0;0;
6.4e-09;0;0;0;0;
8.00639e-09;0;0;0;0;
8.96945e-09;0;0;0;0;
9.52778e-09;0;0;0;0;
9.85343e-09;0;0;0;0;
1.00432e-08;0;0;0;6.76656e-07;
1.01527e-08;0;0;0;2.23435e-06;
1.02203e-08;0;0;0;2.96838e-06;
1.02896e-08;0;0;0;2.62849e-06;
1.0379e-08;0;0;0;7.76301e-07;
1.04788e-08;0;0;0;-3.60166e-06;
1.06166e-08;0;0;0;-1.41215e-05;
1.07521e-08;0;0;0;-2.99234e-05;
1.08877e-08;0;0;0;-5.14162e-05;
1.10139e-08;0;0;0;-7.65829e-05;
1.11842e-08;0;0;0;-0.000118371;
1.13787e-08;0;0;0;-0.000175667;
1.16395e-08;0;0;0;-0.000265001;
1.19575e-08;0;0;0;-0.000386739;
1.23362e-08;0;0;0;-0.000536902;
1.275e-08;0;0;0;-0.000688295;
1.32881e-08;0;0;0;-0.000829385;
1.39352e-08;0;0;0;-0.000859597;
1.47921e-08;0;0;0;-0.000563974;
1.58966e-08;0;0;0;0.000533814;
1.74688e-08;0;0;0;0.00371411;
1.98928e-08;0;0;0;0.0124834;
2.29232e-08;0;0;0;0.0294558;
2.67465e-08;0;0;0;0.0582292;
3.16975e-08;0;0;0;0.103144;
3.56975e-08;0;0;0;0.142804;
3.62747e-08;2.88628;0;0;0.148656;
3.74292e-08;5;0;0;0.160379;
3.97383e-08;5;0;0;0.183852;
4.43563e-08;5;0;0;0.230303;
4.73563e-08;5;0;0;0.259813;
4.82799e-08;5;4.61805;0;0.26871;
4.93563e-08;5;5;0;0.279023;
4.9541e-08;4.07639;5;0;0.280781;
4.99105e-08;2.22917;5;0;0.284288;
5.06494e-08;0;5;0;0.291263;
5.21271e-08;0;5;0;0.305044;
5.50827e-08;0;5;0;0.331904;
5.61271e-08;0;5;0;0.341167;
5.67182e-08;2.95555;5;0;0.346335;
5.79005e-08;5;5;0;0.356592;
6.02649e-08;5;5;0;0.376625;
6.49938e-08;5;5;0;0.414767;
6.59938e-08;5;5;0;0.422505;
6.69396e-08;5;5;4.72888;0.429668;
6.88311e-08;5;5;5;0.443793;
6.89938e-08;5;5;5;0.444989;
6.93191e-08;5;3.37329;5;0.447367;
6.99698e-08;5;0.119883;5;0.452098;
6.99938e-08;5;2.13163e-14;5;0.452272;
7.00417e-08;4.76023;0;5;0.452618;
7.01377e-08;4.2807;0;5;0.453311;
7.03295e-08;3.32163;0;5;0.454693;
7.07131e-08;1.4035;0;5;0.457445;
7.14803e-08;0;0;5;0.462902;
7.30149e-08;0;0;5;0.473623;
7.60839e-08;0;0;5;0.494311;
8.22219e-08;0;0;5;0.5328;
8.62219e-08;0;0;5;0.555892;
8.72219e-08;5;0;5;0.561385;
8.92219e-08;5;0;5;0.572193;
9.32219e-08;5;0;5;0.592759;
1.01222e-07;5;0;5;0.62997;
1.03222e-07;5;0;5;0.63849;
1.04222e-07;5;5;5;0.642604;
1.06222e-07;5;5;5;0.650689;
1.06422e-07;4;5;5;0.651481;
1.06822e-07;2;5;5;0.653059;
1.07622e-07;0;5;5;0.656181;
1.09222e-07;0;5;5;0.662294;
1.12422e-07;0;5;5;0.674013;
1.18822e-07;0;5;5;0.695527;
1.28822e-07;0;5;5;0.724467;
1.31822e-07;0;5;5;0.73211;
1.32822e-07;5;5;5;0.734536;
1.34822e-07;5;5;5;0.739295;
1.38822e-07;5;5;5;0.748265;
1.46822e-07;5;5;5;0.764166;
1.56822e-07;5;5;5;0.780586;
1.66822e-07;5;5;5;0.793636;
1.76822e-07;5;5;5;0.803778;
1.86822e-07;5;5;5;0.811411;
1.96822e-07;5;5;5;0.816882;
2.06822e-07;5;5;5;0.82049;
2.16822e-07;5;5;5;0.822495;
2.26822e-07;5;5;5;0.823123;
2.36822e-07;5;5;5;0.822568;
2.46822e-07;5;5;5;0.820999;
2.56822e-07;5;5;5;0.818562;
2.66822e-07;5;5;5;0.815384;
2.76822e-07;5;5;5;0.811574;
2.86822e-07;5;5;5;0.807227;
2.96822e-07;5;5;5;0.802425;
3.06822e-07;5;5;5;0.797239;
3.16822e-07;5;5;5;0.791731;
3.26822e-07;5;5;5;0.785953;
3.36822e-07;5;5;5;0.779952;
3.46822e-07;5;5;5;0.773767;
3.56822e-07;5;5;5;0.767433;
3.66822e-07;5;5;5;0.760979;
3.76822e-07;5;5;5;0.754431;
3.86822e-07;5;5;5;0.74781;
3.96822e-07;5;5;5;0.741137;
4.06822e-07;5;5;5;0.734427;
4.16822e-07;5;5;5;0.727695;
4.26822e-07;5;5;5;0.720952;
4.36822e-07;5;5;5;0.714209;
4.46822e-07;5;5;5;0.707475;
4.56822e-07;5;5;5;0.700758;
4.66822e-07;5;5;5;0.694064;
4.69822e-07;5;5;5;0.692061;
4.70822e-07;0;5;5;0.691394;
4.72822e-07;0;5;5;0.690061;
4.76822e-07;0;5;5;0.687399;
4.84822e-07;0;5;5;0.682091;
4.94822e-07;0;5;5;0.675489;
5.04822e-07;0;5;5;0.668928;
5.14822e-07;0;5;5;0.66241;
5.24822e-07;0;5;5;0.655938;
5.34822e-07;0;5;5;0.649514;
5.44822e-07;0;5;5;0.643139;
5.54822e-07;0;5;5;0.636816;
5.64822e-07;0;5;5;0.630545;
5.74822e-07;0;5;5;0.624327;
5.84822e-07;0;5;5;0.618163;
5.94822e-07;0;5;5;0.612053;
6.04822e-07;0;5;5;0.605999;
6.14822e-07;0;5;5;0.599999;
6.16822e-07;0;5;5;0.598805;
6.17822e-07;0;1.53655e-13;5;0.59821;
6.19822e-07;0;0;5;0.59702;
6.20022e-07;1;0;5;0.596901;
6.20422e-07;3;0;5;0.596663;
6.21222e-07;5;0;5;0.596188;
6.22822e-07;5;0;5;0.595239;
6.26022e-07;5;0;5;0.593345;
6.32422e-07;5;0;5;0.589573;
6.42422e-07;5;0;5;0.583726;
6.52422e-07;5;0;5;0.577934;
6.62422e-07;5;0;5;0.572196;
6.72422e-07;5;0;5;0.566514;
6.82422e-07;5;0;5;0.560886;
6.92422e-07;5;0;5;0.555313;
7.02422e-07;5;0;5;0.549793;
7.12422e-07;5;0;5;0.544327;
7.22422e-07;5;0;5;0.538915;
7.32422e-07;5;0;5;0.533555;
7.42422e-07;5;0;5;0.528248;
7.52422e-07;5;0;5;0.522993;
7.62422e-07;5;0;5;0.517789;
7.72422e-07;5;0;5;0.512637;
7.82422e-07;5;0;5;0.507536;
7.92422e-07;5;0;5;0.502485;
8.02422e-07;5;0;5;0.497484;
8.06422e-07;5;0;5;0.495498;
8.07422e-07;1.53655e-13;0;5;0.495003;
8.09422e-07;0;0;5;0.494013;
8.13422e-07;0;0;5;0.492041;
8.21422e-07;0;0;5;0.488119;
8.31422e-07;0;0;5;0.48326;
8.41422e-07;0;0;5;0.47845;
8.51422e-07;0;0;5;0.473687;
8.61422e-07;0;0;5;0.468971;
8.71422e-07;0;0;5;0.464303;
8.81422e-07;0;0;5;0.45968;
8.91422e-07;0;0;5;0.455104;
9.01422e-07;0;0;5;0.450573;
9.11422e-07;0;0;5;0.446087;
9.21422e-07;0;0;5;0.441646;
9.31422e-07;0;0;5;0.437249;
9.41422e-07;0;0;5;0.432895;
9.51422e-07;0;0;5;0.428585;
9.61422e-07;0;0;5;0.424318;
9.71422e-07;0;0;5;0.420093;
9.81422e-07;0;0;5;0.415911;
9.91422e-07;0;0;5;0.41177;
1.00142e-06;0;0;5;0.40767;
1.01142e-06;0;0;5;0.403611;
1.02142e-06;0;0;5;0.399592;
1.02242e-06;0;0;5;0.399192;
1.02342e-06;0;0;0;0.398793;
1.02542e-06;0;0;0;0.397996;
1.02642e-06;0;5;0;0.397598;
1.02682e-06;2;5;0;0.397439;
1.02762e-06;5;5;0;0.397121;
1.02922e-06;5;5;0;0.396485;
1.03242e-06;5;5;0;0.395218;
1.03882e-06;5;5;0;0.392695;
1.04882e-06;5;5;0;0.388785;
1.05882e-06;5;5;0;0.384914;
1.06882e-06;5;5;0;0.381081;
1.07882e-06;5;5;0;0.377287;
1.08882e-06;5;5;0;0.37353;
1.09882e-06;5;5;0;0.369811;
1.10882e-06;5;5;0;0.366129;
1.11882e-06;5;5;0;0.362483;
1.12882e-06;5;5;0;0.358874;
1.13882e-06;5;5;0;0.355301;
1.14882e-06;5;5;0;0.351763;
1.15882e-06;5;5;0;0.34826;
1.16882e-06;5;5;0;0.344793;
1.17882e-06;5;5;0;0.34136;
1.18882e-06;5;5;0;0.337961;
1.19882e-06;5;5;0;0.334596;
1.20882e-06;5;5;0;0.331264;
1.21882e-06;5;5;0;0.327965;
1.22882e-06;5;5;0;0.3247;
1.23882e-06;5;5;0;0.321467;
1.24882e-06;5;5;0;0.318266;
1.25882e-06;5;5;0;0.315097;
1.26882e-06;5;5;0;0.31196;
1.27882e-06;5;5;0;0.308853;
1.28882e-06;5;5;0;0.305778;
1.29882e-06;5;5;0;0.302733;
1.30882e-06;5;5;0;0.299719;
1.31282e-06;5;5;0;0.298522;
1.31382e-06;0;5;0;0.298223;
1.31582e-06;0;5;0;0.297627;
1.31982e-06;0;5;0;0.296438;
1.32782e-06;0;5;0;0.294074;
1.33782e-06;0;5;0;0.291146;
1.34782e-06;0;5;0;0.288247;
1.35782e-06;0;5;0;0.285377;
1.36782e-06;0;5;0;0.282536;
1.37782e-06;0;5;0;0.279722;
1.38782e-06;0;5;0;0.276937;
1.39782e-06;0;5;0;0.27418;
1.40782e-06;0;5;0;0.27145;
1.41782e-06;0;5;0;0.268747;
1.42782e-06;0;5;0;0.266071;
1.43782e-06;0;5;0;0.263421;
1.44782e-06;0;5;0;0.260799;
1.45782e-06;0;5;0;0.258202;
1.46782e-06;0;5;0;0.255631;
1.47782e-06;0;5;0;0.253085;
1.48782e-06;0;5;0;0.250565;
1.49782e-06;0;5;0;0.24807;
1.50782e-06;0;5;0;0.2456;
1.51782e-06;0;5;0;0.243155;
1.52782e-06;0;5;0;0.240734;
1.53782e-06;0;5;0;0.238337;
1.54782e-06;0;5;0;0.235964;
1.55782e-06;0;5;0;0.233614;
1.56782e-06;0;5;0;0.231288;
1.57782e-06;0;5;0;0.228985;
1.58782e-06;0;5;0;0.226705;
1.59782e-06;0;5;0;0.224448;
1.60782e-06;0;5;0;0.222213;
1.61782e-06;0;5;0;0.22;
1.62782e-06;0;5;0;0.217809;
1.63782e-06;0;5;0;0.215641;
1.64782e-06;0;5;0;0.213494;
1.65782e-06;0;5;0;0.211368;
1.66782e-06;0;5;0;0.209263;
1.67782e-06;0;5;0;0.207179;
1.68782e-06;0;5;0;0.205116;
1.69782e-06;0;5;0;0.203074;
1.70782e-06;0;5;0;0.201052;
1.71782e-06;0;5;0;0.19905;
1.72082e-06;0;5;0;0.198453;
1.72182e-06;0;0;0;0.198255;
1.72282e-06;0;0;0;0.198057;
1.72302e-06;1;0;0;0.198017;
1.72342e-06;3;0;0;0.197938;
1.72422e-06;5;0;0;0.197779;
1.72582e-06;5;0;0;0.197463;
1.72902e-06;5;0;0;0.196832;
1.73542e-06;5;0;0;0.195575;
1.74542e-06;5;0;0;0.193628;
1.75542e-06;5;0;0;0.1917;
1.76542e-06;5;0;0;0.189791;
1.77542e-06;5;0;0;0.187901;
1.78542e-06;5;0;0;0.18603;
1.79542e-06;5;0;0;0.184178;
1.80542e-06;5;0;0;0.182344;
1.81542e-06;5;0;0;0.180528;
1.82542e-06;5;0;0;0.178731;
1.83542e-06;5;0;0;0.176951;
1.84542e-06;5;0;0;0.175189;
1.85542e-06;5;0;0;0.173445;
1.86542e-06;5;0;0;0.171718;
1.87542e-06;5;0;0;0.170008;
1.88542e-06;5;0;0;0.168315;
1.89542e-06;5;0;0;0.166639;
1.90542e-06;5;0;0;0.16498;
1.91542e-06;5;0;0;0.163337;
1.92542e-06;5;0;0;0.161711;
1.93542e-06;5;0;0;0.1601;
1.94542e-06;5;0;0;0.158506;
1.95542e-06;5;0;0;0.156928;
1.96542e-06;5;0;0;0.155365;
1.97542e-06;5;0;0;0.153818;
1.98542e-06;5;0;0;0.152287;
1.99542e-06;5;0;0;0.15077;
2.00542e-06;5;0;0;0.149269;
2.01542e-06;5;0;0;0.147783;
2.02542e-06;5;0;0;0.146311;
2.03542e-06;5;0;0;0.144854;
2.04542e-06;5;0;0;0.143412;
2.05542e-06;5;0;0;0.141984;
2.06542e-06;5;0;0;0.14057;
2.07542e-06;5;0;0;0.13917;
2.08542e-06;5;0;0;0.137785;
2.09542e-06;5;0;0;0.136413;
2.10542e-06;5;0;0;0.135054;
2.11542e-06;5;0;0;0.13371;
2.12542e-06;5;0;0;0.132378;
2.13542e-06;5;0;0;0.13106;
2.14542e-06;5;0;0;0.129755;
2.15542e-06;5;0;0;0.128463;
2.16542e-06;5;0;0;0.127184;
2.17542e-06;5;0;0;0.125917;
2.18542e-06;5;0;0;0.124664;
2.19542e-06;5;0;0;0.123422;
2.20542e-06;5;0;0;0.122193;
2.21542e-06;5;0;0;0.120976;
2.22542e-06;5;0;0;0.119772;
2.23542e-06;5;0;0;0.118579;
2.24542e-06;5;0;0;0.117398;
2.25542e-06;5;0;0;0.116229;
2.26542e-06;5;0;0;0.115072;
2.27542e-06;5;0;0;0.113926;
2.28542e-06;5;0;0;0.112792;
2.29542e-06;5;0;0;0.111669;
2.30542e-06;5;0;0;0.110557;
2.31542e-06;5;0;0;0.109456;
2.32542e-06;5;0;0;0.108366;
2.33542e-06;5;0;0;0.107287;
2.34542e-06;5;0;0;0.106219;
2.35542e-06;5;0;0;0.105161;
2.36542e-06;5;0;0;0.104114;
2.37542e-06;5;0;0;0.103077;
2.38542e-06;5;0;0;0.102051;
2.39542e-06;5;0;0;0.101034;
2.40542e-06;5;0;0;0.100028;
2.41542e-06;5;0;0;0.0990324;
2.41942e-06;5;0;0;0.0986367;
2.42042e-06;0;0;0;0.0985381;
2.42242e-06;0;0;0;0.0983411;
2.42642e-06;0;0;0;0.0979482;
2.43442e-06;0;0;0;0.0971672;
2.44442e-06;0;0;0;0.0961996;
2.45442e-06;0;0;0;0.0952417;
2.46442e-06;0;0;0;0.0942933;
2.47442e-06;0;0;0;0.0933544;
2.48442e-06;0;0;0;0.0924248;
2.49442e-06;0;0;0;0.0915045;
2.50442e-06;0;0;0;0.0905933;
2.51442e-06;0;0;0;0.0896912;
2.52442e-06;0;0;0;0.0887981;
2.53442e-06;0;0;0;0.0879138;
2.54442e-06;0;0;0;0.0870384;
2.55442e-06;0;0;0;0.0861717;
2.56442e-06;0;0;0;0.0853136;
2.57442e-06;0;0;0;0.0844641;
2.58442e-06;0;0;0;0.083623;
2.59442e-06;0;0;0;0.0827903;
2.60442e-06;0;0;0;0.0819659;
2.61442e-06;0;0;0;0.0811497;
2.62442e-06;0;0;0;0.0803417;
2.63442e-06;0;0;0;0.0795416;
2.64442e-06;0;0;0;0.0787496;
2.65442e-06;0;0;0;0.0779654;
2.66442e-06;0;0;0;0.077189;
2.67442e-06;0;0;0;0.0764204;
2.68442e-06;0;0;0;0.0756594;
2.69442e-06;0;0;0;0.074906;
2.70442e-06;0;0;0;0.0741601;
2.71442e-06;0;0;0;0.0734216;
2.72442e-06;0;0;0;0.0726905;
2.73442e-06;0;0;0;0.0719667;
2.74442e-06;0;0;0;0.07125;
2.75442e-06;0;0;0;0.0705405;
2.76442e-06;0;0;0;0.0698381;
2.77442e-06;0;0;0;0.0691426;
2.78442e-06;0;0;0;0.0684541;
2.79442e-06;0;0;0;0.0677725;
2.80442e-06;0;0;0;0.0670976;
2.81442e-06;0;0;0;0.0664294;
2.82442e-06;0;0;0;0.0657679;
2.83442e-06;0;0;0;0.065113;
2.84442e-06;0;0;0;0.0644646;
2.85442e-06;0;0;0;0.0638227;
2.86442e-06;0;0;0;0.0631871;
2.87442e-06;0;0;0;0.0625579;
2.88442e-06;0;0;0;0.0619349;
2.89442e-06;0;0;0;0.0613182;
2.90442e-06;0;0;0;0.0607076;
2.91442e-06;0;0;0;0.0601031;
2.92442e-06;0;0;0;0.0595045;
2.93442e-06;0;0;0;0.058912;
2.94442e-06;0;0;0;0.0583253;
2.95442e-06;0;0;0;0.0577445;
2.96442e-06;0;0;0;0.0571695;
2.97442e-06;0;0;0;0.0566002;
2.98442e-06;0;0;0;0.0560366;
2.99442e-06;0;0;0;0.0554785;
3.00442e-06;0;0;0;0.0549261;
3.01442e-06;0;0;0;0.0543791;
3.02442e-06;0;0;0;0.0538376;
3.03442e-06;0;0;0;0.0533014;
3.04442e-06;0;0;0;0.0527707;
3.05442e-06;0;0;0;0.0522452;
3.06442e-06;0;0;0;0.0517249;
3.07442e-06;0;0;0;0.0512098;
3.08442e-06;0;0;0;0.0506998;
3.09442e-06;0;0;0;0.0501949;
3.10442e-06;0;0;0;0.0496951;
3.11442e-06;0;0;0;0.0492002;
3.12442e-06;0;0;0;0.0487102;
3.13442e-06;0;0;0;0.0482252;
3.14442e-06;0;0;0;0.0477449;
3.15442e-06;0;0;0;0.0472695;
3.16442e-06;0;0;0;0.0467987;
3.17442e-06;0;0;0;0.0463327;
3.18442e-06;0;0;0;0.0458713;
3.19442e-06;0;0;0;0.0454145;
3.20442e-06;0;0;0;0.0449622;
3.21442e-06;0;0;0;0.0445145;
3.22442e-06;0;0;0;0.0440712;
3.23442e-06;0;0;0;0.0436323;
3.24442e-06;0;0;0;0.0431978;
3.25442e-06;0;0;0;0.0427676;
3.26442e-06;0;0;0;0.0423417;
3.27442e-06;0;0;0;0.04192;
3.28442e-06;0;0;0;0.0415025;
3.29442e-06;0;0;0;0.0410892;
3.30442e-06;0;0;0;0.04068;
3.31442e-06;0;0;0;0.0402749;
3.32442e-06;0;0;0;0.0398738;
3.33442e-06;0;0;0;0.0394767;
3.34442e-06;0;0;0;0.0390836;
3.35442e-06;0;0;0;0.0386944;
3.36442e-06;0;0;0;0.038309;
3.37442e-06;0;0;0;0.0379275;
3.38442e-06;0;0;0;0.0375498;
3.39442e-06;0;0;0;0.0371758;
3.40442e-06;0;0;0;0.0368056;
3.41442e-06;0;0;0;0.0364391;
3.42442e-06;0;0;0;0.0360762;
3.43442e-06;0;0;0;0.0357169;
3.44442e-06;0;0;0;0.0353612;
3.45442e-06;0;0;0;0.035009;
3.46442e-06;0;0;0;0.0346604;
3.47442e-06;0;0;0;0.0343152;
3.48442e-06;0;0;0;0.0339735;
3.49442e-06;0;0;0;0.0336351;
3.50442e-06;0;0;0;0.0333001;
3.51442e-06;0;0;0;0.0329685;
3.52442e-06;0;0;0;0.0326402;
3.53442e-06;0;0;0;0.0323151;
3.54442e-06;0;0;0;0.0319933;
3.55442e-06;0;0;0;0.0316746;
3.56442e-06;0;0;0;0.0313592;
3.57442e-06;0;0;0;0.0310469;
3.58442e-06;0;0;0;0.0307377;
3.59442e-06;0;0;0;0.0304315;
3.60442e-06;0;0;0;0.0301285;
3.61442e-06;0;0;0;0.0298284;
3.62442e-06;0;0;0;0.0295313;
3.63442e-06;0;0;0;0.0292372;
3.64442e-06;0;0;0;0.028946;
3.65442e-06;0;0;0;0.0286577;
3.66442e-06;0;0;0;0.0283723;
3.67442e-06;0;0;0;0.0280898;
3.68442e-06;0;0;0;0.02781;
3.69442e-06;0;0;0;0.027533;
3.70442e-06;0;0;0;0.0272588;
3.71442e-06;0;0;0;0.0269873;
3.72442e-06;0;0;0;0.0267185;
3.73442e-06;0;0;0;0.0264524;
3.74442e-06;0;0;0;0.026189;
3.75442e-06;0;0;0;0.0259281;
3.76442e-06;0;0;0;0.0256699;
3.77442e-06;0;0;0;0.0254142;
3.78442e-06;0;0;0;0.0251611;
3.79442e-06;0;0;0;0.0249105;
3.80442e-06;0;0;0;0.0246624;
3.81442e-06;0;0;0;0.0244168;
3.82442e-06;0;0;0;0.0241736;
3.83442e-06;0;0;0;0.0239328;
3.84442e-06;0;0;0;0.0236945;
3.85442e-06;0;0;0;0.0234585;
3.86442e-06;0;0;0;0.0232248;
3.87442e-06;0;0;0;0.0229935;
3.88442e-06;0;0;0;0.0227645;
3.89442e-06;0;0;0;0.0225377;
3.90442e-06;0;0;0;0.0223133;
3.91442e-06;0;0;0;0.022091;
3.92442e-06;0;0;0;0.021871;
3.93442e-06;0;0;0;0.0216532;
3.94442e-06;0;0;0;0.0214375;
3.95442e-06;0;0;0;0.021224;
3.96442e-06;0;0;0;0.0210126;
3.97442e-06;0;0;0;0.0208033;
3.98442e-06;0;0;0;0.0205961;
3.99442e-06;0;0;0;0.0203909;
4.00442e-06;0;0;0;0.0201878;
4.01442e-06;0;0;0;0.0199867;
4.02442e-06;0;0;0;0.0197877;
4.03442e-06;0;0;0;0.0195906;
4.04442e-06;0;0;0;0.0193954;
4.05442e-06;0;0;0;0.0192022;
4.06442e-06;0;0;0;0.019011;
4.07442e-06;0;0;0;0.0188216;
4.08442e-06;0;0;0;0.0186341;
4.09442e-06;0;0;0;0.0184485;
4.10442e-06;0;0;0;0.0182647;
4.11442e-06;0;0;0;0.0180828;
4.12442e-06;0;0;0;0.0179027;
4.13442e-06;0;0;0;0.0177244;
4.14442e-06;0;0;0;0.0175478;
4.15442e-06;0;0;0;0.017373;
4.16442e-06;0;0;0;0.0172;
4.17442e-06;0;0;0;0.0170286;
4.18442e-06;0;0;0;0.016859;
4.19442e-06;0;0;0;0.0166911;
4.20442e-06;0;0;0;0.0165248;
4.21442e-06;0;0;0;0.0163602;
4.22442e-06;0;0;0;0.0161972;
4.23442e-06;0;0;0;0.0160359;
4.24442e-06;0;0;0;0.0158761;
4.25442e-06;0;0;0;0.015718;
4.26442e-06;0;0;0;0.0155614;
4.27442e-06;0;0;0;0.0154064;
4.28442e-06;0;0;0;0.0152529;
4.29442e-06;0;0;0;0.015101;
4.30442e-06;0;0;0;0.0149506;
4.31442e-06;0;0;0;0.0148016;
4.32442e-06;0;0;0;0.0146542;
4.33442e-06;0;0;0;0.0145082;
4.34442e-06;0;0;0;0.0143637;
4.35442e-06;0;0;0;0.0142206;
4.36442e-06;0;0;0;0.0140789;
4.37442e-06;0;0;0;0.0139387;
4.38442e-06;0;0;0;0.0137998;
4.39442e-06;0;0;0;0.0136623;
4.40442e-06;0;0;0;0.0135262;
4.41442e-06;0;0;0;0.0133915;
4.42442e-06;0;0;0;0.0132581;
4.43442e-06;0;0;0;0.013126;
4.44442e-06;0;0;0;0.0129952;
4.45442e-06;0;0;0;0.0128657;
4.46442e-06;0;0;0;0.0127376;
4.47442e-06;0;0;0;0.0126107;
4.48442e-06;0;0;0;0.012485;
4.49442e-06;0;0;0;0.0123606;
4.50442e-06;0;0;0;0.0122375;
4.51442e-06;0;0;0;0.0121156;
4.52442e-06;0;0;0;0.0119949;
4.53442e-06;0;0;0;0.0118754;
4.54442e-06;0;0;0;0.0117571;
4.55442e-06;0;0;0;0.0116399;
4.56442e-06;0;0;0;0.0115239;
4.57442e-06;0;0;0;0.0114091;
4.58442e-06;0;0;0;0.0112955;
4.59442e-06;0;0;0;0.0111829;
4.60442e-06;0;0;0;0.0110715;
4.61442e-06;0;0;0;0.0109612;
4.62442e-06;0;0;0;0.010852;
4.63442e-06;0;0;0;0.0107439;
4.64442e-06;0;0;0;0.0106368;
4.65442e-06;0;0;0;0.0105308;
4.66442e-06;0;0;0;0.0104259;
4.67442e-06;0;0;0;0.010322;
4.68442e-06;0;0;0;0.0102192;
4.69442e-06;0;0;0;0.0101173;
4.70442e-06;0;0;0;0.0100165;
4.71442e-06;0;0;0;0.00991673;
4.72442e-06;0;0;0;0.00981792;
4.73442e-06;0;0;0;0.00972009;
4.74442e-06;0;0;0;0.00962324;
4.75442e-06;0;0;0;0.00952735;
4.76442e-06;0;0;0;0.00943242;
4.77442e-06;0;0;0;0.00933843;
4.78442e-06;0;0;0;0.00924537;
4.79442e-06;0;0;0;0.00915324;
4.80442e-06;0;0;0;0.00906203;
4.81442e-06;0;0;0;0.00897173;
4.82442e-06;0;0;0;0.00888233;
4.83442e-06;0;0;0;0.00879382;
4.84442e-06;0;0;0;0.00870619;
4.85442e-06;0;0;0;0.00861943;
4.86442e-06;0;0;0;0.00853353;
4.87442e-06;0;0;0;0.00844849;
4.88442e-06;0;0;0;0.0083643;
4.89442e-06;0;0;0;0.00828095;
4.90442e-06;0;0;0;0.00819842;
4.91442e-06;0;0;0;0.00811672;
4.92442e-06;0;0;0;0.00803583;
4.93442e-06;0;0;0;0.00795575;
4.94442e-06;0;0;0;0.00787646;
4.95442e-06;0;0;0;0.00779796;
4.96442e-06;0;0;0;0.00772025;
4.97442e-06;0;0;0;0.00764331;
4.98442e-06;0;0;0;0.00756713;
4.99442e-06;0;0;0;0.00749171;
5.00442e-06;0;0;0;0.00741705;
5.01442e-06;0;0;0;0.00734313;
5.02442e-06;0;0;0;0.00726994;
5.03442e-06;0;0;0;0.00719748;
5.04442e-06;0;0;0;0.00712575;
5.05442e-06;0;0;0;0.00705472;
5.06442e-06;0;0;0;0.00698441;
5.07442e-06;0;0;0;0.00691479;
5.08442e-06;0;0;0;0.00684587;
5.09442e-06;0;0;0;0.00677764;
5.10442e-06;0;0;0;0.00671008;
5.11442e-06;0;0;0;0.0066432;
5.12442e-06;0;0;0;0.00657698;
5.13442e-06;0;0;0;0.00651142;
5.14442e-06;0;0;0;0.00644652;
5.15442e-06;0;0;0;0.00638226;
5.16442e-06;0;0;0;0.00631864;
5.17442e-06;0;0;0;0.00625565;
5.18442e-06;0;0;0;0.0061933;
5.19442e-06;0;0;0;0.00613156;
5.20442e-06;0;0;0;0.00607044;
5.21442e-06;0;0;0;0.00600992;
5.22442e-06;0;0;0;0.00595001;
5.23442e-06;0;0;0;0.00589069;
5.24442e-06;0;0;0;0.00583197;
5.25442e-06;0;0;0;0.00577383;
5.26442e-06;0;0;0;0.00571627;
5.27442e-06;0;0;0;0.00565928;
5.28442e-06;0;0;0;0.00560286;
5.29442e-06;0;0;0;0.005547;
5.30442e-06;0;0;0;0.0054917;
5.31442e-06;0;0;0;0.00543695;
5.32442e-06;0;0;0;0.00538274;
5.33442e-06;0;0;0;0.00532908;
5.34442e-06;0;0;0;0.00527594;
5.35442e-06;0;0;0;0.00522334;
5.36442e-06;0;0;0;0.00517126;
5.37442e-06;0;0;0;0.0051197;
5.38442e-06;0;0;0;0.00506865;
5.39442e-06;0;0;0;0.00501811;
5.40442e-06;0;0;0;0.00496808;
5.41442e-06;0;0;0;0.00491854;
5.42442e-06;0;0;0;0.00486949;
5.43442e-06;0;0;0;0.00482094;
5.44442e-06;0;0;0;0.00477286;
5.45442e-06;0;0;0;0.00472527;
5.46442e-06;0;0;0;0.00467815;
5.47442e-06;0;0;0;0.0046315;
5.48442e-06;0;0;0;0.00458531;
5.49442e-06;0;0;0;0.00453959;
5.50442e-06;0;0;0;0.00449431;
5.51442e-06;0;0;0;0.00444949;
5.52442e-06;0;0;0;0.00440512;
5.53442e-06;0;0;0;0.00436119;
5.54442e-06;0;0;0;0.00431769;
5.55442e-06;0;0;0;0.00427463;
5.56442e-06;0;0;0;0.004232;
5.57442e-06;0;0;0;0.00418979;
5.58442e-06;0;0;0;0.004148;
5.59442e-06;0;0;0;0.00410663;
5.60442e-06;0;0;0;0.00406567;
5.61442e-06;0;0;0;0.00402512;
5.62442e-06;0;0;0;0.00398497;
5.63442e-06;0;0;0;0.00394522;
5.64442e-06;0;0;0;0.00390586;
5.65442e-06;0;0;0;0.0038669;
5.66442e-06;0;0;0;0.00382833;
5.67442e-06;0;0;0;0.00379014;
5.68442e-06;0;0;0;0.00375233;
5.69442e-06;0;0;0;0.0037149;
5.70442e-06;0;0;0;0.00367784;
5.71442e-06;0;0;0;0.00364115;
5.72442e-06;0;0;0;0.00360482;
5.73442e-06;0;0;0;0.00356886;
5.74442e-06;0;0;0;0.00353325;
5.75442e-06;0;0;0;0.003498;
5.76442e-06;0;0;0;0.0034631;
5.77442e-06;0;0;0;0.00342855;
5.78442e-06;0;0;0;0.00339434;
5.79442e-06;0;0;0;0.00336047;
5.80442e-06;0;0;0;0.00332694;
5.81442e-06;0;0;0;0.00329375;
5.82442e-06;0;0;0;0.00326088;
5.83442e-06;0;0;0;0.00322834;
5.84442e-06;0;0;0;0.00319613;
5.85442e-06;0;0;0;0.00316423;
5.86442e-06;0;0;0;0.00313266;
5.87442e-06;0;0;0;0.00310139;
5.88442e-06;0;0;0;0.00307044;
5.89442e-06;0;0;0;0.0030398;
5.90442e-06;0;0;0;0.00300946;
5.91442e-06;0;0;0;0.00297943;
5.92442e-06;0;0;0;0.00294969;
5.93442e-06;0;0;0;0.00292025;
5.94442e-06;0;0;0;0.0028911;
5.95442e-06;0;0;0;0.00286225;
5.96442e-06;0;0;0;0.00283368;
5.97442e-06;0;0;0;0.00280539;
5.98442e-06;0;0;0;0.00277739;
5.99442e-06;0;0;0;0.00274966;
6.00442e-06;0;0;0;0.00272221;
6.01442e-06;0;0;0;0.00269504;
6.02442e-06;0;0;0;0.00266813;
6.03442e-06;0;0;0;0.0026415;
6.04442e-06;0;0;0;0.00261513;
6.05442e-06;0;0;0;0.00258902;
6.06442e-06;0;0;0;0.00256317;
6.07442e-06;0;0;0;0.00253758;
6.08442e-06;0;0;0;0.00251224;
6.09442e-06;0;0;0;0.00248715;
6.10442e-06;0;0;0;0.00246232;
6.11442e-06;0;0;0;0.00243773;
6.12442e-06;0;0;0;0.00241339;
6.13442e-06;0;0;0;0.00238929;
6.14442e-06;0;0;0;0.00236543;
6.15442e-06;0;0;0;0.00234181;
6.16442e-06;0;0;0;0.00231842;
6.17442e-06;0;0;0;0.00229526;
6.18442e-06;0;0;0;0.00227234;
6.19442e-06;0;0;0;0.00224965;
6.20442e-06;0;0;0;0.00222718;
6.21442e-06;0;0;0;0.00220493;
6.22442e-06;0;0;0;0.0021829;
6.23442e-06;0;0;0;0.0021611;
6.24442e-06;0;0;0;0.00213951;
6.25442e-06;0;0;0;0.00211814;
6.26442e-06;0;0;0;0.00209698;
6.27442e-06;0;0;0;0.00207603;
6.28442e-06;0;0;0;0.00205529;
6.29442e-06;0;0;0;0.00203475;
6.30442e-06;0;0;0;0.00201442;
6.31442e-06;0;0;0;0.0019943;
6.32442e-06;0;0;0;0.00197437;
6.33442e-06;0;0;0;0.00195464;
6.34442e-06;0;0;0;0.00193511;
6.35442e-06;0;0;0;0.00191577;
6.36442e-06;0;0;0;0.00189663;
6.37442e-06;0;0;0;0.00187767;
6.38442e-06;0;0;0;0.0018589;
6.39442e-06;0;0;0;0.00184033;
6.40442e-06;0;0;0;0.00182193;
6.41442e-06;0;0;0;0.00180372;
6.42442e-06;0;0;0;0.00178569;
6.43442e-06;0;0;0;0.00176784;
6.44442e-06;0;0;0;0.00175017;
6.45442e-06;0;0;0;0.00173267;
6.46442e-06;0;0;0;0.00171535;
6.47442e-06;0;0;0;0.0016982;
6.48442e-06;0;0;0;0.00168122;
6.49442e-06;0;0;0;0.00166441;
6.50442e-06;0;0;0;0.00164777;
6.51442e-06;0;0;0;0.0016313;
6.52442e-06;0;0;0;0.00161498;
6.53442e-06;0;0;0;0.00159883;
6.54442e-06;0;0;0;0.00158284;
6.55442e-06;0;0;0;0.00156701;
6.56442e-06;0;0;0;0.00155134;
6.57442e-06;0;0;0;0.00153582;
6.58442e-06;0;0;0;0.00152046;
6.59442e-06;0;0;0;0.00150525;
6.60442e-06;0;0;0;0.0014902;
6.61442e-06;0;0;0;0.00147529;
6.62442e-06;0;0;0;0.00146053;
6.63442e-06;0;0;0;0.00144592;
6.64442e-06;0;0;0;0.00143145;
6.65442e-06;0;0;0;0.00141713;
6.66442e-06;0;0;0;0.00140295;
6.67442e-06;0;0;0;0.00138891;
6.68442e-06;0;0;0;0.00137501;
6.69442e-06;0;0;0;0.00136125;
6.70442e-06;0;0;0;0.00134763;
6.71442e-06;0;0;0;0.00133414;
6.72442e-06;0;0;0;0.00132079;
6.73442e-06;0;0;0;0.00130757;
6.74442e-06;0;0;0;0.00129448;
6.75442e-06;0;0;0;0.00128152;
6.76442e-06;0;0;0;0.00126869;
6.77442e-06;0;0;0;0.00125599;
6.78442e-06;0;0;0;0.00124341;
6.79442e-06;0;0;0;0.00123096;
6.80442e-06;0;0;0;0.00121864;
6.81442e-06;0;0;0;0.00120643;
6.82442e-06;0;0;0;0.00119435;
6.83442e-06;0;0;0;0.00118239;
6.84442e-06;0;0;0;0.00117055;
6.85442e-06;0;0;0;0.00115882;
6.86442e-06;0;0;0;0.00114722;
6.87442e-06;0;0;0;0.00113572;
6.88442e-06;0;0;0;0.00112435;
6.89442e-06;0;0;0;0.00111308;
6.90442e-06;0;0;0;0.00110193;
6.91442e-06;0;0;0;0.00109089;
6.92442e-06;0;0;0;0.00107996;
6.93442e-06;0;0;0;0.00106914;
6.94442e-06;0;0;0;0.00105842;
6.95442e-06;0;0;0;0.00104781;
6.96442e-06;0;0;0;0.00103731;
6.97442e-06;0;0;0;0.00102691;
6.98442e-06;0;0;0;0.00101662;
6.99442e-06;0;0;0;0.00100643;
7.00442e-06;0;0;0;0.000996337;
7.01442e-06;0;0;0;0.000986348;
7.02442e-06;0;0;0;0.000976458;
7.03442e-06;0;0;0;0.000966666;
7.04442e-06;0;0;0;0.000956972;
7.05442e-06;0;0;0;0.000947374;
7.06442e-06;0;0;0;0.000937872;
7.07442e-06;0;0;0;0.000928465;
7.08442e-06;0;0;0;0.000919151;
7.09442e-06;0;0;0;0.00090993;
7.10442e-06;0;0;0;0.000900801;
7.11442e-06;0;0;0;0.000891763;
7.12442e-06;0;0;0;0.000882815;
7.13442e-06;0;0;0;0.000873956;
7.14442e-06;0;0;0;0.000865185;
7.15442e-06;0;0;0;0.000856501;
7.16442e-06;0;0;0;0.000847904;
7.17442e-06;0;0;0;0.000839393;
7.18442e-06;0;0;0;0.000830966;
7.19442e-06;0;0;0;0.000822623;
7.20442e-06;0;0;0;0.000814364;
7.21442e-06;0;0;0;0.000806186;
7.22442e-06;0;0;0;0.00079809;
7.23442e-06;0;0;0;0.000790075;
7.24442e-06;0;0;0;0.000782139;
7.25442e-06;0;0;0;0.000774283;
7.26442e-06;0;0;0;0.000766504;
7.27442e-06;0;0;0;0.000758804;
7.28442e-06;0;0;0;0.000751179;
7.29442e-06;0;0;0;0.000743631;
7.30442e-06;0;0;0;0.000736158;
7.31442e-06;0;0;0;0.00072876;
7.32442e-06;0;0;0;0.000721435;
7.33442e-06;0;0;0;0.000714183;
7.34442e-06;0;0;0;0.000707003;
7.35442e-06;0;0;0;0.000699895;
7.36442e-06;0;0;0;0.000692857;
7.37442e-06;0;0;0;0.00068589;
7.38442e-06;0;0;0;0.000678992;
7.39442e-06;0;0;0;0.000672162;
7.40442e-06;0;0;0;0.000665401;
7.41442e-06;0;0;0;0.000658707;
7.42442e-06;0;0;0;0.00065208;
7.43442e-06;0;0;0;0.000645519;
7.44442e-06;0;0;0;0.000639023;
7.45442e-06;0;0;0;0.000632591;
7.46442e-06;0;0;0;0.000626224;
7.47442e-06;0;0;0;0.00061992;
7.48442e-06;0;0;0;0.000613679;
7.49442e-06;0;0;0;0.000607501;
7.50442e-06;0;0;0;0.000601383;
7.51442e-06;0;0;0;0.000595327;
7.52442e-06;0;0;0;0.000589331;
7.53442e-06;0;0;0;0.000583394;
7.54442e-06;0;0;0;0.000577517;
7.55442e-06;0;0;0;0.000571698;
7.56442e-06;0;0;0;0.000565938;
7.57442e-06;0;0;0;0.000560234;
7.58442e-06;0;0;0;0.000554588;
7.59442e-06;0;0;0;0.000548997;
7.60442e-06;0;0;0;0.000543463;
7.61442e-06;0;0;0;0.000537983;
7.62442e-06;0;0;0;0.000532558;
7.63442e-06;0;0;0;0.000527187;
7.64442e-06;0;0;0;0.00052187;
7.65442e-06;0;0;0;0.000516605;
7.66442e-06;0;0;0;0.000511393;
7.67442e-06;0;0;0;0.000506233;
7.68442e-06;0;0;0;0.000501124;
7.69442e-06;0;0;0;0.000496066;
7.70442e-06;0;0;0;0.000491059;
7.71442e-06;0;0;0;0.000486101;
7.72442e-06;0;0;0;0.000481193;
7.73442e-06;0;0;0;0.000476333;
7.74442e-06;0;0;0;0.000471522;
7.75442e-06;0;0;0;0.000466759;
7.76442e-06;0;0;0;0.000462044;
7.77442e-06;0;0;0;0.000457375;
7.78442e-06;0;0;0;0.000452753;
7.79442e-06;0;0;0;0.000448177;
7.80442e-06;0;0;0;0.000443646;
7.81442e-06;0;0;0;0.000439161;
7.82442e-06;0;0;0;0.00043472;
7.83442e-06;0;0;0;0.000430324;
7.84442e-06;0;0;0;0.000425971;
7.85442e-06;0;0;0;0.000421661;
7.86442e-06;0;0;0;0.000417395;
7.87442e-06;0;0;0;0.000413171;
7.88442e-06;0;0;0;0.000408989;
7.89442e-06;0;0;0;0.000404849;
7.90442e-06;0;0;0;0.00040075;
7.91442e-06;0;0;0;0.000396692;
7.92442e-06;0;0;0;0.000392674;
7.93442e-06;0;0;0;0.000388696;
7.94442e-06;0;0;0;0.000384758;
7.95442e-06;0;0;0;0.000380859;
7.96442e-06;0;0;0;0.000376999;
7.97442e-06;0;0;0;0.000373177;
7.98442e-06;0;0;0;0.000369394;
7.99442e-06;0;0;0;0.000365648;
8.00442e-06;0;0;0;0.000361939;
8.01442e-06;0;0;0;0.000358268;
8.02442e-06;0;0;0;0.000354633;
8.03442e-06;0;0;0;0.000351034;
8.04442e-06;0;0;0;0.000347471;
8.05442e-06;0;0;0;0.000343944;
8.06442e-06;0;0;0;0.000340451;
8.07442e-06;0;0;0;0.000336994;
8.08442e-06;0;0;0;0.00033357;
8.09442e-06;0;0;0;0.000330181;
8.10442e-06;0;0;0;0.000326826;
8.11442e-06;0;0;0;0.000323504;
8.12442e-06;0;0;0;0.000320215;
8.13442e-06;0;0;0;0.000316959;
8.14442e-06;0;0;0;0.000313736;
8.15442e-06;0;0;0;0.000310544;
8.16442e-06;0;0;0;0.000307385;
8.17442e-06;0;0;0;0.000304257;
8.18442e-06;0;0;0;0.00030116;
8.19442e-06;0;0;0;0.000298093;
8.20442e-06;0;0;0;0.000295058;
8.21442e-06;0;0;0;0.000292052;
8.22442e-06;0;0;0;0.000289077;
8.23442e-06;0;0;0;0.000286131;
8.24442e-06;0;0;0;0.000283214;
8.25442e-06;0;0;0;0.000280327;
8.26442e-06;0;0;0;0.000277468;
8.27442e-06;0;0;0;0.000274638;
8.28442e-06;0;0;0;0.000271836;
8.29442e-06;0;0;0;0.000269062;
8.30442e-06;0;0;0;0.000266316;
8.31442e-06;0;0;0;0.000263597;
8.32442e-06;0;0;0;0.000260905;
8.33442e-06;0;0;0;0.000258239;
8.34442e-06;0;0;0;0.000255601;
8.35442e-06;0;0;0;0.000252988;
8.36442e-06;0;0;0;0.000250402;
8.37442e-06;0;0;0;0.000247841;
8.38442e-06;0;0;0;0.000245306;
8.39442e-06;0;0;0;0.000242797;
8.40442e-06;0;0;0;0.000240312;
8.41442e-06;0;0;0;0.000237852;
8.42442e-06;0;0;0;0.000235416;
8.43442e-06;0;0;0;0.000233005;
8.44442e-06;0;0;0;0.000230618;
8.45442e-06;0;0;0;0.000228254;
8.46442e-06;0;0;0;0.000225914;
8.47442e-06;0;0;0;0.000223598;
8.48442e-06;0;0;0;0.000221304;
8.49442e-06;0;0;0;0.000219033;
8.50442e-06;0;0;0;0.000216785;
8.51442e-06;0;0;0;0.00021456;
8.52442e-06;0;0;0;0.000212356;
8.53442e-06;0;0;0;0.000210175;
8.54442e-06;0;0;0;0.000208015;
8.55442e-06;0;0;0;0.000205877;
8.56442e-06;0;0;0;0.00020376;
8.57442e-06;0;0;0;0.000201664;
8.58442e-06;0;0;0;0.000199589;
8.59442e-06;0;0;0;0.000197534;
8.60442e-06;0;0;0;0.000195501;
8.61442e-06;0;0;0;0.000193487;
8.62442e-06;0;0;0;0.000191493;
8.63442e-06;0;0;0;0.00018952;
8.64442e-06;0;0;0;0.000187566;
8.65442e-06;0;0;0;0.000185631;
8.66442e-06;0;0;0;0.000183716;
8.67442e-06;0;0;0;0.00018182;
8.68442e-06;0;0;0;0.000179943;
8.69442e-06;0;0;0;0.000178084;
8.70442e-06;0;0;0;0.000176244;
8.71442e-06;0;0;0;0.000174422;
8.72442e-06;0;0;0;0.000172619;
8.73442e-06;0;0;0;0.000170833;
8.74442e-06;0;0;0;0.000169065;
8.75442e-06;0;0;0;0.000167315;
8.76442e-06;0;0;0;0.000165582;
8.77442e-06;0;0;0;0.000163867;
8.78442e-06;0;0;0;0.000162168;
8.79442e-06;0;0;0;0.000160487;
8.80442e-06;0;0;0;0.000158822;
8.81442e-06;0;0;0;0.000157174;
8.82442e-06;0;0;0;0.000155542;
8.83442e-06;0;0;0;0.000153927;
8.84442e-06;0;0;0;0.000152328;
8.85442e-06;0;0;0;0.000150744;
8.86442e-06;0;0;0;0.000149177;
8.87442e-06;0;0;0;0.000147625;
8.88442e-06;0;0;0;0.000146088;
8.89442e-06;0;0;0;0.000144567;
8.90442e-06;0;0;0;0.000143061;
8.91442e-06;0;0;0;0.00014157;
8.92442e-06;0;0;0;0.000140093;
8.93442e-06;0;0;0;0.000138632;
8.94442e-06;0;0;0;0.000137185;
8.95442e-06;0;0;0;0.000135753;
8.96442e-06;0;0;0;0.000134334;
8.97442e-06;0;0;0;0.00013293;
8.98442e-06;0;0;0;0.00013154;
8.99442e-06;0;0;0;0.000130164;
9.00442e-06;0;0;0;0.000128801;
9.01442e-06;0;0;0;0.000127452;
9.02442e-06;0;0;0;0.000126117;
9.03442e-06;0;0;0;0.000124795;
9.04442e-06;0;0;0;0.000123486;
9.05442e-06;0;0;0;0.00012219;
9.06442e-06;0;0;0;0.000120907;
9.07442e-06;0;0;0;0.000119636;
9.08442e-06;0;0;0;0.000118379;
9.09442e-06;0;0;0;0.000117134;
9.10442e-06;0;0;0;0.000115901;
9.11442e-06;0;0;0;0.000114681;
9.12442e-06;0;0;0;0.000113473;
9.13442e-06;0;0;0;0.000112276;
9.14442e-06;0;0;0;0.000111092;
9.15442e-06;0;0;0;0.00010992;
9.16442e-06;0;0;0;0.000108759;
9.17442e-06;0;0;0;0.00010761;
9.18442e-06;0;0;0;0.000106472;
9.19442e-06;0;0;0;0.000105346;
9.20442e-06;0;0;0;0.000104231;
9.21442e-06;0;0;0;0.000103126;
9.22442e-06;0;0;0;0.000102033;
9.23442e-06;0;0;0;0.000100951;
9.24442e-06;0;0;0;9.988e-05;
9.25442e-06;0;0;0;9.88193e-05;
9.26442e-06;0;0;0;9.77692e-05;
9.27442e-06;0;0;0;9.67296e-05;
9.28442e-06;0;0;0;9.57004e-05;
9.29442e-06;0;0;0;9.46814e-05;
9.30442e-06;0;0;0;9.36725e-05;
9.31442e-06;0;0;0;9.26738e-05;
9.32442e-06;0;0;0;9.16849e-05;
9.33442e-06;0;0;0;9.0706e-05;
9.34442e-06;0;0;0;8.97368e-05;
9.35442e-06;0;0;0;8.87772e-05;
9.36442e-06;0;0;0;8.78273e-05;
9.37442e-06;0;0;0;8.68868e-05;
9.38442e-06;0;0;0;8.59557e-05;
9.39442e-06;0;0;0;8.50338e-05;
9.40442e-06;0;0;0;8.41212e-05;
9.41442e-06;0;0;0;8.32176e-05;
9.42442e-06;0;0;0;8.23231e-05;
9.43442e-06;0;0;0;8.14375e-05;
9.44442e-06;0;0;0;8.05607e-05;
9.45442e-06;0;0;0;7.96927e-05;
9.46442e-06;0;0;0;7.88333e-05;
9.47442e-06;0;0;0;7.79825e-05;
9.48442e-06;0;0;0;7.71402e-05;
9.49442e-06;0;0;0;7.63062e-05;
9.50442e-06;0;0;0;7.54806e-05;
9.51442e-06;0;0;0;7.46632e-05;
9.52442e-06;0;0;0;7.3854e-05;
9.53442e-06;0;0;0;7.30529e-05;
9.54442e-06;0;0;0;7.22597e-05;
9.55442e-06;0;0;0;7.14744e-05;
9.56442e-06;0;0;0;7.0697e-05;
9.57442e-06;0;0;0;6.99273e-05;
9.58442e-06;0;0;0;6.91653e-05;
9.59442e-06;0;0;0;6.8411e-05;
9.60442e-06;0;0;0;6.76641e-05;
9.61442e-06;0;0;0;6.69247e-05;
9.62442e-06;0;0;0;6.61926e-05;
9.63442e-06;0;0;0;6.54679e-05;
9.64442e-06;0;0;0;6.47504e-05;
9.65442e-06;0;0;0;6.404e-05;
9.66442e-06;0;0;0;6.33367e-05;
9.67442e-06;0;0;0;6.26405e-05;
9.68442e-06;0;0;0;6.19512e-05;
9.69442e-06;0;0;0;6.12688e-05;
9.70442e-06;0;0;0;6.05931e-05;
9.71442e-06;0;0;0;5.99243e-05;
9.72442e-06;0;0;0;5.9262e-05;
9.73442e-06;0;0;0;5.86064e-05;
9.74442e-06;0;0;0;5.79574e-05;
9.75442e-06;0;0;0;5.73148e-05;
9.76442e-06;0;0;0;5.66786e-05;
9.77442e-06;0;0;0;5.60488e-05;
9.78442e-06;0;0;0;5.54252e-05;
9.79442e-06;0;0;0;5.48079e-05;
9.80442e-06;0;0;0;5.41968e-05;
9.81442e-06;0;0;0;5.35917e-05;
9.82442e-06;0;0;0;5.29927e-05;
9.83442e-06;0;0;0;5.23996e-05;
9.84442e-06;0;0;0;5.18125e-05;
9.85442e-06;0;0;0;5.12312e-05;
9.86442e-06;0;0;0;5.06558e-05;
9.87442e-06;0;0;0;5.0086e-05;
9.88442e-06;0;0;0;4.9522e-05;
9.89442e-06;0;0;0;4.89636e-05;
9.90442e-06;0;0;0;4.84107e-05;
9.91442e-06;0;0;0;4.78634e-05;
9.92442e-06;0;0;0;4.73215e-05;
9.93442e-06;0;0;0;4.67851e-05;
9.94442e-06;0;0;0;4.6254e-05;
9.95442e-06;0;0;0;4.57282e-05;
9.96442e-06;0;0;0;4.52077e-05;
9.97442e-06;0;0;0;4.46923e-05;
9.98442e-06;0;0;0;4.41821e-05;
9.99442e-06;0;0;0;4.3677e-05;
1.00044e-05;0;0;0;4.31769e-05;
1.00144e-05;0;0;0;4.26818e-05;
1.00244e-05;0;0;0;4.21917e-05;
1.00344e-05;0;0;0;4.17065e-05;
1.00444e-05;0;0;0;4.12261e-05;
1.00544e-05;0;0;0;4.07505e-05;
1.00644e-05;0;0;0;4.02796e-05;
1.00744e-05;0;0;0;3.98134e-05;
1.00844e-05;0;0;0;3.93519e-05;
1.00944e-05;0;0;0;3.88951e-05;
1.01044e-05;0;0;0;3.84427e-05;
1.01144e-05;0;0;0;3.79949e-05;
1.01244e-05;0;0;0;3.75516e-05;
1.01344e-05;0;0;0;3.71127e-05;
1.01444e-05;0;0;0;3.66781e-05;
1.01544e-05;0;0;0;3.62479e-05;
1.01644e-05;0;0;0;3.58221e-05;
1.01744e-05;0;0;0;3.54004e-05;
1.01844e-05;0;0;0;3.4983e-05;
1.01944e-05;0;0;0;3.45697e-05;
1.02044e-05;0;0;0;3.41606e-05;
1.02144e-05;0;0;0;3.37555e-05;
1.02244e-05;0;0;0;3.33545e-05;
1.02344e-05;0;0;0;3.29576e-05;
1.02444e-05;0;0;0;3.25645e-05;
1.02544e-05;0;0;0;3.21754e-05;
1.02644e-05;0;0;0;3.17902e-05;
1.02744e-05;0;0;0;3.14088e-05;
1.02844e-05;0;0;0;3.10313e-05;
1.02944e-05;0;0;0;3.06575e-05;
1.03044e-05;0;0;0;3.02875e-05;
1.03144e-05;0;0;0;2.99211e-05;
1.03244e-05;0;0;0;2.95584e-05;
1.03344e-05;0;0;0;2.91994e-05;
1.03444e-05;0;0;0;2.88439e-05;
1.03544e-05;0;0;0;2.8492e-05;
1.03644e-05;0;0;0;2.81435e-05;
1.03744e-05;0;0;0;2.77986e-05;
1.03844e-05;0;0;0;2.74571e-05;
1.03944e-05;0;0;0;2.71191e-05;
1.04044e-05;0;0;0;2.67844e-05;
1.04144e-05;0;0;0;2.6453e-05;
1.04244e-05;0;0;0;2.6125e-05;
1.04344e-05;0;0;0;2.58003e-05;
1.04444e-05;0;0;0;2.54788e-05;
1.04544e-05;0;0;0;2.51605e-05;
1.04644e-05;0;0;0;2.48454e-05;
1.04744e-05;0;0;0;2.45334e-05;
1.04844e-05;0;0;0;2.42246e-05;
1.04944e-05;0;0;0;2.39188e-05;
1.05044e-05;0;0;0;2.36161e-05;
1.05144e-05;0;0;0;2.33165e-05;
1.05244e-05;0;0;0;2.30198e-05;
1.05344e-05;0;0;0;2.27261e-05;
1.05444e-05;0;0;0;2.24353e-05;
1.05544e-05;0;0;0;2.21475e-05;
1.05644e-05;0;0;0;2.18625e-05;
1.05744e-05;0;0;0;2.15803e-05;
1.05844e-05;0;0;0;2.1301e-05;
1.05944e-05;0;0;0;2.10245e-05;
1.06044e-05;0;0;0;2.07508e-05;
1.06144e-05;0;0;0;2.04798e-05;
1.06244e-05;0;0;0;2.02115e-05;
1.06344e-05;0;0;0;1.99459e-05;
1.06444e-05;0;0;0;1.96829e-05;
1.06544e-05;0;0;0;1.94226e-05;
1.06644e-05;0;0;0;1.91649e-05;
1.06744e-05;0;0;0;1.89097e-05;
1.06844e-05;0;0;0;1.86571e-05;
1.06944e-05;0;0;0;1.84071e-05;
1.07044e-05;0;0;0;1.81595e-05;
1.07144e-05;0;0;0;1.79145e-05;
1.07244e-05;0;0;0;1.76718e-05;
1.07344e-05;0;0;0;1.74316e-05;
1.07444e-05;0;0;0;1.71938e-05;
1.07544e-05;0;0;0;1.69584e-05;
1.07644e-05;0;0;0;1.67254e-05;
1.07744e-05;0;0;0;1.64946e-05;
1.07844e-05;0;0;0;1.62662e-05;
1.07944e-05;0;0;0;1.60401e-05;
1.08044e-05;0;0;0;1.58163e-05;
1.08144e-05;0;0;0;1.55946e-05;
1.08244e-05;0;0;0;1.53752e-05;
1.08344e-05;0;0;0;1.5158e-05;
1.08444e-05;0;0;0;1.4943e-05;
1.08544e-05;0;0;0;1.47301e-05;
1.08644e-05;0;0;0;1.45194e-05;
1.08744e-05;0;0;0;1.43108e-05;
1.08844e-05;0;0;0;1.41042e-05;
1.08944e-05;0;0;0;1.38998e-05;
1.09044e-05;0;0;0;1.36973e-05;
1.09144e-05;0;0;0;1.34969e-05;
1.09244e-05;0;0;0;1.32986e-05;
1.09344e-05;0;0;0;1.31022e-05;
1.09444e-05;0;0;0;1.29077e-05;
1.09544e-05;0;0;0;1.27153e-05;
1.09644e-05;0;0;0;1.25247e-05;
1.09744e-05;0;0;0;1.23361e-05;
1.09844e-05;0;0;0;1.21493e-05;
1.09944e-05;0;0;0;1.19644e-05;
1.10044e-05;0;0;0;1.17814e-05;
1.10144e-05;0;0;0;1.16002e-05;
1.10244e-05;0;0;0;1.14209e-05;
1.10344e-05;0;0;0;1.12433e-05;
1.10444e-05;0;0;0;1.10675e-05;
1.10544e-05;0;0;0;1.08935e-05;
1.10644e-05;0;0;0;1.07212e-05;
1.10744e-05;0;0;0;1.05506e-05;
1.10844e-05;0;0;0;1.03818e-05;
1.10944e-05;0;0;0;1.02146e-05;
1.11044e-05;0;0;0;1.00492e-05;
1.11144e-05;0;0;0;9.88535e-06;
1.11244e-05;0;0;0;9.72319e-06;
1.11344e-05;0;0;0;9.56265e-06;
1.11444e-05;0;0;0;9.40372e-06;
1.11544e-05;0;0;0;9.24638e-06;
1.11644e-05;0;0;0;9.09063e-06;
1.11744e-05;0;0;0;8.93643e-06;
1.11844e-05;0;0;0;8.78379e-06;
1.11944e-05;0;0;0;8.63268e-06;
1.12044e-05;0;0;0;8.48308e-06;
1.12144e-05;0;0;0;8.33499e-06;
1.12244e-05;0;0;0;8.18839e-06;
1.12344e-05;0;0;0;8.04326e-06;
1.12444e-05;0;0;0;7.89958e-06;
1.12544e-05;0;0;0;7.75735e-06;
1.12644e-05;0;0;0;7.61655e-06;
1.12744e-05;0;0;0;7.47716e-06;
1.12844e-05;0;0;0;7.33918e-06;
1.12944e-05;0;0;0;7.20258e-06;
1.13044e-05;0;0;0;7.06735e-06;
1.13144e-05;0;0;0;6.93348e-06;
1.13244e-05;0;0;0;6.80096e-06;
1.13344e-05;0;0;0;6.66977e-06;
1.13444e-05;0;0;0;6.5399e-06;
1.13544e-05;0;0;0;6.41133e-06;
1.13644e-05;0;0;0;6.28406e-06;
1.13744e-05;0;0;0;6.15806e-06;
1.13844e-05;0;0;0;6.03334e-06;
1.13944e-05;0;0;0;5.90987e-06;
1.14044e-05;0;0;0;5.78764e-06;
1.14144e-05;0;0;0;5.66664e-06;
1.14244e-05;0;0;0;5.54686e-06;
1.14344e-05;0;0;0;5.42828e-06;
1.14444e-05;0;0;0;5.3109e-06;
1.14544e-05;0;0;0;5.19469e-06;
1.14644e-05;0;0;0;5.07966e-06;
1.14744e-05;0;0;0;4.96579e-06;
1.14844e-05;0;0;0;4.85306e-06;
1.14944e-05;0;0;0;4.74147e-06;
1.15044e-05;0;0;0;4.631e-06;
1.15144e-05;0;0;0;4.52164e-06;
1.15244e-05;0;0;0;4.41339e-06;
1.15344e-05;0;0;0;4.30622e-06;
1.15444e-05;0;0;0;4.20014e-06;
1.15544e-05;0;0;0;4.09512e-06;
1.15644e-05;0;0;0;3.99117e-06;
1.15744e-05;0;0;0;3.88826e-06;
1.15844e-05;0;0;0;3.78638e-06;
1.15944e-05;0;0;0;3.68554e-06;
1.16044e-05;0;0;0;3.58571e-06;
1.16144e-05;0;0;0;3.48689e-06;
1.16244e-05;0;0;0;3.38906e-06;
1.16344e-05;0;0;0;3.29222e-06;
1.16444e-05;0;0;0;3.19636e-06;
1.16544e-05;0;0;0;3.10147e-06;
1.16644e-05;0;0;0;3.00753e-06;
1.16744e-05;0;0;0;2.91454e-06;
1.16844e-05;0;0;0;2.82249e-06;
1.16944e-05;0;0;0;2.73137e-06;
1.17044e-05;0;0;0;2.64117e-06;
1.17144e-05;0;0;0;2.55188e-06;
1.17244e-05;0;0;0;2.46349e-06;
1.17344e-05;0;0;0;2.37599e-06;
1.17444e-05;0;0;0;2.28938e-06;
1.17544e-05;0;0;0;2.20364e-06;
1.17644e-05;0;0;0;2.11877e-06;
1.17744e-05;0;0;0;2.03475e-06;
1.17844e-05;0;0;0;1.95159e-06;
1.17944e-05;0;0;0;1.86926e-06;
1.18044e-05;0;0;0;1.78777e-06;
1.18144e-05;0;0;0;1.7071e-06;
1.18244e-05;0;0;0;1.62725e-06;
1.18344e-05;0;0;0;1.54821e-06;
1.18444e-05;0;0;0;1.46996e-06;
1.18544e-05;0;0;0;1.39251e-06;
1.18644e-05;0;0;0;1.31584e-06;
1.18744e-05;0;0;0;1.23994e-06;
1.18844e-05;0;0;0;1.16482e-06;
1.18944e-05;0;0;0;1.09045e-06;
1.19044e-05;0;0;0;1.01684e-06;
1.19144e-05;0;0;0;9.43975e-07;
1.19244e-05;0;0;0;8.71846e-07;
1.19344e-05;0;0;0;8.00449e-07;
1.19444e-05;0;0;0;7.29775e-07;
1.19544e-05;0;0;0;6.59817e-07;
1.19644e-05;0;0;0;5.90568e-07;
1.19744e-05;0;0;0;5.22021e-07;
1.19844e-05;0;0;0;4.54169e-07;
1.19944e-05;0;0;0;3.87006e-07;
1.20044e-05;0;0;0;3.20523e-07;
1.20144e-05;0;0;0;2.54715e-07;
1.20244e-05;0;0;0;1.89575e-07;
1.20344e-05;0;0;0;1.25096e-07;
1.20444e-05;0;0;0;6.12718e-08;
1.20544e-05;0;0;0;-1.90464e-09;
1.20644e-05;0;0;0;-6.44395e-08;
1.20744e-05;0;0;0;-1.26339e-07;
1.20844e-05;0;0;0;-1.8761e-07;
1.20944e-05;0;0;0;-2.48258e-07;
1.21044e-05;0;0;0;-3.0829e-07;
1.21144e-05;0;0;0;-3.67712e-07;
1.21244e-05;0;0;0;-4.2653e-07;
1.21344e-05;0;0;0;-4.84749e-07;
1.21444e-05;0;0;0;-5.42376e-07;
1.21544e-05;0;0;0;-5.99417e-07;
1.21644e-05;0;0;0;-6.55878e-07;
1.21744e-05;0;0;0;-7.11764e-07;
1.21844e-05;0;0;0;-7.67081e-07;
1.21944e-05;0;0;0;-8.21834e-07;
1.22044e-05;0;0;0;-8.7603e-07;
1.22144e-05;0;0;0;-9.29674e-07;
1.22244e-05;0;0;0;-9.82771e-07;
1.22344e-05;0;0;0;-1.03533e-06;
1.22444e-05;0;0;0;-1.08735e-06;
1.22544e-05;0;0;0;-1.13884e-06;
1.22644e-05;0;0;0;-1.1898e-06;
1.22744e-05;0;0;0;-1.24025e-06;
1.22844e-05;0;0;0;-1.29018e-06;
1.22944e-05;0;0;0;-1.3396e-06;
1.23044e-05;0;0;0;-1.38851e-06;
1.23144e-05;0;0;0;-1.43693e-06;
1.23244e-05;0;0;0;-1.48485e-06;
1.23344e-05;0;0;0;-1.53229e-06;
1.23444e-05;0;0;0;-1.57923e-06;
1.23544e-05;0;0;0;-1.6257e-06;
1.23644e-05;0;0;0;-1.67169e-06;
1.23744e-05;0;0;0;-1.71722e-06;
1.23844e-05;0;0;0;-1.76227e-06;
1.23944e-05;0;0;0;-1.80687e-06;
1.24044e-05;0;0;0;-1.85101e-06;
1.24144e-05;0;0;0;-1.89469e-06;
1.24244e-05;0;0;0;-1.93793e-06;
1.24344e-05;0;0;0;-1.98073e-06;
1.24444e-05;0;0;0;-2.02309e-06;
1.24544e-05;0;0;0;-2.06501e-06;
1.24644e-05;0;0;0;-2.10651e-06;
1.24744e-05;0;0;0;-2.14758e-06;
1.24844e-05;0;0;0;-2.18822e-06;
1.24944e-05;0;0;0;-2.22845e-06;
1.25044e-05;0;0;0;-2.26827e-06;
1.25144e-05;0;0;0;-2.30768e-06;
1.25244e-05;0;0;0;-2.34668e-06;
1.25344e-05;0;0;0;-2.38528e-06;
1.25444e-05;0;0;0;-2.42349e-06;
1.25544e-05;0;0;0;-2.4613e-06;
1.25644e-05;0;0;0;-2.49873e-06;
1.25744e-05;0;0;0;-2.53577e-06;
1.25844e-05;0;0;0;-2.57243e-06;
1.25944e-05;0;0;0;-2.60871e-06;
1.26044e-05;0;0;0;-2.64461e-06;
1.26144e-05;0;0;0;-2.68015e-06;
1.26244e-05;0;0;0;-2.71532e-06;
1.26344e-05;0;0;0;-2.75013e-06;
1.26444e-05;0;0;0;-2.78458e-06;
1.26544e-05;0;0;0;-2.81867e-06;
1.26644e-05;0;0;0;-2.85242e-06;
1.26744e-05;0;0;0;-2.88581e-06;
1.26844e-05;0;0;0;-2.91886e-06;
1.26944e-05;0;0;0;-2.95157e-06;
1.27044e-05;0;0;0;-2.98394e-06;
1.27144e-05;0;0;0;-3.01597e-06;
1.27244e-05;0;0;0;-3.04768e-06;
1.27344e-05;0;0;0;-3.07905e-06;
1.27444e-05;0;0;0;-3.1101e-06;
1.27544e-05;0;0;0;-3.14083e-06;
1.27644e-05;0;0;0;-3.17124e-06;
1.27744e-05;0;0;0;-3.20134e-06;
1.27844e-05;0;0;0;-3.23112e-06;
1.27944e-05;0;0;0;-3.2606e-06;
1.28044e-05;0;0;0;-3.28977e-06;
1.28144e-05;0;0;0;-3.31863e-06;
1.28244e-05;0;0;0;-3.3472e-06;
1.28344e-05;0;0;0;-3.37547e-06;
1.28444e-05;0;0;0;-3.40345e-06;
1.28544e-05;0;0;0;-3.43113e-06;
1.28644e-05;0;0;0;-3.45853e-06;
1.28744e-05;0;0;0;-3.48564e-06;
1.28844e-05;0;0;0;-3.51247e-06;
1.28944e-05;0;0;0;-3.53902e-06;
1.29044e-05;0;0;0;-3.56529e-06;
1.29144e-05;0;0;0;-3.59129e-06;
1.29244e-05;0;0;0;-3.61702e-06;
1.29344e-05;0;0;0;-3.64248e-06;
1.29444e-05;0;0;0;-3.66768e-06;
1.29544e-05;0;0;0;-3.69261e-06;
1.29644e-05;0;0;0;-3.71728e-06;
1.29744e-05;0;0;0;-3.74169e-06;
1.29844e-05;0;0;0;-3.76585e-06;
1.29944e-05;0;0;0;-3.78975e-06;
1.30044e-05;0;0;0;-3.81341e-06;
1.30144e-05;0;0;0;-3.83682e-06;
1.30244e-05;0;0;0;-3.85998e-06;
1.30344e-05;0;0;0;-3.88289e-06;
1.30444e-05;0;0;0;-3.90557e-06;
1.30544e-05;0;0;0;-3.92801e-06;
1.30644e-05;0;0;0;-3.95022e-06;
1.30744e-05;0;0;0;-3.97219e-06;
1.30844e-05;0;0;0;-3.99393e-06;
1.30944e-05;0;0;0;-4.01544e-06;
1.31044e-05;0;0;0;-4.03672e-06;
1.31144e-05;0;0;0;-4.05778e-06;
1.31244e-05;0;0;0;-4.07862e-06;
1.31344e-05;0;0;0;-4.09924e-06;
1.31444e-05;0;0;0;-4.11964e-06;
1.31544e-05;0;0;0;-4.13983e-06;
1.31644e-05;0;0;0;-4.1598e-06;
1.31744e-05;0;0;0;-4.17956e-06;
1.31844e-05;0;0;0;-4.19911e-06;
1.31944e-05;0;0;0;-4.21846e-06;
1.32044e-05;0;0;0;-4.2376e-06;
1.32144e-05;0;0;0;-4.25654e-06;
1.32244e-05;0;0;0;-4.27527e-06;
1.32344e-05;0;0;0;-4.29381e-06;
1.32444e-05;0;0;0;-4.31215e-06;
1.32544e-05;0;0;0;-4.3303e-06;
1.32644e-05;0;0;0;-4.34825e-06;
1.32744e-05;0;0;0;-4.36602e-06;
1.32844e-05;0;0;0;-4.38359e-06;
1.32944e-05;0;0;0;-4.40098e-06;
1.33044e-05;0;0;0;-4.41818e-06;
1.33144e-05;0;0;0;-4.4352e-06;
1.33244e-05;0;0;0;-4.45203e-06;
1.33344e-05;0;0;0;-4.46869e-06;
1.33444e-05;0;0;0;-4.48517e-06;
1.33544e-05;0;0;0;-4.50147e-06;
1.33644e-05;0;0;0;-4.51759e-06;
1.33744e-05;0;0;0;-4.53355e-06;
1.33844e-05;0;0;0;-4.54933e-06;
1.33944e-05;0;0;0;-4.56495e-06;
1.34044e-05;0;0;0;-4.58039e-06;
1.34144e-05;0;0;0;-4.59567e-06;
1.34244e-05;0;0;0;-4.61079e-06;
1.34344e-05;0;0;0;-4.62574e-06;
1.34444e-05;0;0;0;-4.64054e-06;
1.34544e-05;0;0;0;-4.65517e-06;
1.34644e-05;0;0;0;-4.66964e-06;
1.34744e-05;0;0;0;-4.68396e-06;
1.34844e-05;0;0;0;-4.69813e-06;
1.34944e-05;0;0;0;-4.71214e-06;
1.35044e-05;0;0;0;-4.726e-06;
1.35144e-05;0;0;0;-4.73971e-06;
1.35244e-05;0;0;0;-4.75327e-06;
1.35344e-05;0;0;0;-4.76668e-06;
1.35444e-05;0;0;0;-4.77995e-06;
1.35544e-05;0;0;0;-4.79307e-06;
1.35644e-05;0;0;0;-4.80605e-06;
1.35744e-05;0;0;0;-4.81889e-06;
1.35844e-05;0;0;0;-4.83159e-06;
1.35944e-05;0;0;0;-4.84415e-06;
1.36044e-05;0;0;0;-4.85657e-06;
1.36144e-05;0;0;0;-4.86886e-06;
1.36244e-05;0;0;0;-4.88101e-06;
1.36344e-05;0;0;0;-4.89303e-06;
1.36444e-05;0;0;0;-4.90492e-06;
1.36544e-05;0;0;0;-4.91668e-06;
1.36644e-05;0;0;0;-4.92831e-06;
1.36744e-05;0;0;0;-4.93981e-06;
1.36844e-05;0;0;0;-4.95118e-06;
1.36944e-05;0;0;0;-4.96243e-06;
1.37044e-05;0;0;0;-4.97355e-06;
1.37144e-05;0;0;0;-4.98456e-06;
1.37244e-05;0;0;0;-4.99544e-06;
1.37344e-05;0;0;0;-5.0062e-06;
1.37444e-05;0;0;0;-5.01684e-06;
1.37544e-05;0;0;0;-5.02736e-06;
1.37644e-05;0;0;0;-5.03776e-06;
1.37744e-05;0;0;0;-5.04805e-06;
1.37844e-05;0;0;0;-5.05823e-06;
1.37944e-05;0;0;0;-5.06829e-06;
1.38044e-05;0;0;0;-5.07824e-06;
1.38144e-05;0;0;0;-5.08808e-06;
1.38244e-05;0;0;0;-5.09781e-06;
1.38344e-05;0;0;0;-5.10742e-06;
1.38444e-05;0;0;0;-5.11694e-06;
1.38544e-05;0;0;0;-5.12634e-06;
1.38644e-05;0;0;0;-5.13564e-06;
1.38744e-05;0;0;0;-5.14483e-06;
1.38844e-05;0;0;0;-5.15392e-06;
1.38944e-05;0;0;0;-5.16291e-06;
1.39044e-05;0;0;0;-5.1718e-06;
1.39144e-05;0;0;0;-5.18058e-06;
1.39244e-05;0;0;0;-5.18927e-06;
1.39344e-05;0;0;0;-5.19786e-06;
1.39444e-05;0;0;0;-5.20635e-06;
1.39544e-05;0;0;0;-5.21474e-06;
1.39644e-05;0;0;0;-5.22304e-06;
1.39744e-05;0;0;0;-5.23124e-06;
1.39844e-05;0;0;0;-5.23935e-06;
1.39944e-05;0;0;0;-5.24737e-06;
1.40044e-05;0;0;0;-5.2553e-06;
1.40144e-05;0;0;0;-5.26313e-06;
1.40244e-05;0;0;0;-5.27087e-06;
1.40344e-05;0;0;0;-5.27853e-06;
1.40444e-05;0;0;0;-5.2861e-06;
1.40544e-05;0;0;0;-5.29357e-06;
1.40644e-05;0;0;0;-5.30097e-06;
1.40744e-05;0;0;0;-5.30827e-06;
1.40844e-05;0;0;0;-5.3155e-06;
1.40944e-05;0;0;0;-5.32264e-06;
1.41044e-05;0;0;0;-5.32969e-06;
1.41144e-05;0;0;0;-5.33666e-06;
1.41244e-05;0;0;0;-5.34356e-06;
1.41344e-05;0;0;0;-5.35037e-06;
1.41444e-05;0;0;0;-5.3571e-06;
1.41544e-05;0;0;0;-5.36375e-06;
1.41644e-05;0;0;0;-5.37032e-06;
1.41744e-05;0;0;0;-5.37682e-06;
1.41844e-05;0;0;0;-5.38324e-06;
1.41944e-05;0;0;0;-5.38958e-06;
1.42044e-05;0;0;0;-5.39585e-06;
1.42144e-05;0;0;0;-5.40205e-06;
1.42244e-05;0;0;0;-5.40817e-06;
1.42344e-05;0;0;0;-5.41421e-06;
1.42444e-05;0;0;0;-5.42019e-06;
1.42544e-05;0;0;0;-5.42609e-06;
1.42644e-05;0;0;0;-5.43193e-06;
1.42744e-05;0;0;0;-5.43769e-06;
1.42844e-05;0;0;0;-5.44338e-06;
1.42944e-05;0;0;0;-5.44901e-06;
1.43044e-05;0;0;0;-5.45457e-06;
1.43144e-05;0;0;0;-5.46006e-06;
1.43244e-05;0;0;0;-5.46548e-06;
1.43344e-05;0;0;0;-5.47084e-06;
1.43444e-05;0;0;0;-5.47613e-06;
1.43544e-05;0;0;0;-5.48136e-06;
1.43644e-05;0;0;0;-5.48652e-06;
1.43744e-05;0;0;0;-5.49162e-06;
1.43844e-05;0;0;0;-5.49666e-06;
1.43944e-05;0;0;0;-5.50163e-06;
1.44044e-05;0;0;0;-5.50655e-06;
1.44144e-05;0;0;0;-5.5114e-06;
1.44244e-05;0;0;0;-5.51619e-06;
1.44344e-05;0;0;0;-5.52092e-06;
1.44444e-05;0;0;0;-5.5256e-06;
1.44544e-05;0;0;0;-5.53021e-06;
1.44644e-05;0;0;0;-5.53477e-06;
1.44744e-05;0;0;0;-5.53927e-06;
1.44844e-05;0;0;0;-5.54372e-06;
1.44944e-05;0;0;0;-5.5481e-06;
1.45044e-05;0;0;0;-5.55243e-06;
1.45144e-05;0;0;0;-5.55671e-06;
1.45244e-05;0;0;0;-5.56093e-06;
1.45344e-05;0;0;0;-5.5651e-06;
1.45444e-05;0;0;0;-5.56922e-06;
1.45544e-05;0;0;0;-5.57328e-06;
1.45644e-05;0;0;0;-5.57729e-06;
1.45744e-05;0;0;0;-5.58125e-06;
1.45844e-05;0;0;0;-5.58515e-06;
1.45944e-05;0;0;0;-5.58901e-06;
1.46044e-05;0;0;0;-5.59281e-06;
1.46144e-05;0;0;0;-5.59657e-06;
1.46244e-05;0;0;0;-5.60027e-06;
1.46344e-05;0;0;0;-5.60393e-06;
1.46444e-05;0;0;0;-5.60754e-06;
1.46544e-05;0;0;0;-5.6111e-06;
1.46644e-05;0;0;0;-5.61462e-06;
1.46744e-05;0;0;0;-5.61808e-06;
1.46844e-05;0;0;0;-5.6215e-06;
1.46944e-05;0;0;0;-5.62488e-06;
1.47044e-05;0;0;0;-5.62821e-06;
1.47144e-05;0;0;0;-5.63149e-06;
1.47244e-05;0;0;0;-5.63473e-06;
1.47344e-05;0;0;0;-5.63793e-06;
1.47444e-05;0;0;0;-5.64108e-06;
1.47544e-05;0;0;0;-5.64419e-06;
1.47644e-05;0;0;0;-5.64725e-06;
1.47744e-05;0;0;0;-5.65028e-06;
1.47844e-05;0;0;0;-5.65326e-06;
1.47944e-05;0;0;0;-5.6562e-06;
1.48044e-05;0;0;0;-5.6591e-06;
1.48144e-05;0;0;0;-5.66196e-06;
1.48244e-05;0;0;0;-5.66477e-06;
1.48344e-05;0;0;0;-5.66755e-06;
1.48444e-05;0;0;0;-5.67029e-06;
1.48544e-05;0;0;0;-5.67299e-06;
1.48644e-05;0;0;0;-5.67565e-06;
1.48744e-05;0;0;0;-5.67827e-06;
1.48844e-05;0;0;0;-5.68086e-06;
1.48944e-05;0;0;0;-5.6834e-06;
1.49044e-05;0;0;0;-5.68591e-06;
1.49144e-05;0;0;0;-5.68839e-06;
1.49244e-05;0;0;0;-5.69082e-06;
1.49344e-05;0;0;0;-5.69322e-06;
1.49444e-05;0;0;0;-5.69559e-06;
1.49544e-05;0;0;0;-5.69792e-06;
1.49644e-05;0;0;0;-5.70021e-06;
1.49744e-05;0;0;0;-5.70247e-06;
1.49844e-05;0;0;0;-5.7047e-06;
1.49944e-05;0;0;0;-5.70689e-06;
1.50044e-05;0;0;0;-5.70905e-06;
1.50144e-05;0;0;0;-5.71117e-06;
1.50244e-05;0;0;0;-5.71326e-06;
1.50344e-05;0;0;0;-5.71532e-06;
1.50444e-05;0;0;0;-5.71735e-06;
1.50544e-05;0;0;0;-5.71934e-06;
1.50644e-05;0;0;0;-5.7213e-06;
1.50744e-05;0;0;0;-5.72324e-06;
1.50844e-05;0;0;0;-5.72514e-06;
1.50944e-05;0;0;0;-5.72701e-06;
1.51044e-05;0;0;0;-5.72885e-06;
1.51144e-05;0;0;0;-5.73066e-06;
1.51244e-05;0;0;0;-5.73244e-06;
1.51344e-05;0;0;0;-5.73419e-06;
1.51444e-05;0;0;0;-5.73591e-06;
1.51544e-05;0;0;0;-5.7376e-06;
1.51644e-05;0;0;0;-5.73926e-06;
1.51744e-05;0;0;0;-5.7409e-06;
1.51844e-05;0;0;0;-5.7425e-06;
1.51944e-05;0;0;0;-5.74408e-06;
1.52044e-05;0;0;0;-5.74563e-06;
1.52144e-05;0;0;0;-5.74716e-06;
1.52244e-05;0;0;0;-5.74866e-06;
1.52344e-05;0;0;0;-5.75013e-06;
1.52444e-05;0;0;0;-5.75157e-06;
1.52544e-05;0;0;0;-5.75299e-06;
1.52644e-05;0;0;0;-5.75438e-06;
1.52744e-05;0;0;0;-5.75575e-06;
1.52844e-05;0;0;0;-5.75709e-06;
1.52944e-05;0;0;0;-5.75841e-06;
1.53044e-05;0;0;0;-5.7597e-06;
1.53144e-05;0;0;0;-5.76097e-06;
1.53244e-05;0;0;0;-5.76221e-06;
1.53344e-05;0;0;0;-5.76343e-06;
1.53444e-05;0;0;0;-5.76462e-06;
1.53544e-05;0;0;0;-5.7658e-06;
1.53644e-05;0;0;0;-5.76694e-06;
1.53744e-05;0;0;0;-5.76807e-06;
1.53844e-05;0;0;0;-5.76917e-06;
1.53944e-05;0;0;0;-5.77025e-06;
1.54044e-05;0;0;0;-5.77131e-06;
1.54144e-05;0;0;0;-5.77234e-06;
1.54244e-05;0;0;0;-5.77335e-06;
1.54344e-05;0;0;0;-5.77434e-06;
1.54444e-05;0;0;0;-5.77531e-06;
1.54544e-05;0;0;0;-5.77626e-06;
1.54644e-05;0;0;0;-5.77719e-06;
1.54744e-05;0;0;0;-5.77809e-06;
1.54844e-05;0;0;0;-5.77898e-06;
1.54944e-05;0;0;0;-5.77984e-06;
1.55044e-05;0;0;0;-5.78069e-06;
1.55144e-05;0;0;0;-5.78151e-06;
1.55244e-05;0;0;0;-5.78231e-06;
1.55344e-05;0;0;0;-5.7831e-06;
1.55444e-05;0;0;0;-5.78386e-06;
1.55544e-05;0;0;0;-5.78461e-06;
1.55644e-05;0;0;0;-5.78534e-06;
1.55744e-05;0;0;0;-5.78604e-06;
1.55844e-05;0;0;0;-5.78673e-06;
1.55944e-05;0;0;0;-5.7874e-06;
1.56044e-05;0;0;0;-5.78806e-06;
1.56144e-05;0;0;0;-5.78869e-06;
1.56244e-05;0;0;0;-5.78931e-06;
1.56344e-05;0;0;0;-5.7899e-06;
1.56444e-05;0;0;0;-5.79049e-06;
1.56544e-05;0;0;0;-5.79105e-06;
1.56644e-05;0;0;0;-5.79159e-06;
1.56744e-05;0;0;0;-5.79212e-06;
1.56844e-05;0;0;0;-5.79264e-06;
1.56944e-05;0;0;0;-5.79313e-06;
1.57044e-05;0;0;0;-5.79361e-06;
1.57144e-05;0;0;0;-5.79407e-06;
1.57244e-05;0;0;0;-5.79452e-06;
1.57344e-05;0;0;0;-5.79495e-06;
1.57444e-05;0;0;0;-5.79536e-06;
1.57544e-05;0;0;0;-5.79576e-06;
1.57644e-05;0;0;0;-5.79614e-06;
1.57744e-05;0;0;0;-5.79651e-06;
1.57844e-05;0;0;0;-5.79686e-06;
1.57944e-05;0;0;0;-5.7972e-06;
1.58044e-05;0;0;0;-5.79752e-06;
1.58144e-05;0;0;0;-5.79783e-06;
1.58244e-05;0;0;0;-5.79812e-06;
1.58344e-05;0;0;0;-5.7984e-06;
1.58444e-05;0;0;0;-5.79866e-06;
1.58544e-05;0;0;0;-5.79891e-06;
1.58644e-05;0;0;0;-5.79915e-06;
1.58744e-05;0;0;0;-5.79937e-06;
1.58844e-05;0;0;0;-5.79958e-06;
1.58944e-05;0;0;0;-5.79977e-06;
1.59044e-05;0;0;0;-5.79995e-06;
1.59144e-05;0;0;0;-5.80012e-06;
1.59244e-05;0;0;0;-5.80027e-06;
1.59344e-05;0;0;0;-5.80041e-06;
1.59444e-05;0;0;0;-5.80054e-06;
1.59544e-05;0;0;0;-5.80065e-06;
1.59644e-05;0;0;0;-5.80076e-06;
1.59744e-05;0;0;0;-5.80084e-06;
1.59844e-05;0;0;0;-5.80092e-06;
1.59944e-05;0;0;0;-5.80099e-06;
1.60044e-05;0;0;0;-5.80104e-06;
1.60144e-05;0;0;0;-5.80108e-06;
1.60244e-05;0;0;0;-5.80111e-06;
1.60344e-05;0;0;0;-5.80112e-06;
1.60444e-05;0;0;0;-5.80113e-06;
1.60544e-05;0;0;0;-5.80112e-06;
1.60644e-05;0;0;0;-5.8011e-06;
1.60744e-05;0;0;0;-5.80107e-06;
1.60844e-05;0;0;0;-5.80103e-06;
1.60944e-05;0;0;0;-5.80098e-06;
1.61044e-05;0;0;0;-5.80092e-06;
1.61144e-05;0;0;0;-5.80084e-06;
1.61244e-05;0;0;0;-5.80076e-06;
1.61344e-05;0;0;0;-5.80066e-06;
1.61444e-05;0;0;0;-5.80056e-06;
1.61544e-05;0;0;0;-5.80044e-06;
1.61644e-05;0;0;0;-5.80031e-06;
1.61744e-05;0;0;0;-5.80018e-06;
1.61844e-05;0;0;0;-5.80003e-06;
1.61944e-05;0;0;0;-5.79987e-06;
1.62044e-05;0;0;0;-5.7997e-06;
1.62144e-05;0;0;0;-5.79953e-06;
1.62244e-05;0;0;0;-5.79934e-06;
1.62344e-05;0;0;0;-5.79914e-06;
1.62444e-05;0;0;0;-5.79894e-06;
1.62544e-05;0;0;0;-5.79872e-06;
1.62644e-05;0;0;0;-5.7985e-06;
1.62744e-05;0;0;0;-5.79826e-06;
1.62844e-05;0;0;0;-5.79802e-06;
1.62944e-05;0;0;0;-5.79777e-06;
1.63044e-05;0;0;0;-5.79751e-06;
1.63144e-05;0;0;0;-5.79724e-06;
1.63244e-05;0;0;0;-5.79696e-06;
1.63344e-05;0;0;0;-5.79667e-06;
1.63444e-05;0;0;0;-5.79637e-06;
1.63544e-05;0;0;0;-5.79607e-06;
1.63644e-05;0;0;0;-5.79575e-06;
1.63744e-05;0;0;0;-5.79543e-06;
1.63844e-05;0;0;0;-5.7951e-06;
1.63944e-05;0;0;0;-5.79476e-06;
1.64044e-05;0;0;0;-5.79442e-06;
1.64144e-05;0;0;0;-5.79406e-06;
1.64244e-05;0;0;0;-5.7937e-06;
1.64344e-05;0;0;0;-5.79333e-06;
1.64444e-05;0;0;0;-5.79295e-06;
1.64544e-05;0;0;0;-5.79257e-06;
1.64644e-05;0;0;0;-5.79217e-06;
1.64744e-05;0;0;0;-5.79177e-06;
1.64844e-05;0;0;0;-5.79136e-06;
1.64944e-05;0;0;0;-5.79095e-06;
1.65044e-05;0;0;0;-5.79052e-06;
1.65144e-05;0;0;0;-5.79009e-06;
1.65244e-05;0;0;0;-5.78966e-06;
1.65344e-05;0;0;0;-5.78921e-06;
1.65444e-05;0;0;0;-5.78876e-06;
1.65544e-05;0;0;0;-5.7883e-06;
1.65644e-05;0;0;0;-5.78784e-06;
1.65744e-05;0;0;0;-5.78736e-06;
1.65844e-05;0;0;0;-5.78688e-06;
1.65944e-05;0;0;0;-5.7864e-06;
1.66044e-05;0;0;0;-5.78591e-06;
1.66144e-05;0;0;0;-5.78541e-06;
1.66244e-05;0;0;0;-5.7849e-06;
1.66344e-05;0;0;0;-5.78439e-06;
1.66444e-05;0;0;0;-5.78387e-06;
1.66544e-05;0;0;0;-5.78335e-06;
1.66644e-05;0;0;0;-5.78282e-06;
1.66744e-05;0;0;0;-5.78228e-06;
1.66844e-05;0;0;0;-5.78174e-06;
1.66944e-05;0;0;0;-5.78119e-06;
1.67044e-05;0;0;0;-5.78064e-06;
1.67144e-05;0;0;0;-5.78008e-06;
1.67244e-05;0;0;0;-5.77951e-06;
1.67344e-05;0;0;0;-5.77894e-06;
1.67444e-05;0;0;0;-5.77836e-06;
1.67544e-05;0;0;0;-5.77778e-06;
1.67644e-05;0;0;0;-5.77719e-06;
1.67744e-05;0;0;0;-5.77659e-06;
1.67844e-05;0;0;0;-5.77599e-06;
1.67944e-05;0;0;0;-5.77539e-06;
1.68044e-05;0;0;0;-5.77478e-06;
1.68144e-05;0;0;0;-5.77416e-06;
1.68244e-05;0;0;0;-5.77354e-06;
1.68344e-05;0;0;0;-5.77291e-06;
1.68444e-05;0;0;0;-5.77228e-06;
1.68544e-05;0;0;0;-5.77165e-06;
1.68644e-05;0;0;0;-5.771e-06;
1.68744e-05;0;0;0;-5.77036e-06;
1.68844e-05;0;0;0;-5.76971e-06;
1.68944e-05;0;0;0;-5.76905e-06;
1.69044e-05;0;0;0;-5.76839e-06;
1.69144e-05;0;0;0;-5.76772e-06;
1.69244e-05;0;0;0;-5.76705e-06;
1.69344e-05;0;0;0;-5.76638e-06;
1.69444e-05;0;0;0;-5.7657e-06;
1.69544e-05;0;0;0;-5.76501e-06;
1.69644e-05;0;0;0;-5.76432e-06;
1.69744e-05;0;0;0;-5.76363e-06;
1.69844e-05;0;0;0;-5.76293e-06;
1.69944e-05;0;0;0;-5.76223e-06;
1.70044e-05;0;0;0;-5.76152e-06;
1.70144e-05;0;0;0;-5.76081e-06;
1.70244e-05;0;0;0;-5.76009e-06;
1.70344e-05;0;0;0;-5.75937e-06;
1.70444e-05;0;0;0;-5.75865e-06;
1.70544e-05;0;0;0;-5.75792e-06;
1.70644e-05;0;0;0;-5.75719e-06;
1.70744e-05;0;0;0;-5.75645e-06;
1.70844e-05;0;0;0;-5.75571e-06;
1.70944e-05;0;0;0;-5.75497e-06;
1.71044e-05;0;0;0;-5.75422e-06;
1.71144e-05;0;0;0;-5.75347e-06;
1.71244e-05;0;0;0;-5.75272e-06;
1.71344e-05;0;0;0;-5.75196e-06;
1.71444e-05;0;0;0;-5.75119e-06;
1.71544e-05;0;0;0;-5.75043e-06;
1.71644e-05;0;0;0;-5.74966e-06;
1.71744e-05;0;0;0;-5.74888e-06;
1.71844e-05;0;0;0;-5.7481e-06;
1.71944e-05;0;0;0;-5.74732e-06;
1.72044e-05;0;0;0;-5.74654e-06;
1.72144e-05;0;0;0;-5.74575e-06;
1.72244e-05;0;0;0;-5.74496e-06;
1.72344e-05;0;0;0;-5.74416e-06;
1.72444e-05;0;0;0;-5.74336e-06;
1.72544e-05;0;0;0;-5.74256e-06;
1.72644e-05;0;0;0;-5.74176e-06;
1.72744e-05;0;0;0;-5.74095e-06;
1.72844e-05;0;0;0;-5.74014e-06;
1.72944e-05;0;0;0;-5.73932e-06;
1.73044e-05;0;0;0;-5.7385e-06;
1.73144e-05;0;0;0;-5.73768e-06;
1.73244e-05;0;0;0;-5.73686e-06;
1.73344e-05;0;0;0;-5.73603e-06;
1.73444e-05;0;0;0;-5.7352e-06;
1.73544e-05;0;0;0;-5.73437e-06;
1.73644e-05;0;0;0;-5.73353e-06;
1.73744e-05;0;0;0;-5.73269e-06;
1.73844e-05;0;0;0;-5.73185e-06;
1.73944e-05;0;0;0;-5.73101e-06;
1.74044e-05;0;0;0;-5.73016e-06;
1.74144e-05;0;0;0;-5.72931e-06;
1.74244e-05;0;0;0;-5.72846e-06;
1.74344e-05;0;0;0;-5.7276e-06;
1.74444e-05;0;0;0;-5.72674e-06;
1.74544e-05;0;0;0;-5.72588e-06;
1.74644e-05;0;0;0;-5.72502e-06;
1.74744e-05;0;0;0;-5.72415e-06;
1.74844e-05;0;0;0;-5.72328e-06;
1.74944e-05;0;0;0;-5.72241e-06;
1.75044e-05;0;0;0;-5.72153e-06;
1.75144e-05;0;0;0;-5.72066e-06;
1.75244e-05;0;0;0;-5.71978e-06;
1.75344e-05;0;0;0;-5.71889e-06;
1.75444e-05;0;0;0;-5.71801e-06;
1.75544e-05;0;0;0;-5.71712e-06;
1.75644e-05;0;0;0;-5.71623e-06;
1.75744e-05;0;0;0;-5.71534e-06;
1.75844e-05;0;0;0;-5.71445e-06;
1.75944e-05;0;0;0;-5.71355e-06;
1.76044e-05;0;0;0;-5.71265e-06;
1.76144e-05;0;0;0;-5.71175e-06;
1.76244e-05;0;0;0;-5.71085e-06;
1.76344e-05;0;0;0;-5.70995e-06;
1.76444e-05;0;0;0;-5.70904e-06;
1.76544e-05;0;0;0;-5.70813e-06;
1.76644e-05;0;0;0;-5.70722e-06;
1.76744e-05;0;0;0;-5.7063e-06;
1.76844e-05;0;0;0;-5.70539e-06;
1.76944e-05;0;0;0;-5.70447e-06;
1.77044e-05;0;0;0;-5.70355e-06;
1.77144e-05;0;0;0;-5.70263e-06;
1.77244e-05;0;0;0;-5.7017e-06;
1.77344e-05;0;0;0;-5.70078e-06;
1.77444e-05;0;0;0;-5.69985e-06;
1.77544e-05;0;0;0;-5.69892e-06;
1.77644e-05;0;0;0;-5.69799e-06;
1.77744e-05;0;0;0;-5.69706e-06;
1.77844e-05;0;0;0;-5.69612e-06;
1.77944e-05;0;0;0;-5.69518e-06;
1.78044e-05;0;0;0;-5.69424e-06;
1.78144e-05;0;0;0;-5.6933e-06;
1.78244e-05;0;0;0;-5.69236e-06;
1.78344e-05;0;0;0;-5.69142e-06;
1.78444e-05;0;0;0;-5.69047e-06;
1.78544e-05;0;0;0;-5.68952e-06;
1.78644e-05;0;0;0;-5.68857e-06;
1.78744e-05;0;0;0;-5.68762e-06;
1.78844e-05;0;0;0;-5.68667e-06;
1.78944e-05;0;0;0;-5.68571e-06;
1.79044e-05;0;0;0;-5.68476e-06;
1.79144e-05;0;0;0;-5.6838e-06;
1.79244e-05;0;0;0;-5.68284e-06;
1.79344e-05;0;0;0;-5.68188e-06;
1.79444e-05;0;0;0;-5.68092e-06;
1.79544e-05;0;0;0;-5.67995e-06;
1.79644e-05;0;0;0;-5.67899e-06;
1.79744e-05;0;0;0;-5.67802e-06;
1.79844e-05;0;0;0;-5.67705e-06;
1.79944e-05;0;0;0;-5.67608e-06;
1.80044e-05;0;0;0;-5.67511e-06;
1.80144e-05;0;0;0;-5.67413e-06;
1.80244e-05;0;0;0;-5.67316e-06;
1.80344e-05;0;0;0;-5.67218e-06;
1.80444e-05;0;0;0;-5.67121e-06;
1.80544e-05;0;0;0;-5.67023e-06;
1.80644e-05;0;0;0;-5.66925e-06;
1.80744e-05;0;0;0;-5.66827e-06;
1.80844e-05;0;0;0;-5.66728e-06;
1.80944e-05;0;0;0;-5.6663e-06;
1.81044e-05;0;0;0;-5.66531e-06;
1.81144e-05;0;0;0;-5.66433e-06;
1.81244e-05;0;0;0;-5.66334e-06;
1.81344e-05;0;0;0;-5.66235e-06;
1.81444e-05;0;0;0;-5.66136e-06;
1.81544e-05;0;0;0;-5.66037e-06;
1.81644e-05;0;0;0;-5.65938e-06;
1.81744e-05;0;0;0;-5.65838e-06;
1.81844e-05;0;0;0;-5.65739e-06;
1.81944e-05;0;0;0;-5.65639e-06;
1.82044e-05;0;0;0;-5.65539e-06;
1.82144e-05;0;0;0;-5.6544e-06;
1.82244e-05;0;0;0;-5.6534e-06;
1.82344e-05;0;0;0;-5.6524e-06;
1.82444e-05;0;0;0;-5.65139e-06;
1.82544e-05;0;0;0;-5.65039e-06;
1.82644e-05;0;0;0;-5.64939e-06;
1.82744e-05;0;0;0;-5.64838e-06;
1.82844e-05;0;0;0;-5.64738e-06;
1.82944e-05;0;0;0;-5.64637e-06;
1.83044e-05;0;0;0;-5.64536e-06;
1.83144e-05;0;0;0;-5.64435e-06;
1.83244e-05;0;0;0;-5.64334e-06;
1.83344e-05;0;0;0;-5.64233e-06;
1.83444e-05;0;0;0;-5.64132e-06;
1.83544e-05;0;0;0;-5.6403e-06;
1.83644e-05;0;0;0;-5.63929e-06;
1.83744e-05;0;0;0;-5.63827e-06;
1.83844e-05;0;0;0;-5.63726e-06;
1.83944e-05;0;0;0;-5.63624e-06;
1.84044e-05;0;0;0;-5.63522e-06;
1.84144e-05;0;0;0;-5.63421e-06;
1.84244e-05;0;0;0;-5.63319e-06;
1.84344e-05;0;0;0;-5.63217e-06;
1.84444e-05;0;0;0;-5.63114e-06;
1.84544e-05;0;0;0;-5.63012e-06;
1.84644e-05;0;0;0;-5.6291e-06;
1.84744e-05;0;0;0;-5.62808e-06;
1.84844e-05;0;0;0;-5.62705e-06;
1.84944e-05;0;0;0;-5.62603e-06;
1.85044e-05;0;0;0;-5.625e-06;
1.85144e-05;0;0;0;-5.62397e-06;
1.85244e-05;0;0;0;-5.62295e-06;
1.85344e-05;0;0;0;-5.62192e-06;
1.85444e-05;0;0;0;-5.62089e-06;
1.85544e-05;0;0;0;-5.61986e-06;
1.85644e-05;0;0;0;-5.61883e-06;
1.85744e-05;0;0;0;-5.6178e-06;
1.85844e-05;0;0;0;-5.61676e-06;
1.85944e-05;0;0;0;-5.61573e-06;
1.86044e-05;0;0;0;-5.6147e-06;
1.86144e-05;0;0;0;-5.61366e-06;
1.86244e-05;0;0;0;-5.61263e-06;
1.86344e-05;0;0;0;-5.61159e-06;
1.86444e-05;0;0;0;-5.61056e-06;
1.86544e-05;0;0;0;-5.60952e-06;
1.86644e-05;0;0;0;-5.60848e-06;
1.86744e-05;0;0;0;-5.60744e-06;
1.86844e-05;0;0;0;-5.6064e-06;
1.86944e-05;0;0;0;-5.60537e-06;
1.87044e-05;0;0;0;-5.60433e-06;
1.87144e-05;0;0;0;-5.60328e-06;
1.87244e-05;0;0;0;-5.60224e-06;
1.87344e-05;0;0;0;-5.6012e-06;
1.87444e-05;0;0;0;-5.60016e-06;
1.87544e-05;0;0;0;-5.59912e-06;
1.87644e-05;0;0;0;-5.59807e-06;
1.87744e-05;0;0;0;-5.59703e-06;
1.87844e-05;0;0;0;-5.59598e-06;
1.87944e-05;0;0;0;-5.59494e-06;
1.88044e-05;0;0;0;-5.59389e-06;
1.88144e-05;0;0;0;-5.59285e-06;
1.88244e-05;0;0;0;-5.5918e-06;
1.88344e-05;0;0;0;-5.59075e-06;
1.88444e-05;0;0;0;-5.58971e-06;
1.88544e-05;0;0;0;-5.58866e-06;
1.88644e-05;0;0;0;-5.58761e-06;
1.88744e-05;0;0;0;-5.58656e-06;
1.88844e-05;0;0;0;-5.58551e-06;
1.88944e-05;0;0;0;-5.58446e-06;
1.89044e-05;0;0;0;-5.58341e-06;
1.89144e-05;0;0;0;-5.58236e-06;
1.89244e-05;0;0;0;-5.58131e-06;
1.89344e-05;0;0;0;-5.58025e-06;
1.89444e-05;0;0;0;-5.5792e-06;
1.89544e-05;0;0;0;-5.57815e-06;
1.89644e-05;0;0;0;-5.5771e-06;
1.89744e-05;0;0;0;-5.57604e-06;
1.89844e-05;0;0;0;-5.57499e-06;
1.89944e-05;0;0;0;-5.57393e-06;
1.90044e-05;0;0;0;-5.57288e-06;
1.90144e-05;0;0;0;-5.57182e-06;
1.90244e-05;0;0;0;-5.57077e-06;
1.90344e-05;0;0;0;-5.56971e-06;
1.90444e-05;0;0;0;-5.56866e-06;
1.90544e-05;0;0;0;-5.5676e-06;
1.90644e-05;0;0;0;-5.56654e-06;
1.90744e-05;0;0;0;-5.56548e-06;
1.90844e-05;0;0;0;-5.56443e-06;
1.90944e-05;0;0;0;-5.56337e-06;
1.91044e-05;0;0;0;-5.56231e-06;
1.91144e-05;0;0;0;-5.56125e-06;
1.91244e-05;0;0;0;-5.56019e-06;
1.91344e-05;0;0;0;-5.55913e-06;
1.91444e-05;0;0;0;-5.55807e-06;
1.91544e-05;0;0;0;-5.55701e-06;
1.91644e-05;0;0;0;-5.55595e-06;
1.91744e-05;0;0;0;-5.55489e-06;
1.91844e-05;0;0;0;-5.55383e-06;
1.91944e-05;0;0;0;-5.55277e-06;
1.92044e-05;0;0;0;-5.55171e-06;
1.92144e-05;0;0;0;-5.55065e-06;
1.92244e-05;0;0;0;-5.54958e-06;
1.92344e-05;0;0;0;-5.54852e-06;
1.92444e-05;0;0;0;-5.54746e-06;
1.92544e-05;0;0;0;-5.5464e-06;
1.92644e-05;0;0;0;-5.54533e-06;
1.92744e-05;0;0;0;-5.54427e-06;
1.92844e-05;0;0;0;-5.54321e-06;
1.92944e-05;0;0;0;-5.54214e-06;
1.93044e-05;0;0;0;-5.54108e-06;
1.93144e-05;0;0;0;-5.54001e-06;
1.93244e-05;0;0;0;-5.53895e-06;
1.93344e-05;0;0;0;-5.53788e-06;
1.93444e-05;0;0;0;-5.53682e-06;
1.93544e-05;0;0;0;-5.53575e-06;
1.93644e-05;0;0;0;-5.53469e-06;
1.93744e-05;0;0;0;-5.53362e-06;
1.93844e-05;0;0;0;-5.53256e-06;
1.93944e-05;0;0;0;-5.53149e-06;
1.94044e-05;0;0;0;-5.53042e-06;
1.94144e-05;0;0;0;-5.52936e-06;
1.94244e-05;0;0;0;-5.52829e-06;
1.94344e-05;0;0;0;-5.52722e-06;
1.94444e-05;0;0;0;-5.52616e-06;
1.94544e-05;0;0;0;-5.52509e-06;
1.94644e-05;0;0;0;-5.52402e-06;
1.94744e-05;0;0;0;-5.52296e-06;
1.94844e-05;0;0;0;-5.52189e-06;
1.94944e-05;0;0;0;-5.52082e-06;
1.95044e-05;0;0;0;-5.51975e-06;
1.95144e-05;0;0;0;-5.51868e-06;
1.95244e-05;0;0;0;-5.51762e-06;
1.95344e-05;0;0;0;-5.51655e-06;
1.95444e-05;0;0;0;-5.51548e-06;
1.95544e-05;0;0;0;-5.51441e-06;
1.95644e-05;0;0;0;-5.51334e-06;
1.95744e-05;0;0;0;-5.51227e-06;
1.95844e-05;0;0;0;-5.5112e-06;
1.95944e-05;0;0;0;-5.51013e-06;
1.96044e-05;0;0;0;-5.50907e-06;
1.96144e-05;0;0;0;-5.508e-06;
1.96244e-05;0;0;0;-5.50693e-06;
1.96344e-05;0;0;0;-5.50586e-06;
1.96444e-05;0;0;0;-5.50479e-06;
1.96544e-05;0;0;0;-5.50372e-06;
1.96644e-05;0;0;0;-5.50265e-06;
1.96744e-05;0;0;0;-5.50158e-06;
1.96844e-05;0;0;0;-5.50051e-06;
1.96944e-05;0;0;0;-5.49944e-06;
1.97044e-05;0;0;0;-5.49837e-06;
1.97144e-05;0;0;0;-5.4973e-06;
1.97244e-05;0;0;0;-5.49623e-06;
1.97344e-05;0;0;0;-5.49515e-06;
1.97444e-05;0;0;0;-5.49408e-06;
1.97544e-05;0;0;0;-5.49301e-06;
1.97644e-05;0;0;0;-5.49194e-06;
1.97744e-05;0;0;0;-5.49087e-06;
1.97844e-05;0;0;0;-5.4898e-06;
1.97944e-05;0;0;0;-5.48873e-06;
1.98044e-05;0;0;0;-5.48766e-06;
1.98144e-05;0;0;0;-5.48659e-06;
1.98244e-05;0;0;0;-5.48552e-06;
1.98344e-05;0;0;0;-5.48445e-06;
1.98444e-05;0;0;0;-5.48337e-06;
1.98544e-05;0;0;0;-5.4823e-06;
1.98644e-05;0;0;0;-5.48123e-06;
1.98744e-05;0;0;0;-5.48016e-06;
1.98844e-05;0;0;0;-5.47909e-06;
1.98944e-05;0;0;0;-5.47802e-06;
1.99044e-05;0;0;0;-5.47695e-06;
1.99144e-05;0;0;0;-5.47588e-06;
1.99244e-05;0;0;0;-5.4748e-06;
1.99344e-05;0;0;0;-5.47373e-06;
1.99444e-05;0;0;0;-5.47266e-06;
1.99544e-05;0;0;0;-5.47159e-06;
1.99644e-05;0;0;0;-5.47052e-06;
1.99744e-05;0;0;0;-5.46945e-06;
1.99844e-05;0;0;0;-5.46837e-06;
1.99944e-05;0;0;0;-5.4673e-06;
2.00044e-05;0;0;0;-5.46623e-06;
2.00144e-05;0;0;0;-5.46516e-06;
2.00244e-05;0;0;0;-5.46409e-06;
2.00344e-05;0;0;0;-5.46302e-06;
2.00444e-05;0;0;0;-5.46194e-06;
2.00544e-05;0;0;0;-5.46087e-06;
2.00644e-05;0;0;0;-5.4598e-06;
2.00744e-05;0;0;0;-5.45873e-06;
2.00844e-05;0;0;0;-5.45766e-06;
2.00944e-05;0;0;0;-5.45659e-06;
2.01044e-05;0;0;0;-5.45551e-06;
2.01144e-05;0;0;0;-5.45444e-06;
2.01244e-05;0;0;0;-5.45337e-06;
2.01344e-05;0;0;0;-5.4523e-06;
2.01444e-05;0;0;0;-5.45123e-06;
2.01544e-05;0;0;0;-5.45016e-06;
2.01644e-05;0;0;0;-5.44909e-06;
2.01744e-05;0;0;0;-5.44801e-06;
2.01844e-05;0;0;0;-5.44694e-06;
2.01944e-05;0;0;0;-5.44587e-06;
2.02044e-05;0;0;0;-5.4448e-06;
2.02144e-05;0;0;0;-5.44373e-06;
2.02244e-05;0;0;0;-5.44266e-06;
2.02344e-05;0;0;0;-5.44159e-06;
2.02444e-05;0;0;0;-5.44051e-06;
2.02544e-05;0;0;0;-5.43944e-06;
2.02644e-05;0;0;0;-5.43837e-06;
2.02744e-05;0;0;0;-5.4373e-06;
2.02844e-05;0;0;0;-5.43623e-06;
2.02944e-05;0;0;0;-5.43516e-06;
2.03044e-05;0;0;0;-5.43409e-06;
2.03144e-05;0;0;0;-5.43302e-06;
2.03244e-05;0;0;0;-5.43195e-06;
2.03344e-05;0;0;0;-5.43088e-06;
2.03444e-05;0;0;0;-5.42981e-06;
2.03544e-05;0;0;0;-5.42873e-06;
2.03644e-05;0;0;0;-5.42766e-06;
2.03744e-05;0;0;0;-5.42659e-06;
2.03844e-05;0;0;0;-5.42552e-06;
2.03944e-05;0;0;0;-5.42445e-06;
2.04044e-05;0;0;0;-5.42338e-06;
2.04144e-05;0;0;0;-5.42231e-06;
2.04244e-05;0;0;0;-5.42124e-06;
2.04344e-05;0;0;0;-5.42017e-06;
2.04444e-05;0;0;0;-5.4191e-06;
2.04544e-05;0;0;0;-5.41803e-06;
2.04644e-05;0;0;0;-5.41696e-06;
2.04744e-05;0;0;0;-5.41589e-06;
2.04844e-05;0;0;0;-5.41482e-06;
2.04944e-05;0;0;0;-5.41375e-06;
2.05044e-05;0;0;0;-5.41268e-06;
2.05144e-05;0;0;0;-5.41161e-06;
2.05244e-05;0;0;0;-5.41054e-06;
2.05344e-05;0;0;0;-5.40947e-06;
2.05444e-05;0;0;0;-5.4084e-06;
2.05544e-05;0;0;0;-5.40734e-06;
2.05644e-05;0;0;0;-5.40627e-06;
2.05744e-05;0;0;0;-5.4052e-06;
2.05844e-05;0;0;0;-5.40413e-06;
2.05944e-05;0;0;0;-5.40306e-06;
2.06044e-05;0;0;0;-5.40199e-06;
2.06144e-05;0;0;0;-5.40092e-06;
2.06244e-05;0;0;0;-5.39985e-06;
2.06344e-05;0;0;0;-5.39878e-06;
2.06444e-05;0;0;0;-5.39772e-06;
2.06544e-05;0;0;0;-5.39665e-06;
2.06644e-05;0;0;0;-5.39558e-06;
2.06744e-05;0;0;0;-5.39451e-06;
2.06844e-05;0;0;0;-5.39344e-06;
2.06944e-05;0;0;0;-5.39238e-06;
2.07044e-05;0;0;0;-5.39131e-06;
2.07144e-05;0;0;0;-5.39024e-06;
2.07244e-05;0;0;0;-5.38917e-06;
2.07344e-05;0;0;0;-5.38811e-06;
2.07444e-05;0;0;0;-5.38704e-06;
2.07544e-05;0;0;0;-5.38597e-06;
2.07644e-05;0;0;0;-5.3849e-06;
2.07744e-05;0;0;0;-5.38384e-06;
2.07844e-05;0;0;0;-5.38277e-06;
2.07944e-05;0;0;0;-5.3817e-06;
2.08044e-05;0;0;0;-5.38064e-06;
2.08144e-05;0;0;0;-5.37957e-06;
2.08244e-05;0;0;0;-5.3785e-06;
2.08344e-05;0;0;0;-5.37744e-06;
2.08444e-05;0;0;0;-5.37637e-06;
2.08544e-05;0;0;0;-5.3753e-06;
2.08644e-05;0;0;0;-5.37424e-06;
2.08744e-05;0;0;0;-5.37317e-06;
2.08844e-05;0;0;0;-5.37211e-06;
2.08944e-05;0;0;0;-5.37104e-06;
2.09044e-05;0;0;0;-5.36998e-06;
2.09144e-05;0;0;0;-5.36891e-06;
2.09244e-05;0;0;0;-5.36784e-06;
2.09344e-05;0;0;0;-5.36678e-06;
2.09444e-05;0;0;0;-5.36571e-06;
2.09544e-05;0;0;0;-5.36465e-06;
2.09644e-05;0;0;0;-5.36358e-06;
2.09744e-05;0;0;0;-5.36252e-06;
2.09844e-05;0;0;0;-5.36146e-06;
2.09944e-05;0;0;0;-5.36039e-06;
2.10044e-05;0;0;0;-5.35933e-06;
2.10144e-05;0;0;0;-5.35826e-06;
2.10244e-05;0;0;0;-5.3572e-06;
2.10344e-05;0;0;0;-5.35613e-06;
2.10444e-05;0;0;0;-5.35507e-06;
2.10544e-05;0;0;0;-5.35401e-06;
2.10644e-05;0;0;0;-5.35294e-06;
2.10744e-05;0;0;0;-5.35188e-06;
2.10844e-05;0;0;0;-5.35082e-06;
2.10944e-05;0;0;0;-5.34975e-06;
2.11044e-05;0;0;0;-5.34869e-06;
2.11144e-05;0;0;0;-5.34763e-06;
2.11244e-05;0;0;0;-5.34657e-06;
2.11344e-05;0;0;0;-5.3455e-06;
2.11444e-05;0;0;0;-5.34444e-06;
2.11544e-05;0;0;0;-5.34338e-06;
2.11644e-05;0;0;0;-5.34232e-06;
2.11744e-05;0;0;0;-5.34126e-06;
2.11844e-05;0;0;0;-5.34019e-06;
2.11944e-05;0;0;0;-5.33913e-06;
2.12044e-05;0;0;0;-5.33807e-06;
2.12144e-05;0;0;0;-5.33701e-06;
2.12244e-05;0;0;0;-5.33595e-06;
2.12344e-05;0;0;0;-5.33489e-06;
2.12444e-05;0;0;0;-5.33383e-06;
2.12544e-05;0;0;0;-5.33277e-06;
2.12644e-05;0;0;0;-5.3317e-06;
2.12744e-05;0;0;0;-5.33064e-06;
2.12844e-05;0;0;0;-5.32958e-06;
2.12944e-05;0;0;0;-5.32852e-06;
2.13044e-05;0;0;0;-5.32746e-06;
2.13144e-05;0;0;0;-5.3264e-06;
2.13244e-05;0;0;0;-5.32534e-06;
2.13344e-05;0;0;0;-5.32428e-06;
2.13444e-05;0;0;0;-5.32323e-06;
2.13544e-05;0;0;0;-5.32217e-06;
2.13644e-05;0;0;0;-5.32111e-06;
2.13744e-05;0;0;0;-5.32005e-06;
2.13844e-05;0;0;0;-5.31899e-06;
2.13944e-05;0;0;0;-5.31793e-06;
2.14044e-05;0;0;0;-5.31687e-06;
2.14144e-05;0;0;0;-5.31581e-06;
2.14244e-05;0;0;0;-5.31476e-06;
2.14344e-05;0;0;0;-5.3137e-06;
2.14444e-05;0;0;0;-5.31264e-06;
2.14544e-05;0;0;0;-5.31158e-06;
2.14644e-05;0;0;0;-5.31053e-06;
2.14744e-05;0;0;0;-5.30947e-06;
2.14844e-05;0;0;0;-5.30841e-06;
2.14944e-05;0;0;0;-5.30735e-06;
2.15044e-05;0;0;0;-5.3063e-06;
2.15144e-05;0;0;0;-5.30524e-06;
2.15244e-05;0;0;0;-5.30418e-06;
2.15344e-05;0;0;0;-5.30313e-06;
2.15444e-05;0;0;0;-5.30207e-06;
2.15544e-05;0;0;0;-5.30102e-06;
2.15644e-05;0;0;0;-5.29996e-06;
2.15744e-05;0;0;0;-5.2989e-06;
2.15844e-05;0;0;0;-5.29785e-06;
2.15944e-05;0;0;0;-5.29679e-06;
2.16044e-05;0;0;0;-5.29574e-06;
2.16144e-05;0;0;0;-5.29468e-06;
2.16244e-05;0;0;0;-5.29363e-06;
2.16344e-05;0;0;0;-5.29257e-06;
2.16444e-05;0;0;0;-5.29152e-06;
2.16544e-05;0;0;0;-5.29046e-06;
2.16644e-05;0;0;0;-5.28941e-06;
2.16744e-05;0;0;0;-5.28836e-06;
2.16844e-05;0;0;0;-5.2873e-06;
2.16944e-05;0;0;0;-5.28625e-06;
2.17044e-05;0;0;0;-5.28519e-06;
2.17144e-05;0;0;0;-5.28414e-06;
2.17244e-05;0;0;0;-5.28309e-06;
2.17344e-05;0;0;0;-5.28204e-06;
2.17444e-05;0;0;0;-5.28098e-06;
2.17544e-05;0;0;0;-5.27993e-06;
2.17644e-05;0;0;0;-5.27888e-06;
2.17744e-05;0;0;0;-5.27782e-06;
2.17844e-05;0;0;0;-5.27677e-06;
2.17944e-05;0;0;0;-5.27572e-06;
2.18044e-05;0;0;0;-5.27467e-06;
2.18144e-05;0;0;0;-5.27362e-06;
2.18244e-05;0;0;0;-5.27257e-06;
2.18344e-05;0;0;0;-5.27151e-06;
2.18444e-05;0;0;0;-5.27046e-06;
2.18544e-05;0;0;0;-5.26941e-06;
2.18644e-05;0;0;0;-5.26836e-06;
2.18744e-05;0;0;0;-5.26731e-06;
2.18844e-05;0;0;0;-5.26626e-06;
2.18944e-05;0;0;0;-5.26521e-06;
2.19044e-05;0;0;0;-5.26416e-06;
2.19144e-05;0;0;0;-5.26311e-06;
2.19244e-05;0;0;0;-5.26206e-06;
2.19344e-05;0;0;0;-5.26101e-06;
2.19444e-05;0;0;0;-5.25996e-06;
2.19544e-05;0;0;0;-5.25891e-06;
2.19644e-05;0;0;0;-5.25786e-06;
2.19744e-05;0;0;0;-5.25682e-06;
2.19844e-05;0;0;0;-5.25577e-06;
2.19944e-05;0;0;0;-5.25472e-06;
2.20044e-05;0;0;0;-5.25367e-06;
2.20144e-05;0;0;0;-5.25262e-06;
2.20244e-05;0;0;0;-5.25157e-06;
2.20344e-05;0;0;0;-5.25053e-06;
2.20444e-05;0;0;0;-5.24948e-06;
2.20544e-05;0;0;0;-5.24843e-06;
2.20644e-05;0;0;0;-5.24738e-06;
2.20744e-05;0;0;0;-5.24634e-06;
2.20844e-05;0;0;0;-5.24529e-06;
2.20944e-05;0;0;0;-5.24424e-06;
2.21044e-05;0;0;0;-5.2432e-06;
2.21144e-05;0;0;0;-5.24215e-06;
2.21244e-05;0;0;0;-5.2411e-06;
2.21344e-05;0;0;0;-5.24006e-06;
2.21444e-05;0;0;0;-5.23901e-06;
2.21544e-05;0;0;0;-5.23797e-06;
2.21644e-05;0;0;0;-5.23692e-06;
2.21744e-05;0;0;0;-5.23588e-06;
2.21844e-05;0;0;0;-5.23483e-06;
2.21944e-05;0;0;0;-5.23379e-06;
2.22044e-05;0;0;0;-5.23274e-06;
2.22144e-05;0;0;0;-5.2317e-06;
2.22244e-05;0;0;0;-5.23065e-06;
2.22344e-05;0;0;0;-5.22961e-06;
2.22444e-05;0;0;0;-5.22857e-06;
2.22544e-05;0;0;0;-5.22752e-06;
2.22644e-05;0;0;0;-5.22648e-06;
2.22744e-05;0;0;0;-5.22544e-06;
2.22844e-05;0;0;0;-5.22439e-06;
2.22944e-05;0;0;0;-5.22335e-06;
2.23044e-05;0;0;0;-5.22231e-06;
2.23144e-05;0;0;0;-5.22126e-06;
2.23244e-05;0;0;0;-5.22022e-06;
2.23344e-05;0;0;0;-5.21918e-06;
2.23444e-05;0;0;0;-5.21814e-06;
2.23544e-05;0;0;0;-5.2171e-06;
2.23644e-05;0;0;0;-5.21605e-06;
2.23744e-05;0;0;0;-5.21501e-06;
2.23844e-05;0;0;0;-5.21397e-06;
2.23944e-05;0;0;0;-5.21293e-06;
2.24044e-05;0;0;0;-5.21189e-06;
2.24144e-05;0;0;0;-5.21085e-06;
2.24244e-05;0;0;0;-5.20981e-06;
2.24344e-05;0;0;0;-5.20877e-06;
2.24444e-05;0;0;0;-5.20773e-06;
2.24544e-05;0;0;0;-5.20669e-06;
2.24644e-05;0;0;0;-5.20565e-06;
2.24744e-05;0;0;0;-5.20461e-06;
2.24844e-05;0;0;0;-5.20357e-06;
2.24944e-05;0;0;0;-5.20253e-06;
2.25044e-05;0;0;0;-5.20149e-06;
2.25144e-05;0;0;0;-5.20045e-06;
2.25244e-05;0;0;0;-5.19941e-06;
2.25344e-05;0;0;0;-5.19837e-06;
2.25444e-05;0;0;0;-5.19734e-06;
2.25544e-05;0;0;0;-5.1963e-06;
2.25644e-05;0;0;0;-5.19526e-06;
2.25744e-05;0;0;0;-5.19422e-06;
2.25844e-05;0;0;0;-5.19319e-06;
2.25944e-05;0;0;0;-5.19215e-06;
2.26044e-05;0;0;0;-5.19111e-06;
2.26144e-05;0;0;0;-5.19007e-06;
2.26244e-05;0;0;0;-5.18904e-06;
2.26344e-05;0;0;0;-5.188e-06;
2.26444e-05;0;0;0;-5.18696e-06;
2.26544e-05;0;0;0;-5.18593e-06;
2.26644e-05;0;0;0;-5.18489e-06;
2.26744e-05;0;0;0;-5.18386e-06;
2.26844e-05;0;0;0;-5.18282e-06;
2.26944e-05;0;0;0;-5.18179e-06;
2.27044e-05;0;0;0;-5.18075e-06;
2.27144e-05;0;0;0;-5.17972e-06;
2.27244e-05;0;0;0;-5.17868e-06;
2.27344e-05;0;0;0;-5.17765e-06;
2.27444e-05;0;0;0;-5.17661e-06;
2.27544e-05;0;0;0;-5.17558e-06;
2.27644e-05;0;0;0;-5.17454e-06;
2.27744e-05;0;0;0;-5.17351e-06;
2.27844e-05;0;0;0;-5.17248e-06;
2.27944e-05;0;0;0;-5.17144e-06;
2.28044e-05;0;0;0;-5.17041e-06;
2.28144e-05;0;0;0;-5.16938e-06;
2.28244e-05;0;0;0;-5.16834e-06;
2.28344e-05;0;0;0;-5.16731e-06;
2.28444e-05;0;0;0;-5.16628e-06;
2.28544e-05;0;0;0;-5.16525e-06;
2.28644e-05;0;0;0;-5.16421e-06;
2.28744e-05;0;0;0;-5.16318e-06;
2.28844e-05;0;0;0;-5.16215e-06;
2.28944e-05;0;0;0;-5.16112e-06;
2.29044e-05;0;0;0;-5.16009e-06;
2.29144e-05;0;0;0;-5.15906e-06;
2.29244e-05;0;0;0;-5.15803e-06;
2.29344e-05;0;0;0;-5.157e-06;
2.29444e-05;0;0;0;-5.15596e-06;
2.29544e-05;0;0;0;-5.15493e-06;
2.29644e-05;0;0;0;-5.1539e-06;
2.29744e-05;0;0;0;-5.15287e-06;
2.29844e-05;0;0;0;-5.15184e-06;
2.29944e-05;0;0;0;-5.15081e-06;
2.30044e-05;0;0;0;-5.14979e-06;
2.30144e-05;0;0;0;-5.14876e-06;
2.30244e-05;0;0;0;-5.14773e-06;
2.30344e-05;0;0;0;-5.1467e-06;
2.30444e-05;0;0;0;-5.14567e-06;
2.30544e-05;0;0;0;-5.14464e-06;
2.30644e-05;0;0;0;-5.14361e-06;
2.30744e-05;0;0;0;-5.14259e-06;
2.30844e-05;0;0;0;-5.14156e-06;
2.30944e-05;0;0;0;-5.14053e-06;
2.31044e-05;0;0;0;-5.1395e-06;
2.31144e-05;0;0;0;-5.13848e-06;
2.31244e-05;0;0;0;-5.13745e-06;
2.31344e-05;0;0;0;-5.13642e-06;
2.31444e-05;0;0;0;-5.13539e-06;
2.31544e-05;0;0;0;-5.13437e-06;
2.31644e-05;0;0;0;-5.13334e-06;
2.31744e-05;0;0;0;-5.13232e-06;
2.31844e-05;0;0;0;-5.13129e-06;
2.31944e-05;0;0;0;-5.13026e-06;
2.32044e-05;0;0;0;-5.12924e-06;
2.32144e-05;0;0;0;-5.12821e-06;
2.32244e-05;0;0;0;-5.12719e-06;
2.32344e-05;0;0;0;-5.12616e-06;
2.32444e-05;0;0;0;-5.12514e-06;
2.32544e-05;0;0;0;-5.12411e-06;
2.32644e-05;0;0;0;-5.12309e-06;
2.32744e-05;0;0;0;-5.12207e-06;
2.32844e-05;0;0;0;-5.12104e-06;
2.32944e-05;0;0;0;-5.12002e-06;
2.33044e-05;0;0;0;-5.119e-06;
2.33144e-05;0;0;0;-5.11797e-06;
2.33244e-05;0;0;0;-5.11695e-06;
2.33344e-05;0;0;0;-5.11593e-06;
2.33444e-05;0;0;0;-5.1149e-06;
2.33544e-05;0;0;0;-5.11388e-06;
2.33644e-05;0;0;0;-5.11286e-06;
2.33744e-05;0;0;0;-5.11184e-06;
2.33844e-05;0;0;0;-5.11081e-06;
2.33944e-05;0;0;0;-5.10979e-06;
2.34044e-05;0;0;0;-5.10877e-06;
2.34144e-05;0;0;0;-5.10775e-06;
2.34244e-05;0;0;0;-5.10673e-06;
2.34344e-05;0;0;0;-5.10571e-06;
2.34444e-05;0;0;0;-5.10469e-06;
2.34544e-05;0;0;0;-5.10367e-06;
2.34644e-05;0;0;0;-5.10265e-06;
2.34744e-05;0;0;0;-5.10163e-06;
2.34844e-05;0;0;0;-5.10061e-06;
2.34944e-05;0;0;0;-5.09959e-06;
2.35044e-05;0;0;0;-5.09857e-06;
2.35144e-05;0;0;0;-5.09755e-06;
2.35244e-05;0;0;0;-5.09653e-06;
2.35344e-05;0;0;0;-5.09551e-06;
2.35444e-05;0;0;0;-5.09449e-06;
2.35544e-05;0;0;0;-5.09347e-06;
2.35644e-05;0;0;0;-5.09245e-06;
2.35744e-05;0;0;0;-5.09144e-06;
2.35844e-05;0;0;0;-5.09042e-06;
2.35944e-05;0;0;0;-5.0894e-06;
2.36044e-05;0;0;0;-5.08838e-06;
2.36144e-05;0;0;0;-5.08736e-06;
2.36244e-05;0;0;0;-5.08635e-06;
2.36344e-05;0;0;0;-5.08533e-06;
2.36444e-05;0;0;0;-5.08431e-06;
2.36544e-05;0;0;0;-5.0833e-06;
2.36644e-05;0;0;0;-5.08228e-06;
2.36744e-05;0;0;0;-5.08126e-06;
2.36844e-05;0;0;0;-5.08025e-06;
2.36944e-05;0;0;0;-5.07923e-06;
2.37044e-05;0;0;0;-5.07822e-06;
2.37144e-05;0;0;0;-5.0772e-06;
2.37244e-05;0;0;0;-5.07619e-06;
2.37344e-05;0;0;0;-5.07517e-06;
2.37444e-05;0;0;0;-5.07416e-06;
2.37544e-05;0;0;0;-5.07314e-06;
2.37644e-05;0;0;0;-5.07213e-06;
2.37744e-05;0;0;0;-5.07111e-06;
2.37844e-05;0;0;0;-5.0701e-06;
2.37944e-05;0;0;0;-5.06909e-06;
2.38044e-05;0;0;0;-5.06807e-06;
2.38144e-05;0;0;0;-5.06706e-06;
2.38244e-05;0;0;0;-5.06605e-06;
2.38344e-05;0;0;0;-5.06503e-06;
2.38444e-05;0;0;0;-5.06402e-06;
2.38544e-05;0;0;0;-5.06301e-06;
2.38644e-05;0;0;0;-5.06199e-06;
2.38744e-05;0;0;0;-5.06098e-06;
2.38844e-05;0;0;0;-5.05997e-06;
2.38944e-05;0;0;0;-5.05896e-06;
2.39044e-05;0;0;0;-5.05795e-06;
2.39144e-05;0;0;0;-5.05694e-06;
2.39244e-05;0;0;0;-5.05592e-06;
2.39344e-05;0;0;0;-5.05491e-06;
2.39444e-05;0;0;0;-5.0539e-06;
2.39544e-05;0;0;0;-5.05289e-06;
2.39644e-05;0;0;0;-5.05188e-06;
2.39744e-05;0;0;0;-5.05087e-06;
2.39844e-05;0;0;0;-5.04986e-06;
2.39944e-05;0;0;0;-5.04885e-06;
2.40044e-05;0;0;0;-5.04784e-06;
2.40144e-05;0;0;0;-5.04683e-06;
2.40244e-05;0;0;0;-5.04582e-06;
2.40344e-05;0;0;0;-5.04481e-06;
2.40444e-05;0;0;0;-5.0438e-06;
2.40544e-05;0;0;0;-5.0428e-06;
2.40644e-05;0;0;0;-5.04179e-06;
2.40744e-05;0;0;0;-5.04078e-06;
2.40844e-05;0;0;0;-5.03977e-06;
2.40944e-05;0;0;0;-5.03876e-06;
2.41044e-05;0;0;0;-5.03776e-06;
2.41144e-05;0;0;0;-5.03675e-06;
2.41244e-05;0;0;0;-5.03574e-06;
2.41344e-05;0;0;0;-5.03473e-06;
2.41444e-05;0;0;0;-5.03373e-06;
2.41544e-05;0;0;0;-5.03272e-06;
2.41644e-05;0;0;0;-5.03171e-06;
2.41744e-05;0;0;0;-5.03071e-06;
2.41844e-05;0;0;0;-5.0297e-06;
2.41944e-05;0;0;0;-5.0287e-06;
2.42044e-05;0;0;0;-5.02769e-06;
2.42144e-05;0;0;0;-5.02668e-06;
2.42244e-05;0;0;0;-5.02568e-06;
2.42344e-05;0;0;0;-5.02467e-06;
2.42444e-05;0;0;0;-5.02367e-06;
2.42544e-05;0;0;0;-5.02266e-06;
2.42644e-05;0;0;0;-5.02166e-06;
2.42744e-05;0;0;0;-5.02066e-06;
2.42844e-05;0;0;0;-5.01965e-06;
2.42944e-05;0;0;0;-5.01865e-06;
2.43044e-05;0;0;0;-5.01764e-06;
2.43144e-05;0;0;0;-5.01664e-06;
2.43244e-05;0;0;0;-5.01564e-06;
2.43344e-05;0;0;0;-5.01463e-06;
2.43444e-05;0;0;0;-5.01363e-06;
2.43544e-05;0;0;0;-5.01263e-06;
2.43644e-05;0;0;0;-5.01163e-06;
2.43744e-05;0;0;0;-5.01062e-06;
2.43844e-05;0;0;0;-5.00962e-06;
2.43944e-05;0;0;0;-5.00862e-06;
2.44044e-05;0;0;0;-5.00762e-06;
2.44144e-05;0;0;0;-5.00662e-06;
2.44244e-05;0;0;0;-5.00561e-06;
2.44344e-05;0;0;0;-5.00461e-06;
2.44444e-05;0;0;0;-5.00361e-06;
2.44544e-05;0;0;0;-5.00261e-06;
2.44644e-05;0;0;0;-5.00161e-06;
2.44744e-05;0;0;0;-5.00061e-06;
2.44844e-05;0;0;0;-4.99961e-06;
2.44944e-05;0;0;0;-4.99861e-06;
2.45044e-05;0;0;0;-4.99761e-06;
2.45144e-05;0;0;0;-4.99661e-06;
2.45244e-05;0;0;0;-4.99561e-06;
2.45344e-05;0;0;0;-4.99461e-06;
2.45444e-05;0;0;0;-4.99361e-06;
2.45544e-05;0;0;0;-4.99261e-06;
2.45644e-05;0;0;0;-4.99162e-06;
2.45744e-05;0;0;0;-4.99062e-06;
2.45844e-05;0;0;0;-4.98962e-06;
2.45944e-05;0;0;0;-4.98862e-06;
2.46044e-05;0;0;0;-4.98762e-06;
2.46144e-05;0;0;0;-4.98663e-06;
2.46244e-05;0;0;0;-4.98563e-06;
2.46344e-05;0;0;0;-4.98463e-06;
2.46444e-05;0;0;0;-4.98363e-06;
2.46544e-05;0;0;0;-4.98264e-06;
2.46644e-05;0;0;0;-4.98164e-06;
2.46744e-05;0;0;0;-4.98064e-06;
2.46844e-05;0;0;0;-4.97965e-06;
2.46944e-05;0;0;0;-4.97865e-06;
2.47044e-05;0;0;0;-4.97766e-06;
2.47144e-05;0;0;0;-4.97666e-06;
2.47244e-05;0;0;0;-4.97567e-06;
2.47344e-05;0;0;0;-4.97467e-06;
2.47444e-05;0;0;0;-4.97367e-06;
2.47544e-05;0;0;0;-4.97268e-06;
2.47644e-05;0;0;0;-4.97169e-06;
2.47744e-05;0;0;0;-4.97069e-06;
2.47844e-05;0;0;0;-4.9697e-06;
2.47944e-05;0;0;0;-4.9687e-06;
2.48044e-05;0;0;0;-4.96771e-06;
2.48144e-05;0;0;0;-4.96672e-06;
2.48244e-05;0;0;0;-4.96572e-06;
2.48344e-05;0;0;0;-4.96473e-06;
2.48444e-05;0;0;0;-4.96374e-06;
2.48544e-05;0;0;0;-4.96274e-06;
2.48644e-05;0;0;0;-4.96175e-06;
2.48744e-05;0;0;0;-4.96076e-06;
2.48844e-05;0;0;0;-4.95977e-06;
2.48944e-05;0;0;0;-4.95877e-06;
2.49044e-05;0;0;0;-4.95778e-06;
2.49144e-05;0;0;0;-4.95679e-06;
2.49244e-05;0;0;0;-4.9558e-06;
2.49344e-05;0;0;0;-4.95481e-06;
2.49444e-05;0;0;0;-4.95382e-06;
2.49544e-05;0;0;0;-4.95282e-06;
2.49644e-05;0;0;0;-4.95183e-06;
2.49744e-05;0;0;0;-4.95084e-06;
2.49844e-05;0;0;0;-4.94985e-06;
2.49944e-05;0;0;0;-4.94886e-06;
2.50044e-05;0;0;0;-4.94787e-06;
2.50144e-05;0;0;0;-4.94688e-06;
2.50244e-05;0;0;0;-4.94589e-06;
2.50344e-05;0;0;0;-4.9449e-06;
2.50444e-05;0;0;0;-4.94392e-06;
2.50544e-05;0;0;0;-4.94293e-06;
2.50644e-05;0;0;0;-4.94194e-06;
2.50744e-05;0;0;0;-4.94095e-06;
2.50844e-05;0;0;0;-4.93996e-06;
2.50944e-05;0;0;0;-4.93897e-06;
2.51044e-05;0;0;0;-4.93798e-06;
2.51144e-05;0;0;0;-4.937e-06;
2.51244e-05;0;0;0;-4.93601e-06;
2.51344e-05;0;0;0;-4.93502e-06;
2.51444e-05;0;0;0;-4.93403e-06;
2.51544e-05;0;0;0;-4.93305e-06;
2.51644e-05;0;0;0;-4.93206e-06;
2.51744e-05;0;0;0;-4.93107e-06;
2.51844e-05;0;0;0;-4.93009e-06;
2.51944e-05;0;0;0;-4.9291e-06;
2.52044e-05;0;0;0;-4.92812e-06;
2.52144e-05;0;0;0;-4.92713e-06;
2.52244e-05;0;0;0;-4.92614e-06;
2.52344e-05;0;0;0;-4.92516e-06;
2.52444e-05;0;0;0;-4.92417e-06;
2.52544e-05;0;0;0;-4.92319e-06;
2.52644e-05;0;0;0;-4.9222e-06;
2.52744e-05;0;0;0;-4.92122e-06;
2.52844e-05;0;0;0;-4.92024e-06;
2.52944e-05;0;0;0;-4.91925e-06;
2.53044e-05;0;0;0;-4.91827e-06;
2.53144e-05;0;0;0;-4.91728e-06;
2.53244e-05;0;0;0;-4.9163e-06;
2.53344e-05;0;0;0;-4.91532e-06;
2.53444e-05;0;0;0;-4.91433e-06;
2.53544e-05;0;0;0;-4.91335e-06;
2.53644e-05;0;0;0;-4.91237e-06;
2.53744e-05;0;0;0;-4.91138e-06;
2.53844e-05;0;0;0;-4.9104e-06;
2.53944e-05;0;0;0;-4.90942e-06;
2.54044e-05;0;0;0;-4.90844e-06;
2.54144e-05;0;0;0;-4.90746e-06;
2.54244e-05;0;0;0;-4.90647e-06;
2.54344e-05;0;0;0;-4.90549e-06;
2.54444e-05;0;0;0;-4.90451e-06;
2.54544e-05;0;0;0;-4.90353e-06;
2.54644e-05;0;0;0;-4.90255e-06;
2.54744e-05;0;0;0;-4.90157e-06;
2.54844e-05;0;0;0;-4.90059e-06;
2.54944e-05;0;0;0;-4.89961e-06;
2.55044e-05;0;0;0;-4.89863e-06;
2.55144e-05;0;0;0;-4.89765e-06;
2.55244e-05;0;0;0;-4.89667e-06;
2.55344e-05;0;0;0;-4.89569e-06;
2.55444e-05;0;0;0;-4.89471e-06;
2.55544e-05;0;0;0;-4.89373e-06;
2.55644e-05;0;0;0;-4.89275e-06;
2.55744e-05;0;0;0;-4.89177e-06;
2.55844e-05;0;0;0;-4.89079e-06;
2.55944e-05;0;0;0;-4.88981e-06;
2.56044e-05;0;0;0;-4.88884e-06;
2.56144e-05;0;0;0;-4.88786e-06;
2.56244e-05;0;0;0;-4.88688e-06;
2.56344e-05;0;0;0;-4.8859e-06;
2.56444e-05;0;0;0;-4.88493e-06;
2.56544e-05;0;0;0;-4.88395e-06;
2.56644e-05;0;0;0;-4.88297e-06;
2.56744e-05;0;0;0;-4.882e-06;
2.56844e-05;0;0;0;-4.88102e-06;
2.56944e-05;0;0;0;-4.88004e-06;
2.57044e-05;0;0;0;-4.87907e-06;
2.57144e-05;0;0;0;-4.87809e-06;
2.57244e-05;0;0;0;-4.87711e-06;
2.57344e-05;0;0;0;-4.87614e-06;
2.57444e-05;0;0;0;-4.87516e-06;
2.57544e-05;0;0;0;-4.87419e-06;
2.57644e-05;0;0;0;-4.87321e-06;
2.57744e-05;0;0;0;-4.87224e-06;
2.57844e-05;0;0;0;-4.87126e-06;
2.57944e-05;0;0;0;-4.87029e-06;
2.58044e-05;0;0;0;-4.86931e-06;
2.58144e-05;0;0;0;-4.86834e-06;
2.58244e-05;0;0;0;-4.86737e-06;
2.58344e-05;0;0;0;-4.86639e-06;
2.58444e-05;0;0;0;-4.86542e-06;
2.58544e-05;0;0;0;-4.86445e-06;
2.58644e-05;0;0;0;-4.86347e-06;
2.58744e-05;0;0;0;-4.8625e-06;
2.58844e-05;0;0;0;-4.86153e-06;
2.58944e-05;0;0;0;-4.86055e-06;
2.59044e-05;0;0;0;-4.85958e-06;
2.59144e-05;0;0;0;-4.85861e-06;
2.59244e-05;0;0;0;-4.85764e-06;
2.59344e-05;0;0;0;-4.85667e-06;
2.59444e-05;0;0;0;-4.85569e-06;
2.59544e-05;0;0;0;-4.85472e-06;
2.59644e-05;0;0;0;-4.85375e-06;
2.59744e-05;0;0;0;-4.85278e-06;
2.59844e-05;0;0;0;-4.85181e-06;
2.59944e-05;0;0;0;-4.85084e-06;
2.60044e-05;0;0;0;-4.84987e-06;
2.60144e-05;0;0;0;-4.8489e-06;
2.60244e-05;0;0;0;-4.84793e-06;
2.60344e-05;0;0;0;-4.84696e-06;
2.60444e-05;0;0;0;-4.84599e-06;
2.60544e-05;0;0;0;-4.84502e-06;
2.60644e-05;0;0;0;-4.84405e-06;
2.60744e-05;0;0;0;-4.84308e-06;
2.60844e-05;0;0;0;-4.84211e-06;
2.60944e-05;0;0;0;-4.84114e-06;
2.61044e-05;0;0;0;-4.84018e-06;
2.61144e-05;0;0;0;-4.83921e-06;
2.61244e-05;0;0;0;-4.83824e-06;
2.61344e-05;0;0;0;-4.83727e-06;
2.61444e-05;0;0;0;-4.8363e-06;
2.61544e-05;0;0;0;-4.83534e-06;
2.61644e-05;0;0;0;-4.83437e-06;
2.61744e-05;0;0;0;-4.8334e-06;
2.61844e-05;0;0;0;-4.83244e-06;
2.61944e-05;0;0;0;-4.83147e-06;
2.62044e-05;0;0;0;-4.8305e-06;
2.62144e-05;0;0;0;-4.82954e-06;
2.62244e-05;0;0;0;-4.82857e-06;
2.62344e-05;0;0;0;-4.8276e-06;
2.62444e-05;0;0;0;-4.82664e-06;
2.62544e-05;0;0;0;-4.82567e-06;
2.62644e-05;0;0;0;-4.82471e-06;
2.62744e-05;0;0;0;-4.82374e-06;
2.62844e-05;0;0;0;-4.82278e-06;
2.62944e-05;0;0;0;-4.82181e-06;
2.63044e-05;0;0;0;-4.82085e-06;
2.63144e-05;0;0;0;-4.81988e-06;
2.63244e-05;0;0;0;-4.81892e-06;
2.63344e-05;0;0;0;-4.81795e-06;
2.63444e-05;0;0;0;-4.81699e-06;
2.63544e-05;0;0;0;-4.81603e-06;
2.63644e-05;0;0;0;-4.81506e-06;
2.63744e-05;0;0;0;-4.8141e-06;
2.63844e-05;0;0;0;-4.81314e-06;
2.63944e-05;0;0;0;-4.81217e-06;
2.64044e-05;0;0;0;-4.81121e-06;
2.64144e-05;0;0;0;-4.81025e-06;
2.64244e-05;0;0;0;-4.80929e-06;
2.64344e-05;0;0;0;-4.80832e-06;
2.64444e-05;0;0;0;-4.80736e-06;
2.64544e-05;0;0;0;-4.8064e-06;
2.64644e-05;0;0;0;-4.80544e-06;
2.64744e-05;0;0;0;-4.80448e-06;
2.64844e-05;0;0;0;-4.80352e-06;
2.64944e-05;0;0;0;-4.80256e-06;
2.65044e-05;0;0;0;-4.8016e-06;
2.65144e-05;0;0;0;-4.80063e-06;
2.65244e-05;0;0;0;-4.79967e-06;
2.65344e-05;0;0;0;-4.79871e-06;
2.65444e-05;0;0;0;-4.79775e-06;
2.65544e-05;0;0;0;-4.79679e-06;
2.65644e-05;0;0;0;-4.79583e-06;
2.65744e-05;0;0;0;-4.79488e-06;
2.65844e-05;0;0;0;-4.79392e-06;
2.65944e-05;0;0;0;-4.79296e-06;
2.66044e-05;0;0;0;-4.792e-06;
2.66144e-05;0;0;0;-4.79104e-06;
2.66244e-05;0;0;0;-4.79008e-06;
2.66344e-05;0;0;0;-4.78912e-06;
2.66444e-05;0;0;0;-4.78816e-06;
2.66544e-05;0;0;0;-4.78721e-06;
2.66644e-05;0;0;0;-4.78625e-06;
2.66744e-05;0;0;0;-4.78529e-06;
2.66844e-05;0;0;0;-4.78433e-06;
2.66944e-05;0;0;0;-4.78338e-06;
2.67044e-05;0;0;0;-4.78242e-06;
2.67144e-05;0;0;0;-4.78146e-06;
2.67244e-05;0;0;0;-4.78051e-06;
2.67344e-05;0;0;0;-4.77955e-06;
2.67444e-05;0;0;0;-4.77859e-06;
2.67544e-05;0;0;0;-4.77764e-06;
2.67644e-05;0;0;0;-4.77668e-06;
2.67744e-05;0;0;0;-4.77573e-06;
2.67844e-05;0;0;0;-4.77477e-06;
2.67944e-05;0;0;0;-4.77382e-06;
2.68044e-05;0;0;0;-4.77286e-06;
2.68144e-05;0;0;0;-4.77191e-06;
2.68244e-05;0;0;0;-4.77095e-06;
2.68344e-05;0;0;0;-4.77e-06;
2.68444e-05;0;0;0;-4.76904e-06;
2.68544e-05;0;0;0;-4.76809e-06;
2.68644e-05;0;0;0;-4.76714e-06;
2.68744e-05;0;0;0;-4.76618e-06;
2.68844e-05;0;0;0;-4.76523e-06;
2.68944e-05;0;0;0;-4.76428e-06;
2.69044e-05;0;0;0;-4.76332e-06;
2.69144e-05;0;0;0;-4.76237e-06;
2.69244e-05;0;0;0;-4.76142e-06;
2.69344e-05;0;0;0;-4.76046e-06;
2.69444e-05;0;0;0;-4.75951e-06;
2.69544e-05;0;0;0;-4.75856e-06;
2.69644e-05;0;0;0;-4.75761e-06;
2.69744e-05;0;0;0;-4.75666e-06;
2.69844e-05;0;0;0;-4.7557e-06;
2.69944e-05;0;0;0;-4.75475e-06;
2.70044e-05;0;0;0;-4.7538e-06;
2.70144e-05;0;0;0;-4.75285e-06;
2.70244e-05;0;0;0;-4.7519e-06;
2.70344e-05;0;0;0;-4.75095e-06;
2.70444e-05;0;0;0;-4.75e-06;
2.70544e-05;0;0;0;-4.74905e-06;
2.70644e-05;0;0;0;-4.7481e-06;
2.70744e-05;0;0;0;-4.74715e-06;
2.70844e-05;0;0;0;-4.7462e-06;
2.70944e-05;0;0;0;-4.74525e-06;
2.71044e-05;0;0;0;-4.7443e-06;
2.71144e-05;0;0;0;-4.74335e-06;
2.71244e-05;0;0;0;-4.7424e-06;
2.71344e-05;0;0;0;-4.74145e-06;
2.71444e-05;0;0;0;-4.7405e-06;
2.71544e-05;0;0;0;-4.73956e-06;
2.71644e-05;0;0;0;-4.73861e-06;
2.71744e-05;0;0;0;-4.73766e-06;
2.71844e-05;0;0;0;-4.73671e-06;
2.71944e-05;0;0;0;-4.73576e-06;
2.72044e-05;0;0;0;-4.73482e-06;
2.72144e-05;0;0;0;-4.73387e-06;
2.72244e-05;0;0;0;-4.73292e-06;
2.72344e-05;0;0;0;-4.73198e-06;
2.72444e-05;0;0;0;-4.73103e-06;
2.72544e-05;0;0;0;-4.73008e-06;
2.72644e-05;0;0;0;-4.72914e-06;
2.72744e-05;0;0;0;-4.72819e-06;
2.72844e-05;0;0;0;-4.72724e-06;
2.72944e-05;0;0;0;-4.7263e-06;
2.73044e-05;0;0;0;-4.72535e-06;
2.73144e-05;0;0;0;-4.72441e-06;
2.73244e-05;0;0;0;-4.72346e-06;
2.73344e-05;0;0;0;-4.72252e-06;
2.73444e-05;0;0;0;-4.72157e-06;
2.73544e-05;0;0;0;-4.72063e-06;
2.73644e-05;0;0;0;-4.71968e-06;
2.73744e-05;0;0;0;-4.71874e-06;
2.73844e-05;0;0;0;-4.7178e-06;
2.73944e-05;0;0;0;-4.71685e-06;
2.74044e-05;0;0;0;-4.71591e-06;
2.74144e-05;0;0;0;-4.71496e-06;
2.74244e-05;0;0;0;-4.71402e-06;
2.74344e-05;0;0;0;-4.71308e-06;
2.74444e-05;0;0;0;-4.71214e-06;
2.74544e-05;0;0;0;-4.71119e-06;
2.74644e-05;0;0;0;-4.71025e-06;
2.74744e-05;0;0;0;-4.70931e-06;
2.74844e-05;0;0;0;-4.70837e-06;
2.74944e-05;0;0;0;-4.70742e-06;
2.75044e-05;0;0;0;-4.70648e-06;
2.75144e-05;0;0;0;-4.70554e-06;
2.75244e-05;0;0;0;-4.7046e-06;
2.75344e-05;0;0;0;-4.70366e-06;
2.75444e-05;0;0;0;-4.70272e-06;
2.75544e-05;0;0;0;-4.70178e-06;
2.75644e-05;0;0;0;-4.70084e-06;
2.75744e-05;0;0;0;-4.6999e-06;
2.75844e-05;0;0;0;-4.69895e-06;
2.75944e-05;0;0;0;-4.69801e-06;
2.76044e-05;0;0;0;-4.69708e-06;
2.76144e-05;0;0;0;-4.69614e-06;
2.76244e-05;0;0;0;-4.6952e-06;
2.76344e-05;0;0;0;-4.69426e-06;
2.76444e-05;0;0;0;-4.69332e-06;
2.76544e-05;0;0;0;-4.69238e-06;
2.76644e-05;0;0;0;-4.69144e-06;
2.76744e-05;0;0;0;-4.6905e-06;
2.76844e-05;0;0;0;-4.68956e-06;
2.76944e-05;0;0;0;-4.68862e-06;
2.77044e-05;0;0;0;-4.68769e-06;
2.77144e-05;0;0;0;-4.68675e-06;
2.77244e-05;0;0;0;-4.68581e-06;
2.77344e-05;0;0;0;-4.68487e-06;
2.77444e-05;0;0;0;-4.68394e-06;
2.77544e-05;0;0;0;-4.683e-06;
2.77644e-05;0;0;0;-4.68206e-06;
2.77744e-05;0;0;0;-4.68113e-06;
2.77844e-05;0;0;0;-4.68019e-06;
2.77944e-05;0;0;0;-4.67925e-06;
2.78044e-05;0;0;0;-4.67832e-06;
2.78144e-05;0;0;0;-4.67738e-06;
2.78244e-05;0;0;0;-4.67645e-06;
2.78344e-05;0;0;0;-4.67551e-06;
2.78444e-05;0;0;0;-4.67457e-06;
2.78544e-05;0;0;0;-4.67364e-06;
2.78644e-05;0;0;0;-4.6727e-06;
2.78744e-05;0;0;0;-4.67177e-06;
2.78844e-05;0;0;0;-4.67083e-06;
2.78944e-05;0;0;0;-4.6699e-06;
2.79044e-05;0;0;0;-4.66897e-06;
2.79144e-05;0;0;0;-4.66803e-06;
2.79244e-05;0;0;0;-4.6671e-06;
2.79344e-05;0;0;0;-4.66616e-06;
2.79444e-05;0;0;0;-4.66523e-06;
2.79544e-05;0;0;0;-4.6643e-06;
2.79644e-05;0;0;0;-4.66336e-06;
2.79744e-05;0;0;0;-4.66243e-06;
2.79844e-05;0;0;0;-4.6615e-06;
2.79944e-05;0;0;0;-4.66057e-06;
2.80044e-05;0;0;0;-4.65963e-06;
2.80144e-05;0;0;0;-4.6587e-06;
2.80244e-05;0;0;0;-4.65777e-06;
2.80344e-05;0;0;0;-4.65684e-06;
2.80444e-05;0;0;0;-4.65591e-06;
2.80544e-05;0;0;0;-4.65497e-06;
2.80644e-05;0;0;0;-4.65404e-06;
2.80744e-05;0;0;0;-4.65311e-06;
2.80844e-05;0;0;0;-4.65218e-06;
2.80944e-05;0;0;0;-4.65125e-06;
2.81044e-05;0;0;0;-4.65032e-06;
2.81144e-05;0;0;0;-4.64939e-06;
2.81244e-05;0;0;0;-4.64846e-06;
2.81344e-05;0;0;0;-4.64753e-06;
2.81444e-05;0;0;0;-4.6466e-06;
2.81544e-05;0;0;0;-4.64567e-06;
2.81644e-05;0;0;0;-4.64474e-06;
2.81744e-05;0;0;0;-4.64381e-06;
2.81844e-05;0;0;0;-4.64288e-06;
2.81944e-05;0;0;0;-4.64195e-06;
2.82044e-05;0;0;0;-4.64103e-06;
2.82144e-05;0;0;0;-4.6401e-06;
2.82244e-05;0;0;0;-4.63917e-06;
2.82344e-05;0;0;0;-4.63824e-06;
2.82444e-05;0;0;0;-4.63731e-06;
2.82544e-05;0;0;0;-4.63638e-06;
2.82644e-05;0;0;0;-4.63546e-06;
2.82744e-05;0;0;0;-4.63453e-06;
2.82844e-05;0;0;0;-4.6336e-06;
2.82944e-05;0;0;0;-4.63268e-06;
2.83044e-05;0;0;0;-4.63175e-06;
2.83144e-05;0;0;0;-4.63082e-06;
2.83244e-05;0;0;0;-4.6299e-06;
2.83344e-05;0;0;0;-4.62897e-06;
2.83444e-05;0;0;0;-4.62804e-06;
2.83544e-05;0;0;0;-4.62712e-06;
2.83644e-05;0;0;0;-4.62619e-06;
2.83744e-05;0;0;0;-4.62527e-06;
2.83844e-05;0;0;0;-4.62434e-06;
2.83944e-05;0;0;0;-4.62342e-06;
2.84044e-05;0;0;0;-4.62249e-06;
2.84144e-05;0;0;0;-4.62157e-06;
2.84244e-05;0;0;0;-4.62064e-06;
2.84344e-05;0;0;0;-4.61972e-06;
2.84444e-05;0;0;0;-4.61879e-06;
2.84544e-05;0;0;0;-4.61787e-06;
2.84644e-05;0;0;0;-4.61695e-06;
2.84744e-05;0;0;0;-4.61602e-06;
2.84844e-05;0;0;0;-4.6151e-06;
2.84944e-05;0;0;0;-4.61417e-06;
2.85044e-05;0;0;0;-4.61325e-06;
2.85144e-05;0;0;0;-4.61233e-06;
2.85244e-05;0;0;0;-4.61141e-06;
2.85344e-05;0;0;0;-4.61048e-06;
2.85444e-05;0;0;0;-4.60956e-06;
2.85544e-05;0;0;0;-4.60864e-06;
2.85644e-05;0;0;0;-4.60772e-06;
2.85744e-05;0;0;0;-4.6068e-06;
2.85844e-05;0;0;0;-4.60587e-06;
2.85944e-05;0;0;0;-4.60495e-06;
2.86044e-05;0;0;0;-4.60403e-06;
2.86144e-05;0;0;0;-4.60311e-06;
2.86244e-05;0;0;0;-4.60219e-06;
2.86344e-05;0;0;0;-4.60127e-06;
2.86444e-05;0;0;0;-4.60035e-06;
2.86544e-05;0;0;0;-4.59943e-06;
2.86644e-05;0;0;0;-4.59851e-06;
2.86744e-05;0;0;0;-4.59759e-06;
2.86844e-05;0;0;0;-4.59667e-06;
2.86944e-05;0;0;0;-4.59575e-06;
2.87044e-05;0;0;0;-4.59483e-06;
2.87144e-05;0;0;0;-4.59391e-06;
2.87244e-05;0;0;0;-4.59299e-06;
2.87344e-05;0;0;0;-4.59207e-06;
2.87444e-05;0;0;0;-4.59115e-06;
2.87544e-05;0;0;0;-4.59023e-06;
2.87644e-05;0;0;0;-4.58932e-06;
2.87744e-05;0;0;0;-4.5884e-06;
2.87844e-05;0;0;0;-4.58748e-06;
2.87944e-05;0;0;0;-4.58656e-06;
2.88044e-05;0;0;0;-4.58564e-06;
2.88144e-05;0;0;0;-4.58473e-06;
2.88244e-05;0;0;0;-4.58381e-06;
2.88344e-05;0;0;0;-4.58289e-06;
2.88444e-05;0;0;0;-4.58198e-06;
2.88544e-05;0;0;0;-4.58106e-06;
2.88644e-05;0;0;0;-4.58014e-06;
2.88744e-05;0;0;0;-4.57923e-06;
2.88844e-05;0;0;0;-4.57831e-06;
2.88944e-05;0;0;0;-4.57739e-06;
2.89044e-05;0;0;0;-4.57648e-06;
2.89144e-05;0;0;0;-4.57556e-06;
2.89244e-05;0;0;0;-4.57465e-06;
2.89344e-05;0;0;0;-4.57373e-06;
2.89444e-05;0;0;0;-4.57282e-06;
2.89544e-05;0;0;0;-4.5719e-06;
2.89644e-05;0;0;0;-4.57099e-06;
2.89744e-05;0;0;0;-4.57007e-06;
2.89844e-05;0;0;0;-4.56916e-06;
2.89944e-05;0;0;0;-4.56825e-06;
2.90044e-05;0;0;0;-4.56733e-06;
2.90144e-05;0;0;0;-4.56642e-06;
2.90244e-05;0;0;0;-4.5655e-06;
2.90344e-05;0;0;0;-4.56459e-06;
2.90444e-05;0;0;0;-4.56368e-06;
2.90544e-05;0;0;0;-4.56276e-06;
2.90644e-05;0;0;0;-4.56185e-06;
2.90744e-05;0;0;0;-4.56094e-06;
2.90844e-05;0;0;0;-4.56003e-06;
2.90944e-05;0;0;0;-4.55911e-06;
2.91044e-05;0;0;0;-4.5582e-06;
2.91144e-05;0;0;0;-4.55729e-06;
2.91244e-05;0;0;0;-4.55638e-06;
2.91344e-05;0;0;0;-4.55547e-06;
2.91444e-05;0;0;0;-4.55456e-06;
2.91544e-05;0;0;0;-4.55364e-06;
2.91644e-05;0;0;0;-4.55273e-06;
2.91744e-05;0;0;0;-4.55182e-06;
2.91844e-05;0;0;0;-4.55091e-06;
2.91944e-05;0;0;0;-4.55e-06;
2.92044e-05;0;0;0;-4.54909e-06;
2.92144e-05;0;0;0;-4.54818e-06;
2.92244e-05;0;0;0;-4.54727e-06;
2.92344e-05;0;0;0;-4.54636e-06;
2.92444e-05;0;0;0;-4.54545e-06;
2.92544e-05;0;0;0;-4.54454e-06;
2.92644e-05;0;0;0;-4.54363e-06;
2.92744e-05;0;0;0;-4.54272e-06;
2.92844e-05;0;0;0;-4.54182e-06;
2.92944e-05;0;0;0;-4.54091e-06;
2.93044e-05;0;0;0;-4.54e-06;
2.93144e-05;0;0;0;-4.53909e-06;
2.93244e-05;0;0;0;-4.53818e-06;
2.93344e-05;0;0;0;-4.53727e-06;
2.93444e-05;0;0;0;-4.53637e-06;
2.93544e-05;0;0;0;-4.53546e-06;
2.93644e-05;0;0;0;-4.53455e-06;
2.93744e-05;0;0;0;-4.53364e-06;
2.93844e-05;0;0;0;-4.53274e-06;
2.93944e-05;0;0;0;-4.53183e-06;
2.94044e-05;0;0;0;-4.53092e-06;
2.94144e-05;0;0;0;-4.53002e-06;
2.94244e-05;0;0;0;-4.52911e-06;
2.94344e-05;0;0;0;-4.52821e-06;
2.94444e-05;0;0;0;-4.5273e-06;
2.94544e-05;0;0;0;-4.52639e-06;
2.94644e-05;0;0;0;-4.52549e-06;
2.94744e-05;0;0;0;-4.52458e-06;
2.94844e-05;0;0;0;-4.52368e-06;
2.94944e-05;0;0;0;-4.52277e-06;
2.95044e-05;0;0;0;-4.52187e-06;
2.95144e-05;0;0;0;-4.52096e-06;
2.95244e-05;0;0;0;-4.52006e-06;
2.95344e-05;0;0;0;-4.51915e-06;
2.95444e-05;0;0;0;-4.51825e-06;
2.95544e-05;0;0;0;-4.51735e-06;
2.95644e-05;0;0;0;-4.51644e-06;
2.95744e-05;0;0;0;-4.51554e-06;
2.95844e-05;0;0;0;-4.51464e-06;
2.95944e-05;0;0;0;-4.51373e-06;
2.96044e-05;0;0;0;-4.51283e-06;
2.96144e-05;0;0;0;-4.51193e-06;
2.96244e-05;0;0;0;-4.51102e-06;
2.96344e-05;0;0;0;-4.51012e-06;
2.96444e-05;0;0;0;-4.50922e-06;
2.96544e-05;0;0;0;-4.50832e-06;
2.96644e-05;0;0;0;-4.50742e-06;
2.96744e-05;0;0;0;-4.50651e-06;
2.96844e-05;0;0;0;-4.50561e-06;
2.96944e-05;0;0;0;-4.50471e-06;
2.97044e-05;0;0;0;-4.50381e-06;
2.97144e-05;0;0;0;-4.50291e-06;
2.97244e-05;0;0;0;-4.50201e-06;
2.97344e-05;0;0;0;-4.50111e-06;
2.97444e-05;0;0;0;-4.50021e-06;
2.97544e-05;0;0;0;-4.49931e-06;
2.97644e-05;0;0;0;-4.49841e-06;
2.97744e-05;0;0;0;-4.49751e-06;
2.97844e-05;0;0;0;-4.49661e-06;
2.97944e-05;0;0;0;-4.49571e-06;
2.98044e-05;0;0;0;-4.49481e-06;
2.98144e-05;0;0;0;-4.49391e-06;
2.98244e-05;0;0;0;-4.49301e-06;
2.98344e-05;0;0;0;-4.49211e-06;
2.98444e-05;0;0;0;-4.49121e-06;
2.98544e-05;0;0;0;-4.49031e-06;
2.98644e-05;0;0;0;-4.48941e-06;
2.98744e-05;0;0;0;-4.48852e-06;
2.98844e-05;0;0;0;-4.48762e-06;
2.98944e-05;0;0;0;-4.48672e-06;
2.99044e-05;0;0;0;-4.48582e-06;
2.99144e-05;0;0;0;-4.48493e-06;
2.99244e-05;0;0;0;-4.48403e-06;
2.99344e-05;0;0;0;-4.48313e-06;
2.99444e-05;0;0;0;-4.48223e-06;
2.99544e-05;0;0;0;-4.48134e-06;
2.99644e-05;0;0;0;-4.48044e-06;
2.99744e-05;0;0;0;-4.47954e-06;
2.99844e-05;0;0;0;-4.47865e-06;
2.99944e-05;0;0;0;-4.47775e-06;
3.00044e-05;0;0;0;-4.47686e-06;
3.00144e-05;0;0;0;-4.47596e-06;
3.00244e-05;0;0;0;-4.47507e-06;
3.00344e-05;0;0;0;-4.47417e-06;
3.00444e-05;0;0;0;-4.47328e-06;
3.00544e-05;0;0;0;-4.47238e-06;
3.00644e-05;0;0;0;-4.47149e-06;
3.00744e-05;0;0;0;-4.47059e-06;
3.00844e-05;0;0;0;-4.4697e-06;
3.00944e-05;0;0;0;-4.4688e-06;
3.01044e-05;0;0;0;-4.46791e-06;
3.01144e-05;0;0;0;-4.46701e-06;
3.01244e-05;0;0;0;-4.46612e-06;
3.01344e-05;0;0;0;-4.46523e-06;
3.01444e-05;0;0;0;-4.46433e-06;
3.01544e-05;0;0;0;-4.46344e-06;
3.01644e-05;0;0;0;-4.46255e-06;
3.01744e-05;0;0;0;-4.46166e-06;
3.01844e-05;0;0;0;-4.46076e-06;
3.01944e-05;0;0;0;-4.45987e-06;
3.02044e-05;0;0;0;-4.45898e-06;
3.02144e-05;0;0;0;-4.45809e-06;
3.02244e-05;0;0;0;-4.45719e-06;
3.02344e-05;0;0;0;-4.4563e-06;
3.02444e-05;0;0;0;-4.45541e-06;
3.02544e-05;0;0;0;-4.45452e-06;
3.02644e-05;0;0;0;-4.45363e-06;
3.02744e-05;0;0;0;-4.45274e-06;
3.02844e-05;0;0;0;-4.45185e-06;
3.02944e-05;0;0;0;-4.45096e-06;
3.03044e-05;0;0;0;-4.45007e-06;
3.03144e-05;0;0;0;-4.44918e-06;
3.03244e-05;0;0;0;-4.44828e-06;
3.03344e-05;0;0;0;-4.4474e-06;
3.03444e-05;0;0;0;-4.44651e-06;
3.03544e-05;0;0;0;-4.44562e-06;
3.03644e-05;0;0;0;-4.44473e-06;
3.03744e-05;0;0;0;-4.44384e-06;
3.03844e-05;0;0;0;-4.44295e-06;
3.03944e-05;0;0;0;-4.44206e-06;
3.04044e-05;0;0;0;-4.44117e-06;
3.04144e-05;0;0;0;-4.44028e-06;
3.04244e-05;0;0;0;-4.43939e-06;
3.04344e-05;0;0;0;-4.43851e-06;
3.04444e-05;0;0;0;-4.43762e-06;
3.04544e-05;0;0;0;-4.43673e-06;
3.04644e-05;0;0;0;-4.43584e-06;
3.04744e-05;0;0;0;-4.43495e-06;
3.04844e-05;0;0;0;-4.43407e-06;
3.04944e-05;0;0;0;-4.43318e-06;
3.05044e-05;0;0;0;-4.43229e-06;
3.05144e-05;0;0;0;-4.43141e-06;
3.05244e-05;0;0;0;-4.43052e-06;
3.05344e-05;0;0;0;-4.42963e-06;
3.05444e-05;0;0;0;-4.42875e-06;
3.05544e-05;0;0;0;-4.42786e-06;
3.05644e-05;0;0;0;-4.42698e-06;
3.05744e-05;0;0;0;-4.42609e-06;
3.05844e-05;0;0;0;-4.4252e-06;
3.05944e-05;0;0;0;-4.42432e-06;
3.06044e-05;0;0;0;-4.42343e-06;
3.06144e-05;0;0;0;-4.42255e-06;
3.06244e-05;0;0;0;-4.42166e-06;
3.06344e-05;0;0;0;-4.42078e-06;
3.06444e-05;0;0;0;-4.4199e-06;
3.06544e-05;0;0;0;-4.41901e-06;
3.06644e-05;0;0;0;-4.41813e-06;
3.06744e-05;0;0;0;-4.41724e-06;
3.06844e-05;0;0;0;-4.41636e-06;
3.06944e-05;0;0;0;-4.41548e-06;
3.07044e-05;0;0;0;-4.41459e-06;
3.07144e-05;0;0;0;-4.41371e-06;
3.07244e-05;0;0;0;-4.41283e-06;
3.07344e-05;0;0;0;-4.41194e-06;
3.07444e-05;0;0;0;-4.41106e-06;
3.07544e-05;0;0;0;-4.41018e-06;
3.07644e-05;0;0;0;-4.4093e-06;
3.07744e-05;0;0;0;-4.40841e-06;
3.07844e-05;0;0;0;-4.40753e-06;
3.07944e-05;0;0;0;-4.40665e-06;
3.08044e-05;0;0;0;-4.40577e-06;
3.08144e-05;0;0;0;-4.40489e-06;
3.08244e-05;0;0;0;-4.40401e-06;
3.08344e-05;0;0;0;-4.40313e-06;
3.08444e-05;0;0;0;-4.40224e-06;
3.08544e-05;0;0;0;-4.40136e-06;
3.08644e-05;0;0;0;-4.40048e-06;
3.08744e-05;0;0;0;-4.3996e-06;
3.08844e-05;0;0;0;-4.39872e-06;
3.08944e-05;0;0;0;-4.39784e-06;
3.09044e-05;0;0;0;-4.39696e-06;
3.09144e-05;0;0;0;-4.39608e-06;
3.09244e-05;0;0;0;-4.3952e-06;
3.09344e-05;0;0;0;-4.39432e-06;
3.09444e-05;0;0;0;-4.39345e-06;
3.09544e-05;0;0;0;-4.39257e-06;
3.09644e-05;0;0;0;-4.39169e-06;
3.09744e-05;0;0;0;-4.39081e-06;
3.09844e-05;0;0;0;-4.38993e-06;
3.09944e-05;0;0;0;-4.38905e-06;
3.10044e-05;0;0;0;-4.38817e-06;
3.10144e-05;0;0;0;-4.3873e-06;
3.10244e-05;0;0;0;-4.38642e-06;
3.10344e-05;0;0;0;-4.38554e-06;
3.10444e-05;0;0;0;-4.38466e-06;
3.10544e-05;0;0;0;-4.38379e-06;
3.10644e-05;0;0;0;-4.38291e-06;
3.10744e-05;0;0;0;-4.38203e-06;
3.10844e-05;0;0;0;-4.38116e-06;
3.10944e-05;0;0;0;-4.38028e-06;
3.11044e-05;0;0;0;-4.3794e-06;
3.11144e-05;0;0;0;-4.37853e-06;
3.11244e-05;0;0;0;-4.37765e-06;
3.11344e-05;0;0;0;-4.37678e-06;
3.11444e-05;0;0;0;-4.3759e-06;
3.11544e-05;0;0;0;-4.37502e-06;
3.11644e-05;0;0;0;-4.37415e-06;
3.11744e-05;0;0;0;-4.37327e-06;
3.11844e-05;0;0;0;-4.3724e-06;
3.11944e-05;0;0;0;-4.37152e-06;
3.12044e-05;0;0;0;-4.37065e-06;
3.12144e-05;0;0;0;-4.36978e-06;
3.12244e-05;0;0;0;-4.3689e-06;
3.12344e-05;0;0;0;-4.36803e-06;
3.12444e-05;0;0;0;-4.36715e-06;
3.12544e-05;0;0;0;-4.36628e-06;
3.12644e-05;0;0;0;-4.36541e-06;
3.12744e-05;0;0;0;-4.36453e-06;
3.12844e-05;0;0;0;-4.36366e-06;
3.12944e-05;0;0;0;-4.36279e-06;
3.13044e-05;0;0;0;-4.36191e-06;
3.13144e-05;0;0;0;-4.36104e-06;
3.13244e-05;0;0;0;-4.36017e-06;
3.13344e-05;0;0;0;-4.3593e-06;
3.13444e-05;0;0;0;-4.35842e-06;
3.13544e-05;0;0;0;-4.35755e-06;
3.13644e-05;0;0;0;-4.35668e-06;
3.13744e-05;0;0;0;-4.35581e-06;
3.13844e-05;0;0;0;-4.35494e-06;
3.13944e-05;0;0;0;-4.35407e-06;
3.14044e-05;0;0;0;-4.35319e-06;
3.14144e-05;0;0;0;-4.35232e-06;
3.14244e-05;0;0;0;-4.35145e-06;
3.14344e-05;0;0;0;-4.35058e-06;
3.14444e-05;0;0;0;-4.34971e-06;
3.14544e-05;0;0;0;-4.34884e-06;
3.14644e-05;0;0;0;-4.34797e-06;
3.14744e-05;0;0;0;-4.3471e-06;
3.14844e-05;0;0;0;-4.34623e-06;
3.14944e-05;0;0;0;-4.34536e-06;
3.15044e-05;0;0;0;-4.34449e-06;
3.15144e-05;0;0;0;-4.34362e-06;
3.15244e-05;0;0;0;-4.34276e-06;
3.15344e-05;0;0;0;-4.34189e-06;
3.15444e-05;0;0;0;-4.34102e-06;
3.15544e-05;0;0;0;-4.34015e-06;
3.15644e-05;0;0;0;-4.33928e-06;
3.15744e-05;0;0;0;-4.33841e-06;
3.15844e-05;0;0;0;-4.33755e-06;
3.15944e-05;0;0;0;-4.33668e-06;
3.16044e-05;0;0;0;-4.33581e-06;
3.16144e-05;0;0;0;-4.33494e-06;
3.16244e-05;0;0;0;-4.33408e-06;
3.16344e-05;0;0;0;-4.33321e-06;
3.16444e-05;0;0;0;-4.33234e-06;
3.16544e-05;0;0;0;-4.33147e-06;
3.16644e-05;0;0;0;-4.33061e-06;
3.16744e-05;0;0;0;-4.32974e-06;
3.16844e-05;0;0;0;-4.32888e-06;
3.16944e-05;0;0;0;-4.32801e-06;
3.17044e-05;0;0;0;-4.32714e-06;
3.17144e-05;0;0;0;-4.32628e-06;
3.17244e-05;0;0;0;-4.32541e-06;
3.17344e-05;0;0;0;-4.32455e-06;
3.17444e-05;0;0;0;-4.32368e-06;
3.17544e-05;0;0;0;-4.32282e-06;
3.17644e-05;0;0;0;-4.32195e-06;
3.17744e-05;0;0;0;-4.32109e-06;
3.17844e-05;0;0;0;-4.32022e-06;
3.17944e-05;0;0;0;-4.31936e-06;
3.18044e-05;0;0;0;-4.31849e-06;
3.18144e-05;0;0;0;-4.31763e-06;
3.18244e-05;0;0;0;-4.31677e-06;
3.18344e-05;0;0;0;-4.3159e-06;
3.18444e-05;0;0;0;-4.31504e-06;
3.18544e-05;0;0;0;-4.31418e-06;
3.18644e-05;0;0;0;-4.31331e-06;
3.18744e-05;0;0;0;-4.31245e-06;
3.18844e-05;0;0;0;-4.31159e-06;
3.18944e-05;0;0;0;-4.31073e-06;
3.19044e-05;0;0;0;-4.30986e-06;
3.19144e-05;0;0;0;-4.309e-06;
3.19244e-05;0;0;0;-4.30814e-06;
3.19344e-05;0;0;0;-4.30728e-06;
3.19444e-05;0;0;0;-4.30641e-06;
3.19544e-05;0;0;0;-4.30555e-06;
3.19644e-05;0;0;0;-4.30469e-06;
3.19744e-05;0;0;0;-4.30383e-06;
3.19844e-05;0;0;0;-4.30297e-06;
3.19944e-05;0;0;0;-4.30211e-06;
3.20044e-05;0;0;0;-4.30125e-06;
3.20144e-05;0;0;0;-4.30039e-06;
3.20244e-05;0;0;0;-4.29953e-06;
3.20344e-05;0;0;0;-4.29867e-06;
3.20444e-05;0;0;0;-4.29781e-06;
3.20544e-05;0;0;0;-4.29695e-06;
3.20644e-05;0;0;0;-4.29609e-06;
3.20744e-05;0;0;0;-4.29523e-06;
3.20844e-05;0;0;0;-4.29437e-06;
3.20944e-05;0;0;0;-4.29351e-06;
3.21044e-05;0;0;0;-4.29265e-06;
3.21144e-05;0;0;0;-4.29179e-06;
3.21244e-05;0;0;0;-4.29093e-06;
3.21344e-05;0;0;0;-4.29008e-06;
3.21444e-05;0;0;0;-4.28922e-06;
3.21544e-05;0;0;0;-4.28836e-06;
3.21644e-05;0;0;0;-4.2875e-06;
3.21744e-05;0;0;0;-4.28664e-06;
3.21844e-05;0;0;0;-4.28579e-06;
3.21944e-05;0;0;0;-4.28493e-06;
3.22044e-05;0;0;0;-4.28407e-06;
3.22144e-05;0;0;0;-4.28321e-06;
3.22244e-05;0;0;0;-4.28236e-06;
3.22344e-05;0;0;0;-4.2815e-06;
3.22444e-05;0;0;0;-4.28064e-06;
3.22544e-05;0;0;0;-4.27979e-06;
3.22644e-05;0;0;0;-4.27893e-06;
3.22744e-05;0;0;0;-4.27808e-06;
3.22844e-05;0;0;0;-4.27722e-06;
3.22944e-05;0;0;0;-4.27636e-06;
3.23044e-05;0;0;0;-4.27551e-06;
3.23144e-05;0;0;0;-4.27465e-06;
3.23244e-05;0;0;0;-4.2738e-06;
3.23344e-05;0;0;0;-4.27294e-06;
3.23444e-05;0;0;0;-4.27209e-06;
3.23544e-05;0;0;0;-4.27123e-06;
3.23644e-05;0;0;0;-4.27038e-06;
3.23744e-05;0;0;0;-4.26952e-06;
3.23844e-05;0;0;0;-4.26867e-06;
3.23944e-05;0;0;0;-4.26782e-06;
3.24044e-05;0;0;0;-4.26696e-06;
3.24144e-05;0;0;0;-4.26611e-06;
3.24244e-05;0;0;0;-4.26525e-06;
3.24344e-05;0;0;0;-4.2644e-06;
3.24444e-05;0;0;0;-4.26355e-06;
3.24544e-05;0;0;0;-4.2627e-06;
3.24644e-05;0;0;0;-4.26184e-06;
3.24744e-05;0;0;0;-4.26099e-06;
3.24844e-05;0;0;0;-4.26014e-06;
3.24944e-05;0;0;0;-4.25929e-06;
3.25044e-05;0;0;0;-4.25843e-06;
3.25144e-05;0;0;0;-4.25758e-06;
3.25244e-05;0;0;0;-4.25673e-06;
3.25344e-05;0;0;0;-4.25588e-06;
3.25444e-05;0;0;0;-4.25503e-06;
3.25544e-05;0;0;0;-4.25418e-06;
3.25644e-05;0;0;0;-4.25332e-06;
3.25744e-05;0;0;0;-4.25247e-06;
3.25844e-05;0;0;0;-4.25162e-06;
3.25944e-05;0;0;0;-4.25077e-06;
3.26044e-05;0;0;0;-4.24992e-06;
3.26144e-05;0;0;0;-4.24907e-06;
3.26244e-05;0;0;0;-4.24822e-06;
3.26344e-05;0;0;0;-4.24737e-06;
3.26444e-05;0;0;0;-4.24652e-06;
3.26544e-05;0;0;0;-4.24567e-06;
3.26644e-05;0;0;0;-4.24482e-06;
3.26744e-05;0;0;0;-4.24397e-06;
3.26844e-05;0;0;0;-4.24312e-06;
3.26944e-05;0;0;0;-4.24228e-06;
3.27044e-05;0;0;0;-4.24143e-06;
3.27144e-05;0;0;0;-4.24058e-06;
3.27244e-05;0;0;0;-4.23973e-06;
3.27344e-05;0;0;0;-4.23888e-06;
3.27444e-05;0;0;0;-4.23803e-06;
3.27544e-05;0;0;0;-4.23719e-06;
3.27644e-05;0;0;0;-4.23634e-06;
3.27744e-05;0;0;0;-4.23549e-06;
3.27844e-05;0;0;0;-4.23464e-06;
3.27944e-05;0;0;0;-4.2338e-06;
3.28044e-05;0;0;0;-4.23295e-06;
3.28144e-05;0;0;0;-4.2321e-06;
3.28244e-05;0;0;0;-4.23126e-06;
3.28344e-05;0;0;0;-4.23041e-06;
3.28444e-05;0;0;0;-4.22956e-06;
3.28544e-05;0;0;0;-4.22872e-06;
3.28644e-05;0;0;0;-4.22787e-06;
3.28744e-05;0;0;0;-4.22702e-06;
3.28844e-05;0;0;0;-4.22618e-06;
3.28944e-05;0;0;0;-4.22533e-06;
3.29044e-05;0;0;0;-4.22449e-06;
3.29144e-05;0;0;0;-4.22364e-06;
3.29244e-05;0;0;0;-4.2228e-06;
3.29344e-05;0;0;0;-4.22195e-06;
3.29444e-05;0;0;0;-4.22111e-06;
3.29544e-05;0;0;0;-4.22026e-06;
3.29644e-05;0;0;0;-4.21942e-06;
3.29744e-05;0;0;0;-4.21858e-06;
3.29844e-05;0;0;0;-4.21773e-06;
3.29944e-05;0;0;0;-4.21689e-06;
3.30044e-05;0;0;0;-4.21604e-06;
3.30144e-05;0;0;0;-4.2152e-06;
3.30244e-05;0;0;0;-4.21436e-06;
3.30344e-05;0;0;0;-4.21351e-06;
3.30444e-05;0;0;0;-4.21267e-06;
3.30544e-05;0;0;0;-4.21183e-06;
3.30644e-05;0;0;0;-4.21099e-06;
3.30744e-05;0;0;0;-4.21014e-06;
3.30844e-05;0;0;0;-4.2093e-06;
3.30944e-05;0;0;0;-4.20846e-06;
3.31044e-05;0;0;0;-4.20762e-06;
3.31144e-05;0;0;0;-4.20678e-06;
3.31244e-05;0;0;0;-4.20593e-06;
3.31344e-05;0;0;0;-4.20509e-06;
3.31444e-05;0;0;0;-4.20425e-06;
3.31544e-05;0;0;0;-4.20341e-06;
3.31644e-05;0;0;0;-4.20257e-06;
3.31744e-05;0;0;0;-4.20173e-06;
3.31844e-05;0;0;0;-4.20089e-06;
3.31944e-05;0;0;0;-4.20005e-06;
3.32044e-05;0;0;0;-4.19921e-06;
3.32144e-05;0;0;0;-4.19837e-06;
3.32244e-05;0;0;0;-4.19753e-06;
3.32344e-05;0;0;0;-4.19669e-06;
3.32444e-05;0;0;0;-4.19585e-06;
3.32544e-05;0;0;0;-4.19501e-06;
3.32644e-05;0;0;0;-4.19417e-06;
3.32744e-05;0;0;0;-4.19333e-06;
3.32844e-05;0;0;0;-4.19249e-06;
3.32944e-05;0;0;0;-4.19165e-06;
3.33044e-05;0;0;0;-4.19081e-06;
3.33144e-05;0;0;0;-4.18998e-06;
3.33244e-05;0;0;0;-4.18914e-06;
3.33344e-05;0;0;0;-4.1883e-06;
3.33444e-05;0;0;0;-4.18746e-06;
3.33544e-05;0;0;0;-4.18662e-06;
3.33644e-05;0;0;0;-4.18579e-06;
3.33744e-05;0;0;0;-4.18495e-06;
3.33844e-05;0;0;0;-4.18411e-06;
3.33944e-05;0;0;0;-4.18327e-06;
3.34044e-05;0;0;0;-4.18244e-06;
3.34144e-05;0;0;0;-4.1816e-06;
3.34244e-05;0;0;0;-4.18076e-06;
3.34344e-05;0;0;0;-4.17993e-06;
3.34444e-05;0;0;0;-4.17909e-06;
3.34544e-05;0;0;0;-4.17826e-06;
3.34644e-05;0;0;0;-4.17742e-06;
3.34744e-05;0;0;0;-4.17658e-06;
3.34844e-05;0;0;0;-4.17575e-06;
3.34944e-05;0;0;0;-4.17491e-06;
3.35044e-05;0;0;0;-4.17408e-06;
3.35144e-05;0;0;0;-4.17324e-06;
3.35244e-05;0;0;0;-4.17241e-06;
3.35344e-05;0;0;0;-4.17157e-06;
3.35444e-05;0;0;0;-4.17074e-06;
3.35544e-05;0;0;0;-4.1699e-06;
3.35644e-05;0;0;0;-4.16907e-06;
3.35744e-05;0;0;0;-4.16824e-06;
3.35844e-05;0;0;0;-4.1674e-06;
3.35944e-05;0;0;0;-4.16657e-06;
3.36044e-05;0;0;0;-4.16573e-06;
3.36144e-05;0;0;0;-4.1649e-06;
3.36244e-05;0;0;0;-4.16407e-06;
3.36344e-05;0;0;0;-4.16323e-06;
3.36444e-05;0;0;0;-4.1624e-06;
3.36544e-05;0;0;0;-4.16157e-06;
3.36644e-05;0;0;0;-4.16074e-06;
3.36744e-05;0;0;0;-4.1599e-06;
3.36844e-05;0;0;0;-4.15907e-06;
3.36944e-05;0;0;0;-4.15824e-06;
3.37044e-05;0;0;0;-4.15741e-06;
3.37144e-05;0;0;0;-4.15658e-06;
3.37244e-05;0;0;0;-4.15574e-06;
3.37344e-05;0;0;0;-4.15491e-06;
3.37444e-05;0;0;0;-4.15408e-06;
3.37544e-05;0;0;0;-4.15325e-06;
3.37644e-05;0;0;0;-4.15242e-06;
3.37744e-05;0;0;0;-4.15159e-06;
3.37844e-05;0;0;0;-4.15076e-06;
3.37944e-05;0;0;0;-4.14993e-06;
3.38044e-05;0;0;0;-4.1491e-06;
3.38144e-05;0;0;0;-4.14827e-06;
3.38244e-05;0;0;0;-4.14744e-06;
3.38344e-05;0;0;0;-4.14661e-06;
3.38444e-05;0;0;0;-4.14578e-06;
3.38544e-05;0;0;0;-4.14495e-06;
3.38644e-05;0;0;0;-4.14412e-06;
3.38744e-05;0;0;0;-4.14329e-06;
3.38844e-05;0;0;0;-4.14246e-06;
3.38944e-05;0;0;0;-4.14163e-06;
3.39044e-05;0;0;0;-4.1408e-06;
3.39144e-05;0;0;0;-4.13998e-06;
3.39244e-05;0;0;0;-4.13915e-06;
3.39344e-05;0;0;0;-4.13832e-06;
3.39444e-05;0;0;0;-4.13749e-06;
3.39544e-05;0;0;0;-4.13666e-06;
3.39644e-05;0;0;0;-4.13584e-06;
3.39744e-05;0;0;0;-4.13501e-06;
3.39844e-05;0;0;0;-4.13418e-06;
3.39944e-05;0;0;0;-4.13336e-06;
3.40044e-05;0;0;0;-4.13253e-06;
3.40144e-05;0;0;0;-4.1317e-06;
3.40244e-05;0;0;0;-4.13088e-06;
3.40344e-05;0;0;0;-4.13005e-06;
3.40444e-05;0;0;0;-4.12922e-06;
3.40544e-05;0;0;0;-4.1284e-06;
3.40644e-05;0;0;0;-4.12757e-06;
3.40744e-05;0;0;0;-4.12674e-06;
3.40844e-05;0;0;0;-4.12592e-06;
3.40944e-05;0;0;0;-4.12509e-06;
3.41044e-05;0;0;0;-4.12427e-06;
3.41144e-05;0;0;0;-4.12344e-06;
3.41244e-05;0;0;0;-4.12262e-06;
3.41344e-05;0;0;0;-4.12179e-06;
3.41444e-05;0;0;0;-4.12097e-06;
3.41544e-05;0;0;0;-4.12014e-06;
3.41644e-05;0;0;0;-4.11932e-06;
3.41744e-05;0;0;0;-4.1185e-06;
3.41844e-05;0;0;0;-4.11767e-06;
3.41944e-05;0;0;0;-4.11685e-06;
3.42044e-05;0;0;0;-4.11602e-06;
3.42144e-05;0;0;0;-4.1152e-06;
3.42244e-05;0;0;0;-4.11438e-06;
3.42344e-05;0;0;0;-4.11355e-06;
3.42444e-05;0;0;0;-4.11273e-06;
3.42544e-05;0;0;0;-4.11191e-06;
3.42644e-05;0;0;0;-4.11109e-06;
3.42744e-05;0;0;0;-4.11026e-06;
3.42844e-05;0;0;0;-4.10944e-06;
3.42944e-05;0;0;0;-4.10862e-06;
3.43044e-05;0;0;0;-4.1078e-06;
3.43144e-05;0;0;0;-4.10698e-06;
3.43244e-05;0;0;0;-4.10615e-06;
3.43344e-05;0;0;0;-4.10533e-06;
3.43444e-05;0;0;0;-4.10451e-06;
3.43544e-05;0;0;0;-4.10369e-06;
3.43644e-05;0;0;0;-4.10287e-06;
3.43744e-05;0;0;0;-4.10205e-06;
3.43844e-05;0;0;0;-4.10123e-06;
3.43944e-05;0;0;0;-4.10041e-06;
3.44044e-05;0;0;0;-4.09959e-06;
3.44144e-05;0;0;0;-4.09877e-06;
3.44244e-05;0;0;0;-4.09795e-06;
3.44344e-05;0;0;0;-4.09713e-06;
3.44444e-05;0;0;0;-4.09631e-06;
3.44544e-05;0;0;0;-4.09549e-06;
3.44644e-05;0;0;0;-4.09467e-06;
3.44744e-05;0;0;0;-4.09385e-06;
3.44844e-05;0;0;0;-4.09303e-06;
3.44944e-05;0;0;0;-4.09221e-06;
3.45044e-05;0;0;0;-4.09139e-06;
3.45144e-05;0;0;0;-4.09057e-06;
3.45244e-05;0;0;0;-4.08976e-06;
3.45344e-05;0;0;0;-4.08894e-06;
3.45444e-05;0;0;0;-4.08812e-06;
3.45544e-05;0;0;0;-4.0873e-06;
3.45644e-05;0;0;0;-4.08648e-06;
3.45744e-05;0;0;0;-4.08567e-06;
3.45844e-05;0;0;0;-4.08485e-06;
3.45944e-05;0;0;0;-4.08403e-06;
3.46044e-05;0;0;0;-4.08321e-06;
3.46144e-05;0;0;0;-4.0824e-06;
3.46244e-05;0;0;0;-4.08158e-06;
3.46344e-05;0;0;0;-4.08076e-06;
3.46444e-05;0;0;0;-4.07995e-06;
3.46544e-05;0;0;0;-4.07913e-06;
3.46644e-05;0;0;0;-4.07832e-06;
3.46744e-05;0;0;0;-4.0775e-06;
3.46844e-05;0;0;0;-4.07668e-06;
3.46944e-05;0;0;0;-4.07587e-06;
3.47044e-05;0;0;0;-4.07505e-06;
3.47144e-05;0;0;0;-4.07424e-06;
3.47244e-05;0;0;0;-4.07342e-06;
3.47344e-05;0;0;0;-4.07261e-06;
3.47444e-05;0;0;0;-4.07179e-06;
3.47544e-05;0;0;0;-4.07098e-06;
3.47644e-05;0;0;0;-4.07016e-06;
3.47744e-05;0;0;0;-4.06935e-06;
3.47844e-05;0;0;0;-4.06854e-06;
3.47944e-05;0;0;0;-4.06772e-06;
3.48044e-05;0;0;0;-4.06691e-06;
3.48144e-05;0;0;0;-4.06609e-06;
3.48244e-05;0;0;0;-4.06528e-06;
3.48344e-05;0;0;0;-4.06447e-06;
3.48444e-05;0;0;0;-4.06365e-06;
3.48544e-05;0;0;0;-4.06284e-06;
3.48644e-05;0;0;0;-4.06203e-06;
3.48744e-05;0;0;0;-4.06122e-06;
3.48844e-05;0;0;0;-4.0604e-06;
3.48944e-05;0;0;0;-4.05959e-06;
3.49044e-05;0;0;0;-4.05878e-06;
3.49144e-05;0;0;0;-4.05797e-06;
3.49244e-05;0;0;0;-4.05716e-06;
3.49344e-05;0;0;0;-4.05634e-06;
3.49444e-05;0;0;0;-4.05553e-06;
3.49544e-05;0;0;0;-4.05472e-06;
3.49644e-05;0;0;0;-4.05391e-06;
3.49744e-05;0;0;0;-4.0531e-06;
3.49844e-05;0;0;0;-4.05229e-06;
3.49944e-05;0;0;0;-4.05148e-06;
3.50044e-05;0;0;0;-4.05067e-06;
3.50144e-05;0;0;0;-4.04986e-06;
3.50244e-05;0;0;0;-4.04905e-06;
3.50344e-05;0;0;0;-4.04824e-06;
3.50444e-05;0;0;0;-4.04743e-06;
3.50544e-05;0;0;0;-4.04662e-06;
3.50644e-05;0;0;0;-4.04581e-06;
3.50744e-05;0;0;0;-4.045e-06;
3.50844e-05;0;0;0;-4.04419e-06;
3.50944e-05;0;0;0;-4.04338e-06;
3.51044e-05;0;0;0;-4.04257e-06;
3.51144e-05;0;0;0;-4.04176e-06;
3.51244e-05;0;0;0;-4.04095e-06;
3.51344e-05;0;0;0;-4.04014e-06;
3.51444e-05;0;0;0;-4.03934e-06;
3.51544e-05;0;0;0;-4.03853e-06;
3.51644e-05;0;0;0;-4.03772e-06;
3.51744e-05;0;0;0;-4.03691e-06;
3.51844e-05;0;0;0;-4.0361e-06;
3.51944e-05;0;0;0;-4.0353e-06;
3.52044e-05;0;0;0;-4.03449e-06;
3.52144e-05;0;0;0;-4.03368e-06;
3.52244e-05;0;0;0;-4.03288e-06;
3.52344e-05;0;0;0;-4.03207e-06;
3.52444e-05;0;0;0;-4.03126e-06;
3.52544e-05;0;0;0;-4.03046e-06;
3.52644e-05;0;0;0;-4.02965e-06;
3.52744e-05;0;0;0;-4.02884e-06;
3.52844e-05;0;0;0;-4.02804e-06;
3.52944e-05;0;0;0;-4.02723e-06;
3.53044e-05;0;0;0;-4.02643e-06;
3.53144e-05;0;0;0;-4.02562e-06;
3.53244e-05;0;0;0;-4.02481e-06;
3.53344e-05;0;0;0;-4.02401e-06;
3.53444e-05;0;0;0;-4.0232e-06;
3.53544e-05;0;0;0;-4.0224e-06;
3.53644e-05;0;0;0;-4.0216e-06;
3.53744e-05;0;0;0;-4.02079e-06;
3.53844e-05;0;0;0;-4.01999e-06;
3.53944e-05;0;0;0;-4.01918e-06;
3.54044e-05;0;0;0;-4.01838e-06;
3.54144e-05;0;0;0;-4.01757e-06;
3.54244e-05;0;0;0;-4.01677e-06;
3.54344e-05;0;0;0;-4.01597e-06;
3.54444e-05;0;0;0;-4.01516e-06;
3.54544e-05;0;0;0;-4.01436e-06;
3.54644e-05;0;0;0;-4.01356e-06;
3.54744e-05;0;0;0;-4.01275e-06;
3.54844e-05;0;0;0;-4.01195e-06;
3.54944e-05;0;0;0;-4.01115e-06;
3.55044e-05;0;0;0;-4.01035e-06;
3.55144e-05;0;0;0;-4.00954e-06;
3.55244e-05;0;0;0;-4.00874e-06;
3.55344e-05;0;0;0;-4.00794e-06;
3.55444e-05;0;0;0;-4.00714e-06;
3.55544e-05;0;0;0;-4.00634e-06;
3.55644e-05;0;0;0;-4.00553e-06;
3.55744e-05;0;0;0;-4.00473e-06;
3.55844e-05;0;0;0;-4.00393e-06;
3.55944e-05;0;0;0;-4.00313e-06;
3.56044e-05;0;0;0;-4.00233e-06;
3.56144e-05;0;0;0;-4.00153e-06;
3.56244e-05;0;0;0;-4.00073e-06;
3.56344e-05;0;0;0;-3.99993e-06;
3.56444e-05;0;0;0;-3.99913e-06;
3.56544e-05;0;0;0;-3.99833e-06;
3.56644e-05;0;0;0;-3.99753e-06;
3.56744e-05;0;0;0;-3.99673e-06;
3.56844e-05;0;0;0;-3.99593e-06;
3.56944e-05;0;0;0;-3.99513e-06;
3.57044e-05;0;0;0;-3.99433e-06;
3.57144e-05;0;0;0;-3.99353e-06;
3.57244e-05;0;0;0;-3.99273e-06;
3.57344e-05;0;0;0;-3.99193e-06;
3.57444e-05;0;0;0;-3.99113e-06;
3.57544e-05;0;0;0;-3.99034e-06;
3.57644e-05;0;0;0;-3.98954e-06;
3.57744e-05;0;0;0;-3.98874e-06;
3.57844e-05;0;0;0;-3.98794e-06;
3.57944e-05;0;0;0;-3.98714e-06;
3.58044e-05;0;0;0;-3.98635e-06;
3.58144e-05;0;0;0;-3.98555e-06;
3.58244e-05;0;0;0;-3.98475e-06;
3.58344e-05;0;0;0;-3.98395e-06;
3.58444e-05;0;0;0;-3.98316e-06;
3.58544e-05;0;0;0;-3.98236e-06;
3.58644e-05;0;0;0;-3.98156e-06;
3.58744e-05;0;0;0;-3.98077e-06;
3.58844e-05;0;0;0;-3.97997e-06;
3.58944e-05;0;0;0;-3.97917e-06;
3.59044e-05;0;0;0;-3.97838e-06;
3.59144e-05;0;0;0;-3.97758e-06;
3.59244e-05;0;0;0;-3.97679e-06;
3.59344e-05;0;0;0;-3.97599e-06;
3.59444e-05;0;0;0;-3.9752e-06;
3.59544e-05;0;0;0;-3.9744e-06;
3.59644e-05;0;0;0;-3.97361e-06;
3.59744e-05;0;0;0;-3.97281e-06;
3.59844e-05;0;0;0;-3.97202e-06;
3.59944e-05;0;0;0;-3.97122e-06;
3.60044e-05;0;0;0;-3.97043e-06;
3.60144e-05;0;0;0;-3.96963e-06;
3.60244e-05;0;0;0;-3.96884e-06;
3.60344e-05;0;0;0;-3.96804e-06;
3.60444e-05;0;0;0;-3.96725e-06;
3.60544e-05;0;0;0;-3.96646e-06;
3.60644e-05;0;0;0;-3.96566e-06;
3.60744e-05;0;0;0;-3.96487e-06;
3.60844e-05;0;0;0;-3.96408e-06;
3.60944e-05;0;0;0;-3.96328e-06;
3.61044e-05;0;0;0;-3.96249e-06;
3.61144e-05;0;0;0;-3.9617e-06;
3.61244e-05;0;0;0;-3.96091e-06;
3.61344e-05;0;0;0;-3.96011e-06;
3.61444e-05;0;0;0;-3.95932e-06;
3.61544e-05;0;0;0;-3.95853e-06;
3.61644e-05;0;0;0;-3.95774e-06;
3.61744e-05;0;0;0;-3.95694e-06;
3.61844e-05;0;0;0;-3.95615e-06;
3.61944e-05;0;0;0;-3.95536e-06;
3.62044e-05;0;0;0;-3.95457e-06;
3.62144e-05;0;0;0;-3.95378e-06;
3.62244e-05;0;0;0;-3.95299e-06;
3.62344e-05;0;0;0;-3.9522e-06;
3.62444e-05;0;0;0;-3.95141e-06;
3.62544e-05;0;0;0;-3.95062e-06;
3.62644e-05;0;0;0;-3.94983e-06;
3.62744e-05;0;0;0;-3.94904e-06;
3.62844e-05;0;0;0;-3.94825e-06;
3.62944e-05;0;0;0;-3.94746e-06;
3.63044e-05;0;0;0;-3.94667e-06;
3.63144e-05;0;0;0;-3.94588e-06;
3.63244e-05;0;0;0;-3.94509e-06;
3.63344e-05;0;0;0;-3.9443e-06;
3.63444e-05;0;0;0;-3.94351e-06;
3.63544e-05;0;0;0;-3.94272e-06;
3.63644e-05;0;0;0;-3.94193e-06;
3.63744e-05;0;0;0;-3.94114e-06;
3.63844e-05;0;0;0;-3.94035e-06;
3.63944e-05;0;0;0;-3.93957e-06;
3.64044e-05;0;0;0;-3.93878e-06;
3.64144e-05;0;0;0;-3.93799e-06;
3.64244e-05;0;0;0;-3.9372e-06;
3.64344e-05;0;0;0;-3.93641e-06;
3.64444e-05;0;0;0;-3.93563e-06;
3.64544e-05;0;0;0;-3.93484e-06;
3.64644e-05;0;0;0;-3.93405e-06;
3.64744e-05;0;0;0;-3.93326e-06;
3.64844e-05;0;0;0;-3.93248e-06;
3.64944e-05;0;0;0;-3.93169e-06;
3.65044e-05;0;0;0;-3.9309e-06;
3.65144e-05;0;0;0;-3.93012e-06;
3.65244e-05;0;0;0;-3.92933e-06;
3.65344e-05;0;0;0;-3.92855e-06;
3.65444e-05;0;0;0;-3.92776e-06;
3.65544e-05;0;0;0;-3.92697e-06;
3.65644e-05;0;0;0;-3.92619e-06;
3.65744e-05;0;0;0;-3.9254e-06;
3.65844e-05;0;0;0;-3.92462e-06;
3.65944e-05;0;0;0;-3.92383e-06;
3.66044e-05;0;0;0;-3.92305e-06;
3.66144e-05;0;0;0;-3.92226e-06;
3.66244e-05;0;0;0;-3.92148e-06;
3.66344e-05;0;0;0;-3.92069e-06;
3.66444e-05;0;0;0;-3.91991e-06;
3.66544e-05;0;0;0;-3.91912e-06;
3.66644e-05;0;0;0;-3.91834e-06;
3.66744e-05;0;0;0;-3.91756e-06;
3.66844e-05;0;0;0;-3.91677e-06;
3.66944e-05;0;0;0;-3.91599e-06;
3.67044e-05;0;0;0;-3.91521e-06;
3.67144e-05;0;0;0;-3.91442e-06;
3.67244e-05;0;0;0;-3.91364e-06;
3.67344e-05;0;0;0;-3.91286e-06;
3.67444e-05;0;0;0;-3.91207e-06;
3.67544e-05;0;0;0;-3.91129e-06;
3.67644e-05;0;0;0;-3.91051e-06;
3.67744e-05;0;0;0;-3.90973e-06;
3.67844e-05;0;0;0;-3.90894e-06;
3.67944e-05;0;0;0;-3.90816e-06;
3.68044e-05;0;0;0;-3.90738e-06;
3.68144e-05;0;0;0;-3.9066e-06;
3.68244e-05;0;0;0;-3.90582e-06;
3.68344e-05;0;0;0;-3.90504e-06;
3.68444e-05;0;0;0;-3.90425e-06;
3.68544e-05;0;0;0;-3.90347e-06;
3.68644e-05;0;0;0;-3.90269e-06;
3.68744e-05;0;0;0;-3.90191e-06;
3.68844e-05;0;0;0;-3.90113e-06;
3.68944e-05;0;0;0;-3.90035e-06;
3.69044e-05;0;0;0;-3.89957e-06;
3.69144e-05;0;0;0;-3.89879e-06;
3.69244e-05;0;0;0;-3.89801e-06;
3.69344e-05;0;0;0;-3.89723e-06;
3.69444e-05;0;0;0;-3.89645e-06;
3.69544e-05;0;0;0;-3.89567e-06;
3.69644e-05;0;0;0;-3.89489e-06;
3.69744e-05;0;0;0;-3.89411e-06;
3.69844e-05;0;0;0;-3.89333e-06;
3.69944e-05;0;0;0;-3.89255e-06;
3.70044e-05;0;0;0;-3.89178e-06;
3.70144e-05;0;0;0;-3.891e-06;
3.70244e-05;0;0;0;-3.89022e-06;
3.70344e-05;0;0;0;-3.88944e-06;
3.70444e-05;0;0;0;-3.88866e-06;
3.70544e-05;0;0;0;-3.88788e-06;
3.70644e-05;0;0;0;-3.88711e-06;
3.70744e-05;0;0;0;-3.88633e-06;
3.70844e-05;0;0;0;-3.88555e-06;
3.70944e-05;0;0;0;-3.88477e-06;
3.71044e-05;0;0;0;-3.884e-06;
3.71144e-05;0;0;0;-3.88322e-06;
3.71244e-05;0;0;0;-3.88244e-06;
3.71344e-05;0;0;0;-3.88167e-06;
3.71444e-05;0;0;0;-3.88089e-06;
3.71544e-05;0;0;0;-3.88011e-06;
3.71644e-05;0;0;0;-3.87934e-06;
3.71744e-05;0;0;0;-3.87856e-06;
3.71844e-05;0;0;0;-3.87779e-06;
3.71944e-05;0;0;0;-3.87701e-06;
3.72044e-05;0;0;0;-3.87623e-06;
3.72144e-05;0;0;0;-3.87546e-06;
3.72244e-05;0;0;0;-3.87468e-06;
3.72344e-05;0;0;0;-3.87391e-06;
3.72444e-05;0;0;0;-3.87313e-06;
3.72544e-05;0;0;0;-3.87236e-06;
3.72644e-05;0;0;0;-3.87158e-06;
3.72744e-05;0;0;0;-3.87081e-06;
3.72844e-05;0;0;0;-3.87003e-06;
3.72944e-05;0;0;0;-3.86926e-06;
3.73044e-05;0;0;0;-3.86849e-06;
3.73144e-05;0;0;0;-3.86771e-06;
3.73244e-05;0;0;0;-3.86694e-06;
3.73344e-05;0;0;0;-3.86616e-06;
3.73444e-05;0;0;0;-3.86539e-06;
3.73544e-05;0;0;0;-3.86462e-06;
3.73644e-05;0;0;0;-3.86384e-06;
3.73744e-05;0;0;0;-3.86307e-06;
3.73844e-05;0;0;0;-3.8623e-06;
3.73944e-05;0;0;0;-3.86153e-06;
3.74044e-05;0;0;0;-3.86075e-06;
3.74144e-05;0;0;0;-3.85998e-06;
3.74244e-05;0;0;0;-3.85921e-06;
3.74344e-05;0;0;0;-3.85844e-06;
3.74444e-05;0;0;0;-3.85767e-06;
3.74544e-05;0;0;0;-3.85689e-06;
3.74644e-05;0;0;0;-3.85612e-06;
3.74744e-05;0;0;0;-3.85535e-06;
3.74844e-05;0;0;0;-3.85458e-06;
3.74944e-05;0;0;0;-3.85381e-06;
3.75044e-05;0;0;0;-3.85304e-06;
3.75144e-05;0;0;0;-3.85227e-06;
3.75244e-05;0;0;0;-3.8515e-06;
3.75344e-05;0;0;0;-3.85072e-06;
3.75444e-05;0;0;0;-3.84995e-06;
3.75544e-05;0;0;0;-3.84918e-06;
3.75644e-05;0;0;0;-3.84841e-06;
3.75744e-05;0;0;0;-3.84764e-06;
3.75844e-05;0;0;0;-3.84687e-06;
3.75944e-05;0;0;0;-3.8461e-06;
3.76044e-05;0;0;0;-3.84534e-06;
3.76144e-05;0;0;0;-3.84457e-06;
3.76244e-05;0;0;0;-3.8438e-06;
3.76344e-05;0;0;0;-3.84303e-06;
3.76444e-05;0;0;0;-3.84226e-06;
3.76544e-05;0;0;0;-3.84149e-06;
3.76644e-05;0;0;0;-3.84072e-06;
3.76744e-05;0;0;0;-3.83995e-06;
3.76844e-05;0;0;0;-3.83919e-06;
3.76944e-05;0;0;0;-3.83842e-06;
3.77044e-05;0;0;0;-3.83765e-06;
3.77144e-05;0;0;0;-3.83688e-06;
3.77244e-05;0;0;0;-3.83611e-06;
3.77344e-05;0;0;0;-3.83535e-06;
3.77444e-05;0;0;0;-3.83458e-06;
3.77544e-05;0;0;0;-3.83381e-06;
3.77644e-05;0;0;0;-3.83305e-06;
3.77744e-05;0;0;0;-3.83228e-06;
3.77844e-05;0;0;0;-3.83151e-06;
3.77944e-05;0;0;0;-3.83075e-06;
3.78044e-05;0;0;0;-3.82998e-06;
3.78144e-05;0;0;0;-3.82921e-06;
3.78244e-05;0;0;0;-3.82845e-06;
3.78344e-05;0;0;0;-3.82768e-06;
3.78444e-05;0;0;0;-3.82691e-06;
3.78544e-05;0;0;0;-3.82615e-06;
3.78644e-05;0;0;0;-3.82538e-06;
3.78744e-05;0;0;0;-3.82462e-06;
3.78844e-05;0;0;0;-3.82385e-06;
3.78944e-05;0;0;0;-3.82309e-06;
3.79044e-05;0;0;0;-3.82232e-06;
3.79144e-05;0;0;0;-3.82156e-06;
3.79244e-05;0;0;0;-3.82079e-06;
3.79344e-05;0;0;0;-3.82003e-06;
3.79444e-05;0;0;0;-3.81927e-06;
3.79544e-05;0;0;0;-3.8185e-06;
3.79644e-05;0;0;0;-3.81774e-06;
3.79744e-05;0;0;0;-3.81697e-06;
3.79844e-05;0;0;0;-3.81621e-06;
3.79944e-05;0;0;0;-3.81545e-06;
3.80044e-05;0;0;0;-3.81468e-06;
3.80144e-05;0;0;0;-3.81392e-06;
3.80244e-05;0;0;0;-3.81316e-06;
3.80344e-05;0;0;0;-3.81239e-06;
3.80444e-05;0;0;0;-3.81163e-06;
3.80544e-05;0;0;0;-3.81087e-06;
3.80644e-05;0;0;0;-3.81011e-06;
3.80744e-05;0;0;0;-3.80934e-06;
3.80844e-05;0;0;0;-3.80858e-06;
3.80944e-05;0;0;0;-3.80782e-06;
3.81044e-05;0;0;0;-3.80706e-06;
3.81144e-05;0;0;0;-3.8063e-06;
3.81244e-05;0;0;0;-3.80554e-06;
3.81344e-05;0;0;0;-3.80477e-06;
3.81444e-05;0;0;0;-3.80401e-06;
3.81544e-05;0;0;0;-3.80325e-06;
3.81644e-05;0;0;0;-3.80249e-06;
3.81744e-05;0;0;0;-3.80173e-06;
3.81844e-05;0;0;0;-3.80097e-06;
3.81944e-05;0;0;0;-3.80021e-06;
3.82044e-05;0;0;0;-3.79945e-06;
3.82144e-05;0;0;0;-3.79869e-06;
3.82244e-05;0;0;0;-3.79793e-06;
3.82344e-05;0;0;0;-3.79717e-06;
3.82444e-05;0;0;0;-3.79641e-06;
3.82544e-05;0;0;0;-3.79565e-06;
3.82644e-05;0;0;0;-3.79489e-06;
3.82744e-05;0;0;0;-3.79413e-06;
3.82844e-05;0;0;0;-3.79337e-06;
3.82944e-05;0;0;0;-3.79261e-06;
3.83044e-05;0;0;0;-3.79185e-06;
3.83144e-05;0;0;0;-3.7911e-06;
3.83244e-05;0;0;0;-3.79034e-06;
3.83344e-05;0;0;0;-3.78958e-06;
3.83444e-05;0;0;0;-3.78882e-06;
3.83544e-05;0;0;0;-3.78806e-06;
3.83644e-05;0;0;0;-3.78731e-06;
3.83744e-05;0;0;0;-3.78655e-06;
3.83844e-05;0;0;0;-3.78579e-06;
3.83944e-05;0;0;0;-3.78503e-06;
3.84044e-05;0;0;0;-3.78428e-06;
3.84144e-05;0;0;0;-3.78352e-06;
3.84244e-05;0;0;0;-3.78276e-06;
3.84344e-05;0;0;0;-3.782e-06;
3.84444e-05;0;0;0;-3.78125e-06;
3.84544e-05;0;0;0;-3.78049e-06;
3.84644e-05;0;0;0;-3.77974e-06;
3.84744e-05;0;0;0;-3.77898e-06;
3.84844e-05;0;0;0;-3.77822e-06;
3.84944e-05;0;0;0;-3.77747e-06;
3.85044e-05;0;0;0;-3.77671e-06;
3.85144e-05;0;0;0;-3.77596e-06;
3.85244e-05;0;0;0;-3.7752e-06;
3.85344e-05;0;0;0;-3.77445e-06;
3.85444e-05;0;0;0;-3.77369e-06;
3.85544e-05;0;0;0;-3.77294e-06;
3.85644e-05;0;0;0;-3.77218e-06;
3.85744e-05;0;0;0;-3.77143e-06;
3.85844e-05;0;0;0;-3.77067e-06;
3.85944e-05;0;0;0;-3.76992e-06;
3.86044e-05;0;0;0;-3.76916e-06;
3.86144e-05;0;0;0;-3.76841e-06;
3.86244e-05;0;0;0;-3.76765e-06;
3.86344e-05;0;0;0;-3.7669e-06;
3.86444e-05;0;0;0;-3.76615e-06;
3.86544e-05;0;0;0;-3.76539e-06;
3.86644e-05;0;0;0;-3.76464e-06;
3.86744e-05;0;0;0;-3.76389e-06;
3.86844e-05;0;0;0;-3.76313e-06;
3.86944e-05;0;0;0;-3.76238e-06;
3.87044e-05;0;0;0;-3.76163e-06;
3.87144e-05;0;0;0;-3.76088e-06;
3.87244e-05;0;0;0;-3.76012e-06;
3.87344e-05;0;0;0;-3.75937e-06;
3.87444e-05;0;0;0;-3.75862e-06;
3.87544e-05;0;0;0;-3.75787e-06;
3.87644e-05;0;0;0;-3.75712e-06;
3.87744e-05;0;0;0;-3.75636e-06;
3.87844e-05;0;0;0;-3.75561e-06;
3.87944e-05;0;0;0;-3.75486e-06;
3.88044e-05;0;0;0;-3.75411e-06;
3.88144e-05;0;0;0;-3.75336e-06;
3.88244e-05;0;0;0;-3.75261e-06;
3.88344e-05;0;0;0;-3.75186e-06;
3.88444e-05;0;0;0;-3.75111e-06;
3.88544e-05;0;0;0;-3.75036e-06;
3.88644e-05;0;0;0;-3.74961e-06;
3.88744e-05;0;0;0;-3.74886e-06;
3.88844e-05;0;0;0;-3.74811e-06;
3.88944e-05;0;0;0;-3.74736e-06;
3.89044e-05;0;0;0;-3.74661e-06;
3.89144e-05;0;0;0;-3.74586e-06;
3.89244e-05;0;0;0;-3.74511e-06;
3.89344e-05;0;0;0;-3.74436e-06;
3.89444e-05;0;0;0;-3.74361e-06;
3.89544e-05;0;0;0;-3.74286e-06;
3.89644e-05;0;0;0;-3.74211e-06;
3.89744e-05;0;0;0;-3.74136e-06;
3.89844e-05;0;0;0;-3.74061e-06;
3.89944e-05;0;0;0;-3.73987e-06;
3.90044e-05;0;0;0;-3.73912e-06;
3.90144e-05;0;0;0;-3.73837e-06;
3.90244e-05;0;0;0;-3.73762e-06;
3.90344e-05;0;0;0;-3.73687e-06;
3.90444e-05;0;0;0;-3.73613e-06;
3.90544e-05;0;0;0;-3.73538e-06;
3.90644e-05;0;0;0;-3.73463e-06;
3.90744e-05;0;0;0;-3.73388e-06;
3.90844e-05;0;0;0;-3.73314e-06;
3.90944e-05;0;0;0;-3.73239e-06;
3.91044e-05;0;0;0;-3.73164e-06;
3.91144e-05;0;0;0;-3.7309e-06;
3.91244e-05;0;0;0;-3.73015e-06;
3.91344e-05;0;0;0;-3.7294e-06;
3.91444e-05;0;0;0;-3.72866e-06;
3.91544e-05;0;0;0;-3.72791e-06;
3.91644e-05;0;0;0;-3.72717e-06;
3.91744e-05;0;0;0;-3.72642e-06;
3.91844e-05;0;0;0;-3.72568e-06;
3.91944e-05;0;0;0;-3.72493e-06;
3.92044e-05;0;0;0;-3.72419e-06;
3.92144e-05;0;0;0;-3.72344e-06;
3.92244e-05;0;0;0;-3.7227e-06;
3.92344e-05;0;0;0;-3.72195e-06;
3.92444e-05;0;0;0;-3.72121e-06;
3.92544e-05;0;0;0;-3.72046e-06;
3.92644e-05;0;0;0;-3.71972e-06;
3.92744e-05;0;0;0;-3.71897e-06;
3.92844e-05;0;0;0;-3.71823e-06;
3.92944e-05;0;0;0;-3.71749e-06;
3.93044e-05;0;0;0;-3.71674e-06;
3.93144e-05;0;0;0;-3.716e-06;
3.93244e-05;0;0;0;-3.71525e-06;
3.93344e-05;0;0;0;-3.71451e-06;
3.93444e-05;0;0;0;-3.71377e-06;
3.93544e-05;0;0;0;-3.71303e-06;
3.93644e-05;0;0;0;-3.71228e-06;
3.93744e-05;0;0;0;-3.71154e-06;
3.93844e-05;0;0;0;-3.7108e-06;
3.93944e-05;0;0;0;-3.71005e-06;
3.94044e-05;0;0;0;-3.70931e-06;
3.94144e-05;0;0;0;-3.70857e-06;
3.94244e-05;0;0;0;-3.70783e-06;
3.94344e-05;0;0;0;-3.70709e-06;
3.94444e-05;0;0;0;-3.70635e-06;
3.94544e-05;0;0;0;-3.7056e-06;
3.94644e-05;0;0;0;-3.70486e-06;
3.94744e-05;0;0;0;-3.70412e-06;
3.94844e-05;0;0;0;-3.70338e-06;
3.94944e-05;0;0;0;-3.70264e-06;
3.95044e-05;0;0;0;-3.7019e-06;
3.95144e-05;0;0;0;-3.70116e-06;
3.95244e-05;0;0;0;-3.70042e-06;
3.95344e-05;0;0;0;-3.69968e-06;
3.95444e-05;0;0;0;-3.69894e-06;
3.95544e-05;0;0;0;-3.6982e-06;
3.95644e-05;0;0;0;-3.69746e-06;
3.95744e-05;0;0;0;-3.69672e-06;
3.95844e-05;0;0;0;-3.69598e-06;
3.95944e-05;0;0;0;-3.69524e-06;
3.96044e-05;0;0;0;-3.6945e-06;
3.96144e-05;0;0;0;-3.69376e-06;
3.96244e-05;0;0;0;-3.69302e-06;
3.96344e-05;0;0;0;-3.69228e-06;
3.96444e-05;0;0;0;-3.69154e-06;
3.96544e-05;0;0;0;-3.6908e-06;
3.96644e-05;0;0;0;-3.69007e-06;
3.96744e-05;0;0;0;-3.68933e-06;
3.96844e-05;0;0;0;-3.68859e-06;
3.96944e-05;0;0;0;-3.68785e-06;
3.97044e-05;0;0;0;-3.68711e-06;
3.97144e-05;0;0;0;-3.68638e-06;
3.97244e-05;0;0;0;-3.68564e-06;
3.97344e-05;0;0;0;-3.6849e-06;
3.97444e-05;0;0;0;-3.68416e-06;
3.97544e-05;0;0;0;-3.68343e-06;
3.97644e-05;0;0;0;-3.68269e-06;
3.97744e-05;0;0;0;-3.68195e-06;
3.97844e-05;0;0;0;-3.68122e-06;
3.97944e-05;0;0;0;-3.68048e-06;
3.98044e-05;0;0;0;-3.67974e-06;
3.98144e-05;0;0;0;-3.67901e-06;
3.98244e-05;0;0;0;-3.67827e-06;
3.98344e-05;0;0;0;-3.67754e-06;
3.98444e-05;0;0;0;-3.6768e-06;
3.98544e-05;0;0;0;-3.67607e-06;
3.98644e-05;0;0;0;-3.67533e-06;
3.98744e-05;0;0;0;-3.67459e-06;
3.98844e-05;0;0;0;-3.67386e-06;
3.98944e-05;0;0;0;-3.67312e-06;
3.99044e-05;0;0;0;-3.67239e-06;
3.99144e-05;0;0;0;-3.67165e-06;
3.99244e-05;0;0;0;-3.67092e-06;
3.99344e-05;0;0;0;-3.67019e-06;
3.99444e-05;0;0;0;-3.66945e-06;
3.99544e-05;0;0;0;-3.66872e-06;
3.99644e-05;0;0;0;-3.66798e-06;
3.99744e-05;0;0;0;-3.66725e-06;
3.99844e-05;0;0;0;-3.66652e-06;
3.99944e-05;0;0;0;-3.66578e-06;
4.00044e-05;0;0;0;-3.66505e-06;
4.00144e-05;0;0;0;-3.66432e-06;
4.00244e-05;0;0;0;-3.66358e-06;
4.00344e-05;0;0;0;-3.66285e-06;
4.00444e-05;0;0;0;-3.66212e-06;
4.00544e-05;0;0;0;-3.66138e-06;
4.00644e-05;0;0;0;-3.66065e-06;
4.00744e-05;0;0;0;-3.65992e-06;
4.00844e-05;0;0;0;-3.65919e-06;
4.00944e-05;0;0;0;-3.65846e-06;
4.01044e-05;0;0;0;-3.65772e-06;
4.01144e-05;0;0;0;-3.65699e-06;
4.01244e-05;0;0;0;-3.65626e-06;
4.01344e-05;0;0;0;-3.65553e-06;
4.01444e-05;0;0;0;-3.6548e-06;
4.01544e-05;0;0;0;-3.65407e-06;
4.01644e-05;0;0;0;-3.65334e-06;
4.01744e-05;0;0;0;-3.6526e-06;
4.01844e-05;0;0;0;-3.65187e-06;
4.01944e-05;0;0;0;-3.65114e-06;
4.02044e-05;0;0;0;-3.65041e-06;
4.02144e-05;0;0;0;-3.64968e-06;
4.02244e-05;0;0;0;-3.64895e-06;
4.02344e-05;0;0;0;-3.64822e-06;
4.02444e-05;0;0;0;-3.64749e-06;
4.02544e-05;0;0;0;-3.64676e-06;
4.02644e-05;0;0;0;-3.64603e-06;
4.02744e-05;0;0;0;-3.6453e-06;
4.02844e-05;0;0;0;-3.64457e-06;
4.02944e-05;0;0;0;-3.64385e-06;
4.03044e-05;0;0;0;-3.64312e-06;
4.03144e-05;0;0;0;-3.64239e-06;
4.03244e-05;0;0;0;-3.64166e-06;
4.03344e-05;0;0;0;-3.64093e-06;
4.03444e-05;0;0;0;-3.6402e-06;
4.03544e-05;0;0;0;-3.63947e-06;
4.03644e-05;0;0;0;-3.63875e-06;
4.03744e-05;0;0;0;-3.63802e-06;
4.03844e-05;0;0;0;-3.63729e-06;
4.03944e-05;0;0;0;-3.63656e-06;
4.04044e-05;0;0;0;-3.63583e-06;
4.04144e-05;0;0;0;-3.63511e-06;
4.04244e-05;0;0;0;-3.63438e-06;
4.04344e-05;0;0;0;-3.63365e-06;
4.04444e-05;0;0;0;-3.63293e-06;
4.04544e-05;0;0;0;-3.6322e-06;
4.04644e-05;0;0;0;-3.63147e-06;
4.04744e-05;0;0;0;-3.63075e-06;
4.04844e-05;0;0;0;-3.63002e-06;
4.04944e-05;0;0;0;-3.62929e-06;
4.05044e-05;0;0;0;-3.62857e-06;
4.05144e-05;0;0;0;-3.62784e-06;
4.05244e-05;0;0;0;-3.62712e-06;
4.05344e-05;0;0;0;-3.62639e-06;
4.05444e-05;0;0;0;-3.62566e-06;
4.05544e-05;0;0;0;-3.62494e-06;
4.05644e-05;0;0;0;-3.62421e-06;
4.05744e-05;0;0;0;-3.62349e-06;
4.05844e-05;0;0;0;-3.62276e-06;
4.05944e-05;0;0;0;-3.62204e-06;
4.06044e-05;0;0;0;-3.62131e-06;
4.06144e-05;0;0;0;-3.62059e-06;
4.06244e-05;0;0;0;-3.61987e-06;
4.06344e-05;0;0;0;-3.61914e-06;
4.06444e-05;0;0;0;-3.61842e-06;
4.06544e-05;0;0;0;-3.61769e-06;
4.06644e-05;0;0;0;-3.61697e-06;
4.06744e-05;0;0;0;-3.61625e-06;
4.06844e-05;0;0;0;-3.61552e-06;
4.06944e-05;0;0;0;-3.6148e-06;
4.07044e-05;0;0;0;-3.61408e-06;
4.07144e-05;0;0;0;-3.61335e-06;
4.07244e-05;0;0;0;-3.61263e-06;
4.07344e-05;0;0;0;-3.61191e-06;
4.07444e-05;0;0;0;-3.61118e-06;
4.07544e-05;0;0;0;-3.61046e-06;
4.07644e-05;0;0;0;-3.60974e-06;
4.07744e-05;0;0;0;-3.60902e-06;
4.07844e-05;0;0;0;-3.6083e-06;
4.07944e-05;0;0;0;-3.60757e-06;
4.08044e-05;0;0;0;-3.60685e-06;
4.08144e-05;0;0;0;-3.60613e-06;
4.08244e-05;0;0;0;-3.60541e-06;
4.08344e-05;0;0;0;-3.60469e-06;
4.08444e-05;0;0;0;-3.60397e-06;
4.08544e-05;0;0;0;-3.60325e-06;
4.08644e-05;0;0;0;-3.60252e-06;
4.08744e-05;0;0;0;-3.6018e-06;
4.08844e-05;0;0;0;-3.60108e-06;
4.08944e-05;0;0;0;-3.60036e-06;
4.09044e-05;0;0;0;-3.59964e-06;
4.09144e-05;0;0;0;-3.59892e-06;
4.09244e-05;0;0;0;-3.5982e-06;
4.09344e-05;0;0;0;-3.59748e-06;
4.09444e-05;0;0;0;-3.59676e-06;
4.09544e-05;0;0;0;-3.59604e-06;
4.09644e-05;0;0;0;-3.59532e-06;
4.09744e-05;0;0;0;-3.5946e-06;
4.09844e-05;0;0;0;-3.59389e-06;
4.09944e-05;0;0;0;-3.59317e-06;
4.10044e-05;0;0;0;-3.59245e-06;
4.10144e-05;0;0;0;-3.59173e-06;
4.10244e-05;0;0;0;-3.59101e-06;
4.10344e-05;0;0;0;-3.59029e-06;
4.10444e-05;0;0;0;-3.58957e-06;
4.10544e-05;0;0;0;-3.58886e-06;
4.10644e-05;0;0;0;-3.58814e-06;
4.10744e-05;0;0;0;-3.58742e-06;
4.10844e-05;0;0;0;-3.5867e-06;
4.10944e-05;0;0;0;-3.58598e-06;
4.11044e-05;0;0;0;-3.58527e-06;
4.11144e-05;0;0;0;-3.58455e-06;
4.11244e-05;0;0;0;-3.58383e-06;
4.11344e-05;0;0;0;-3.58312e-06;
4.11444e-05;0;0;0;-3.5824e-06;
4.11544e-05;0;0;0;-3.58168e-06;
4.11644e-05;0;0;0;-3.58097e-06;
4.11744e-05;0;0;0;-3.58025e-06;
4.11844e-05;0;0;0;-3.57953e-06;
4.11944e-05;0;0;0;-3.57882e-06;
4.12044e-05;0;0;0;-3.5781e-06;
4.12144e-05;0;0;0;-3.57739e-06;
4.12244e-05;0;0;0;-3.57667e-06;
4.12344e-05;0;0;0;-3.57595e-06;
4.12444e-05;0;0;0;-3.57524e-06;
4.12544e-05;0;0;0;-3.57452e-06;
4.12644e-05;0;0;0;-3.57381e-06;
4.12744e-05;0;0;0;-3.57309e-06;
4.12844e-05;0;0;0;-3.57238e-06;
4.12944e-05;0;0;0;-3.57166e-06;
4.13044e-05;0;0;0;-3.57095e-06;
4.13144e-05;0;0;0;-3.57023e-06;
4.13244e-05;0;0;0;-3.56952e-06;
4.13344e-05;0;0;0;-3.56881e-06;
4.13444e-05;0;0;0;-3.56809e-06;
4.13544e-05;0;0;0;-3.56738e-06;
4.13644e-05;0;0;0;-3.56667e-06;
4.13744e-05;0;0;0;-3.56595e-06;
4.13844e-05;0;0;0;-3.56524e-06;
4.13944e-05;0;0;0;-3.56452e-06;
4.14044e-05;0;0;0;-3.56381e-06;
4.14144e-05;0;0;0;-3.5631e-06;
4.14244e-05;0;0;0;-3.56239e-06;
4.14344e-05;0;0;0;-3.56167e-06;
4.14444e-05;0;0;0;-3.56096e-06;
4.14544e-05;0;0;0;-3.56025e-06;
4.14644e-05;0;0;0;-3.55954e-06;
4.14744e-05;0;0;0;-3.55882e-06;
4.14844e-05;0;0;0;-3.55811e-06;
4.14944e-05;0;0;0;-3.5574e-06;
4.15044e-05;0;0;0;-3.55669e-06;
4.15144e-05;0;0;0;-3.55598e-06;
4.15244e-05;0;0;0;-3.55527e-06;
4.15344e-05;0;0;0;-3.55455e-06;
4.15444e-05;0;0;0;-3.55384e-06;
4.15544e-05;0;0;0;-3.55313e-06;
4.15644e-05;0;0;0;-3.55242e-06;
4.15744e-05;0;0;0;-3.55171e-06;
4.15844e-05;0;0;0;-3.551e-06;
4.15944e-05;0;0;0;-3.55029e-06;
4.16044e-05;0;0;0;-3.54958e-06;
4.16144e-05;0;0;0;-3.54887e-06;
4.16244e-05;0;0;0;-3.54816e-06;
4.16344e-05;0;0;0;-3.54745e-06;
4.16444e-05;0;0;0;-3.54674e-06;
4.16544e-05;0;0;0;-3.54603e-06;
4.16644e-05;0;0;0;-3.54532e-06;
4.16744e-05;0;0;0;-3.54461e-06;
4.16844e-05;0;0;0;-3.5439e-06;
4.16944e-05;0;0;0;-3.54319e-06;
4.17044e-05;0;0;0;-3.54248e-06;
4.17144e-05;0;0;0;-3.54178e-06;
4.17244e-05;0;0;0;-3.54107e-06;
4.17344e-05;0;0;0;-3.54036e-06;
4.17444e-05;0;0;0;-3.53965e-06;
4.17544e-05;0;0;0;-3.53894e-06;
4.17644e-05;0;0;0;-3.53823e-06;
4.17744e-05;0;0;0;-3.53753e-06;
4.17844e-05;0;0;0;-3.53682e-06;
4.17944e-05;0;0;0;-3.53611e-06;
4.18044e-05;0;0;0;-3.5354e-06;
4.18144e-05;0;0;0;-3.5347e-06;
4.18244e-05;0;0;0;-3.53399e-06;
4.18344e-05;0;0;0;-3.53328e-06;
4.18444e-05;0;0;0;-3.53258e-06;
4.18544e-05;0;0;0;-3.53187e-06;
4.18644e-05;0;0;0;-3.53116e-06;
4.18744e-05;0;0;0;-3.53046e-06;
4.18844e-05;0;0;0;-3.52975e-06;
4.18944e-05;0;0;0;-3.52904e-06;
4.19044e-05;0;0;0;-3.52834e-06;
4.19144e-05;0;0;0;-3.52763e-06;
4.19244e-05;0;0;0;-3.52693e-06;
4.19344e-05;0;0;0;-3.52622e-06;
4.19444e-05;0;0;0;-3.52551e-06;
4.19544e-05;0;0;0;-3.52481e-06;
4.19644e-05;0;0;0;-3.5241e-06;
4.19744e-05;0;0;0;-3.5234e-06;
4.19844e-05;0;0;0;-3.52269e-06;
4.19944e-05;0;0;0;-3.52199e-06;
4.20044e-05;0;0;0;-3.52128e-06;
4.20144e-05;0;0;0;-3.52058e-06;
4.20244e-05;0;0;0;-3.51988e-06;
4.20344e-05;0;0;0;-3.51917e-06;
4.20444e-05;0;0;0;-3.51847e-06;
4.20544e-05;0;0;0;-3.51776e-06;
4.20644e-05;0;0;0;-3.51706e-06;
4.20744e-05;0;0;0;-3.51636e-06;
4.20844e-05;0;0;0;-3.51565e-06;
4.20944e-05;0;0;0;-3.51495e-06;
4.21044e-05;0;0;0;-3.51425e-06;
4.21144e-05;0;0;0;-3.51354e-06;
4.21244e-05;0;0;0;-3.51284e-06;
4.21344e-05;0;0;0;-3.51214e-06;
4.21444e-05;0;0;0;-3.51144e-06;
4.21544e-05;0;0;0;-3.51073e-06;
4.21644e-05;0;0;0;-3.51003e-06;
4.21744e-05;0;0;0;-3.50933e-06;
4.21844e-05;0;0;0;-3.50863e-06;
4.21944e-05;0;0;0;-3.50792e-06;
4.22044e-05;0;0;0;-3.50722e-06;
4.22144e-05;0;0;0;-3.50652e-06;
4.22244e-05;0;0;0;-3.50582e-06;
4.22344e-05;0;0;0;-3.50512e-06;
4.22444e-05;0;0;0;-3.50442e-06;
4.22544e-05;0;0;0;-3.50372e-06;
4.22644e-05;0;0;0;-3.50301e-06;
4.22744e-05;0;0;0;-3.50231e-06;
4.22844e-05;0;0;0;-3.50161e-06;
4.22944e-05;0;0;0;-3.50091e-06;
4.23044e-05;0;0;0;-3.50021e-06;
4.23144e-05;0;0;0;-3.49951e-06;
4.23244e-05;0;0;0;-3.49881e-06;
4.23344e-05;0;0;0;-3.49811e-06;
4.23444e-05;0;0;0;-3.49741e-06;
4.23544e-05;0;0;0;-3.49671e-06;
4.23644e-05;0;0;0;-3.49601e-06;
4.23744e-05;0;0;0;-3.49531e-06;
4.23844e-05;0;0;0;-3.49461e-06;
4.23944e-05;0;0;0;-3.49391e-06;
4.24044e-05;0;0;0;-3.49322e-06;
4.24144e-05;0;0;0;-3.49252e-06;
4.24244e-05;0;0;0;-3.49182e-06;
4.24344e-05;0;0;0;-3.49112e-06;
4.24444e-05;0;0;0;-3.49042e-06;
4.24544e-05;0;0;0;-3.48972e-06;
4.24644e-05;0;0;0;-3.48902e-06;
4.24744e-05;0;0;0;-3.48833e-06;
4.24844e-05;0;0;0;-3.48763e-06;
4.24944e-05;0;0;0;-3.48693e-06;
4.25044e-05;0;0;0;-3.48623e-06;
4.25144e-05;0;0;0;-3.48554e-06;
4.25244e-05;0;0;0;-3.48484e-06;
4.25344e-05;0;0;0;-3.48414e-06;
4.25444e-05;0;0;0;-3.48344e-06;
4.25544e-05;0;0;0;-3.48275e-06;
4.25644e-05;0;0;0;-3.48205e-06;
4.25744e-05;0;0;0;-3.48135e-06;
4.25844e-05;0;0;0;-3.48066e-06;
4.25944e-05;0;0;0;-3.47996e-06;
4.26044e-05;0;0;0;-3.47927e-06;
4.26144e-05;0;0;0;-3.47857e-06;
4.26244e-05;0;0;0;-3.47787e-06;
4.26344e-05;0;0;0;-3.47718e-06;
4.26444e-05;0;0;0;-3.47648e-06;
4.26544e-05;0;0;0;-3.47579e-06;
4.26644e-05;0;0;0;-3.47509e-06;
4.26744e-05;0;0;0;-3.4744e-06;
4.26844e-05;0;0;0;-3.4737e-06;
4.26944e-05;0;0;0;-3.47301e-06;
4.27044e-05;0;0;0;-3.47231e-06;
4.27144e-05;0;0;0;-3.47162e-06;
4.27244e-05;0;0;0;-3.47092e-06;
4.27344e-05;0;0;0;-3.47023e-06;
4.27444e-05;0;0;0;-3.46953e-06;
4.27544e-05;0;0;0;-3.46884e-06;
4.27644e-05;0;0;0;-3.46815e-06;
4.27744e-05;0;0;0;-3.46745e-06;
4.27844e-05;0;0;0;-3.46676e-06;
4.27944e-05;0;0;0;-3.46606e-06;
4.28044e-05;0;0;0;-3.46537e-06;
4.28144e-05;0;0;0;-3.46468e-06;
4.28244e-05;0;0;0;-3.46398e-06;
4.28344e-05;0;0;0;-3.46329e-06;
4.28444e-05;0;0;0;-3.4626e-06;
4.28544e-05;0;0;0;-3.46191e-06;
4.28644e-05;0;0;0;-3.46121e-06;
4.28744e-05;0;0;0;-3.46052e-06;
4.28844e-05;0;0;0;-3.45983e-06;
4.28944e-05;0;0;0;-3.45914e-06;
4.29044e-05;0;0;0;-3.45844e-06;
4.29144e-05;0;0;0;-3.45775e-06;
4.29244e-05;0;0;0;-3.45706e-06;
4.29344e-05;0;0;0;-3.45637e-06;
4.29444e-05;0;0;0;-3.45568e-06;
4.29544e-05;0;0;0;-3.45499e-06;
4.29644e-05;0;0;0;-3.45429e-06;
4.29744e-05;0;0;0;-3.4536e-06;
4.29844e-05;0;0;0;-3.45291e-06;
4.29944e-05;0;0;0;-3.45222e-06;
4.30044e-05;0;0;0;-3.45153e-06;
4.30144e-05;0;0;0;-3.45084e-06;
4.30244e-05;0;0;0;-3.45015e-06;
4.30344e-05;0;0;0;-3.44946e-06;
4.30444e-05;0;0;0;-3.44877e-06;
4.30544e-05;0;0;0;-3.44808e-06;
4.30644e-05;0;0;0;-3.44739e-06;
4.30744e-05;0;0;0;-3.4467e-06;
4.30844e-05;0;0;0;-3.44601e-06;
4.30944e-05;0;0;0;-3.44532e-06;
4.31044e-05;0;0;0;-3.44463e-06;
4.31144e-05;0;0;0;-3.44394e-06;
4.31244e-05;0;0;0;-3.44325e-06;
4.31344e-05;0;0;0;-3.44257e-06;
4.31444e-05;0;0;0;-3.44188e-06;
4.31544e-05;0;0;0;-3.44119e-06;
4.31644e-05;0;0;0;-3.4405e-06;
4.31744e-05;0;0;0;-3.43981e-06;
4.31844e-05;0;0;0;-3.43912e-06;
4.31944e-05;0;0;0;-3.43844e-06;
4.32044e-05;0;0;0;-3.43775e-06;
4.32144e-05;0;0;0;-3.43706e-06;
4.32244e-05;0;0;0;-3.43637e-06;
4.32344e-05;0;0;0;-3.43568e-06;
4.32444e-05;0;0;0;-3.435e-06;
4.32544e-05;0;0;0;-3.43431e-06;
4.32644e-05;0;0;0;-3.43362e-06;
4.32744e-05;0;0;0;-3.43294e-06;
4.32844e-05;0;0;0;-3.43225e-06;
4.32944e-05;0;0;0;-3.43156e-06;
4.33044e-05;0;0;0;-3.43088e-06;
4.33144e-05;0;0;0;-3.43019e-06;
4.33244e-05;0;0;0;-3.4295e-06;
4.33344e-05;0;0;0;-3.42882e-06;
4.33444e-05;0;0;0;-3.42813e-06;
4.33544e-05;0;0;0;-3.42745e-06;
4.33644e-05;0;0;0;-3.42676e-06;
4.33744e-05;0;0;0;-3.42607e-06;
4.33844e-05;0;0;0;-3.42539e-06;
4.33944e-05;0;0;0;-3.4247e-06;
4.34044e-05;0;0;0;-3.42402e-06;
4.34144e-05;0;0;0;-3.42333e-06;
4.34244e-05;0;0;0;-3.42265e-06;
4.34344e-05;0;0;0;-3.42196e-06;
4.34444e-05;0;0;0;-3.42128e-06;
4.34544e-05;0;0;0;-3.42059e-06;
4.34644e-05;0;0;0;-3.41991e-06;
4.34744e-05;0;0;0;-3.41923e-06;
4.34844e-05;0;0;0;-3.41854e-06;
4.34944e-05;0;0;0;-3.41786e-06;
4.35044e-05;0;0;0;-3.41717e-06;
4.35144e-05;0;0;0;-3.41649e-06;
4.35244e-05;0;0;0;-3.41581e-06;
4.35344e-05;0;0;0;-3.41512e-06;
4.35444e-05;0;0;0;-3.41444e-06;
4.35544e-05;0;0;0;-3.41376e-06;
4.35644e-05;0;0;0;-3.41307e-06;
4.35744e-05;0;0;0;-3.41239e-06;
4.35844e-05;0;0;0;-3.41171e-06;
4.35944e-05;0;0;0;-3.41103e-06;
4.36044e-05;0;0;0;-3.41034e-06;
4.36144e-05;0;0;0;-3.40966e-06;
4.36244e-05;0;0;0;-3.40898e-06;
4.36344e-05;0;0;0;-3.4083e-06;
4.36444e-05;0;0;0;-3.40762e-06;
4.36544e-05;0;0;0;-3.40693e-06;
4.36644e-05;0;0;0;-3.40625e-06;
4.36744e-05;0;0;0;-3.40557e-06;
4.36844e-05;0;0;0;-3.40489e-06;
4.36944e-05;0;0;0;-3.40421e-06;
4.37044e-05;0;0;0;-3.40353e-06;
4.37144e-05;0;0;0;-3.40285e-06;
4.37244e-05;0;0;0;-3.40217e-06;
4.37344e-05;0;0;0;-3.40149e-06;
4.37444e-05;0;0;0;-3.4008e-06;
4.37544e-05;0;0;0;-3.40012e-06;
4.37644e-05;0;0;0;-3.39944e-06;
4.37744e-05;0;0;0;-3.39876e-06;
4.37844e-05;0;0;0;-3.39808e-06;
4.37944e-05;0;0;0;-3.3974e-06;
4.38044e-05;0;0;0;-3.39672e-06;
4.38144e-05;0;0;0;-3.39605e-06;
4.38244e-05;0;0;0;-3.39537e-06;
4.38344e-05;0;0;0;-3.39469e-06;
4.38444e-05;0;0;0;-3.39401e-06;
4.38544e-05;0;0;0;-3.39333e-06;
4.38644e-05;0;0;0;-3.39265e-06;
4.38744e-05;0;0;0;-3.39197e-06;
4.38844e-05;0;0;0;-3.39129e-06;
4.38944e-05;0;0;0;-3.39061e-06;
4.39044e-05;0;0;0;-3.38994e-06;
4.39144e-05;0;0;0;-3.38926e-06;
4.39244e-05;0;0;0;-3.38858e-06;
4.39344e-05;0;0;0;-3.3879e-06;
4.39444e-05;0;0;0;-3.38722e-06;
4.39544e-05;0;0;0;-3.38655e-06;
4.39644e-05;0;0;0;-3.38587e-06;
4.39744e-05;0;0;0;-3.38519e-06;
4.39844e-05;0;0;0;-3.38451e-06;
4.39944e-05;0;0;0;-3.38384e-06;
4.40044e-05;0;0;0;-3.38316e-06;
4.40144e-05;0;0;0;-3.38248e-06;
4.40244e-05;0;0;0;-3.38181e-06;
4.40344e-05;0;0;0;-3.38113e-06;
4.40444e-05;0;0;0;-3.38045e-06;
4.40544e-05;0;0;0;-3.37978e-06;
4.40644e-05;0;0;0;-3.3791e-06;
4.40744e-05;0;0;0;-3.37842e-06;
4.40844e-05;0;0;0;-3.37775e-06;
4.40944e-05;0;0;0;-3.37707e-06;
4.41044e-05;0;0;0;-3.3764e-06;
4.41144e-05;0;0;0;-3.37572e-06;
4.41244e-05;0;0;0;-3.37505e-06;
4.41344e-05;0;0;0;-3.37437e-06;
4.41444e-05;0;0;0;-3.3737e-06;
4.41544e-05;0;0;0;-3.37302e-06;
4.41644e-05;0;0;0;-3.37235e-06;
4.41744e-05;0;0;0;-3.37167e-06;
4.41844e-05;0;0;0;-3.371e-06;
4.41944e-05;0;0;0;-3.37032e-06;
4.42044e-05;0;0;0;-3.36965e-06;
4.42144e-05;0;0;0;-3.36897e-06;
4.42244e-05;0;0;0;-3.3683e-06;
4.42344e-05;0;0;0;-3.36763e-06;
4.42444e-05;0;0;0;-3.36695e-06;
4.42544e-05;0;0;0;-3.36628e-06;
4.42644e-05;0;0;0;-3.36561e-06;
4.42744e-05;0;0;0;-3.36493e-06;
4.42844e-05;0;0;0;-3.36426e-06;
4.42944e-05;0;0;0;-3.36359e-06;
4.43044e-05;0;0;0;-3.36291e-06;
4.43144e-05;0;0;0;-3.36224e-06;
4.43244e-05;0;0;0;-3.36157e-06;
4.43344e-05;0;0;0;-3.3609e-06;
4.43444e-05;0;0;0;-3.36022e-06;
4.43544e-05;0;0;0;-3.35955e-06;
4.43644e-05;0;0;0;-3.35888e-06;
4.43744e-05;0;0;0;-3.35821e-06;
4.43844e-05;0;0;0;-3.35753e-06;
4.43944e-05;0;0;0;-3.35686e-06;
4.44044e-05;0;0;0;-3.35619e-06;
4.44144e-05;0;0;0;-3.35552e-06;
4.44244e-05;0;0;0;-3.35485e-06;
4.44344e-05;0;0;0;-3.35418e-06;
4.44444e-05;0;0;0;-3.35351e-06;
4.44544e-05;0;0;0;-3.35284e-06;
4.44644e-05;0;0;0;-3.35216e-06;
4.44744e-05;0;0;0;-3.35149e-06;
4.44844e-05;0;0;0;-3.35082e-06;
4.44944e-05;0;0;0;-3.35015e-06;
4.45044e-05;0;0;0;-3.34948e-06;
4.45144e-05;0;0;0;-3.34881e-06;
4.45244e-05;0;0;0;-3.34814e-06;
4.45344e-05;0;0;0;-3.34747e-06;
4.45444e-05;0;0;0;-3.3468e-06;
4.45544e-05;0;0;0;-3.34613e-06;
4.45644e-05;0;0;0;-3.34546e-06;
4.45744e-05;0;0;0;-3.3448e-06;
4.45844e-05;0;0;0;-3.34413e-06;
4.45944e-05;0;0;0;-3.34346e-06;
4.46044e-05;0;0;0;-3.34279e-06;
4.46144e-05;0;0;0;-3.34212e-06;
4.46244e-05;0;0;0;-3.34145e-06;
4.46344e-05;0;0;0;-3.34078e-06;
4.46444e-05;0;0;0;-3.34011e-06;
4.46544e-05;0;0;0;-3.33945e-06;
4.46644e-05;0;0;0;-3.33878e-06;
4.46744e-05;0;0;0;-3.33811e-06;
4.46844e-05;0;0;0;-3.33744e-06;
4.46944e-05;0;0;0;-3.33677e-06;
4.47044e-05;0;0;0;-3.33611e-06;
4.47144e-05;0;0;0;-3.33544e-06;
4.47244e-05;0;0;0;-3.33477e-06;
4.47344e-05;0;0;0;-3.3341e-06;
4.47444e-05;0;0;0;-3.33344e-06;
4.47544e-05;0;0;0;-3.33277e-06;
4.47644e-05;0;0;0;-3.3321e-06;
4.47744e-05;0;0;0;-3.33144e-06;
4.47844e-05;0;0;0;-3.33077e-06;
4.47944e-05;0;0;0;-3.3301e-06;
4.48044e-05;0;0;0;-3.32944e-06;
4.48144e-05;0;0;0;-3.32877e-06;
4.48244e-05;0;0;0;-3.32811e-06;
4.48344e-05;0;0;0;-3.32744e-06;
4.48444e-05;0;0;0;-3.32678e-06;
4.48544e-05;0;0;0;-3.32611e-06;
4.48644e-05;0;0;0;-3.32544e-06;
4.48744e-05;0;0;0;-3.32478e-06;
4.48844e-05;0;0;0;-3.32411e-06;
4.48944e-05;0;0;0;-3.32345e-06;
4.49044e-05;0;0;0;-3.32278e-06;
4.49144e-05;0;0;0;-3.32212e-06;
4.49244e-05;0;0;0;-3.32145e-06;
4.49344e-05;0;0;0;-3.32079e-06;
4.49444e-05;0;0;0;-3.32013e-06;
4.49544e-05;0;0;0;-3.31946e-06;
4.49644e-05;0;0;0;-3.3188e-06;
4.49744e-05;0;0;0;-3.31813e-06;
4.49844e-05;0;0;0;-3.31747e-06;
4.49944e-05;0;0;0;-3.31681e-06;
4.50044e-05;0;0;0;-3.31614e-06;
4.50144e-05;0;0;0;-3.31548e-06;
4.50244e-05;0;0;0;-3.31482e-06;
4.50344e-05;0;0;0;-3.31415e-06;
4.50444e-05;0;0;0;-3.31349e-06;
4.50544e-05;0;0;0;-3.31283e-06;
4.50644e-05;0;0;0;-3.31216e-06;
4.50744e-05;0;0;0;-3.3115e-06;
4.50844e-05;0;0;0;-3.31084e-06;
4.50944e-05;0;0;0;-3.31018e-06;
4.51044e-05;0;0;0;-3.30951e-06;
4.51144e-05;0;0;0;-3.30885e-06;
4.51244e-05;0;0;0;-3.30819e-06;
4.51344e-05;0;0;0;-3.30753e-06;
4.51444e-05;0;0;0;-3.30687e-06;
4.51544e-05;0;0;0;-3.3062e-06;
4.51644e-05;0;0;0;-3.30554e-06;
4.51744e-05;0;0;0;-3.30488e-06;
4.51844e-05;0;0;0;-3.30422e-06;
4.51944e-05;0;0;0;-3.30356e-06;
4.52044e-05;0;0;0;-3.3029e-06;
4.52144e-05;0;0;0;-3.30224e-06;
4.52244e-05;0;0;0;-3.30158e-06;
4.52344e-05;0;0;0;-3.30092e-06;
4.52444e-05;0;0;0;-3.30026e-06;
4.52544e-05;0;0;0;-3.2996e-06;
4.52644e-05;0;0;0;-3.29894e-06;
4.52744e-05;0;0;0;-3.29828e-06;
4.52844e-05;0;0;0;-3.29762e-06;
4.52944e-05;0;0;0;-3.29696e-06;
4.53044e-05;0;0;0;-3.2963e-06;
4.53144e-05;0;0;0;-3.29564e-06;
4.53244e-05;0;0;0;-3.29498e-06;
4.53344e-05;0;0;0;-3.29432e-06;
4.53444e-05;0;0;0;-3.29366e-06;
4.53544e-05;0;0;0;-3.293e-06;
4.53644e-05;0;0;0;-3.29234e-06;
4.53744e-05;0;0;0;-3.29168e-06;
4.53844e-05;0;0;0;-3.29103e-06;
4.53944e-05;0;0;0;-3.29037e-06;
4.54044e-05;0;0;0;-3.28971e-06;
4.54144e-05;0;0;0;-3.28905e-06;
4.54244e-05;0;0;0;-3.28839e-06;
4.54344e-05;0;0;0;-3.28773e-06;
4.54444e-05;0;0;0;-3.28708e-06;
4.54544e-05;0;0;0;-3.28642e-06;
4.54644e-05;0;0;0;-3.28576e-06;
4.54744e-05;0;0;0;-3.2851e-06;
4.54844e-05;0;0;0;-3.28445e-06;
4.54944e-05;0;0;0;-3.28379e-06;
4.55044e-05;0;0;0;-3.28313e-06;
4.55144e-05;0;0;0;-3.28248e-06;
4.55244e-05;0;0;0;-3.28182e-06;
4.55344e-05;0;0;0;-3.28116e-06;
4.55444e-05;0;0;0;-3.28051e-06;
4.55544e-05;0;0;0;-3.27985e-06;
4.55644e-05;0;0;0;-3.27919e-06;
4.55744e-05;0;0;0;-3.27854e-06;
4.55844e-05;0;0;0;-3.27788e-06;
4.55944e-05;0;0;0;-3.27723e-06;
4.56044e-05;0;0;0;-3.27657e-06;
4.56144e-05;0;0;0;-3.27592e-06;
4.56244e-05;0;0;0;-3.27526e-06;
4.56344e-05;0;0;0;-3.2746e-06;
4.56444e-05;0;0;0;-3.27395e-06;
4.56544e-05;0;0;0;-3.27329e-06;
4.56644e-05;0;0;0;-3.27264e-06;
4.56744e-05;0;0;0;-3.27198e-06;
4.56844e-05;0;0;0;-3.27133e-06;
4.56944e-05;0;0;0;-3.27068e-06;
4.57044e-05;0;0;0;-3.27002e-06;
4.57144e-05;0;0;0;-3.26937e-06;
4.57244e-05;0;0;0;-3.26871e-06;
4.57344e-05;0;0;0;-3.26806e-06;
4.57444e-05;0;0;0;-3.26741e-06;
4.57544e-05;0;0;0;-3.26675e-06;
4.57644e-05;0;0;0;-3.2661e-06;
4.57744e-05;0;0;0;-3.26544e-06;
4.57844e-05;0;0;0;-3.26479e-06;
4.57944e-05;0;0;0;-3.26414e-06;
4.58044e-05;0;0;0;-3.26349e-06;
4.58144e-05;0;0;0;-3.26283e-06;
4.58244e-05;0;0;0;-3.26218e-06;
4.58344e-05;0;0;0;-3.26153e-06;
4.58444e-05;0;0;0;-3.26087e-06;
4.58544e-05;0;0;0;-3.26022e-06;
4.58644e-05;0;0;0;-3.25957e-06;
4.58744e-05;0;0;0;-3.25892e-06;
4.58844e-05;0;0;0;-3.25827e-06;
4.58944e-05;0;0;0;-3.25761e-06;
4.59044e-05;0;0;0;-3.25696e-06;
4.59144e-05;0;0;0;-3.25631e-06;
4.59244e-05;0;0;0;-3.25566e-06;
4.59344e-05;0;0;0;-3.25501e-06;
4.59444e-05;0;0;0;-3.25436e-06;
4.59544e-05;0;0;0;-3.25371e-06;
4.59644e-05;0;0;0;-3.25305e-06;
4.59744e-05;0;0;0;-3.2524e-06;
4.59844e-05;0;0;0;-3.25175e-06;
4.59944e-05;0;0;0;-3.2511e-06;
4.60044e-05;0;0;0;-3.25045e-06;
4.60144e-05;0;0;0;-3.2498e-06;
4.60244e-05;0;0;0;-3.24915e-06;
4.60344e-05;0;0;0;-3.2485e-06;
4.60444e-05;0;0;0;-3.24785e-06;
4.60544e-05;0;0;0;-3.2472e-06;
4.60644e-05;0;0;0;-3.24655e-06;
4.60744e-05;0;0;0;-3.2459e-06;
4.60844e-05;0;0;0;-3.24525e-06;
4.60944e-05;0;0;0;-3.2446e-06;
4.61044e-05;0;0;0;-3.24396e-06;
4.61144e-05;0;0;0;-3.24331e-06;
4.61244e-05;0;0;0;-3.24266e-06;
4.61344e-05;0;0;0;-3.24201e-06;
4.61444e-05;0;0;0;-3.24136e-06;
4.61544e-05;0;0;0;-3.24071e-06;
4.61644e-05;0;0;0;-3.24006e-06;
4.61744e-05;0;0;0;-3.23942e-06;
4.61844e-05;0;0;0;-3.23877e-06;
4.61944e-05;0;0;0;-3.23812e-06;
4.62044e-05;0;0;0;-3.23747e-06;
4.62144e-05;0;0;0;-3.23682e-06;
4.62244e-05;0;0;0;-3.23618e-06;
4.62344e-05;0;0;0;-3.23553e-06;
4.62444e-05;0;0;0;-3.23488e-06;
4.62544e-05;0;0;0;-3.23423e-06;
4.62644e-05;0;0;0;-3.23359e-06;
4.62744e-05;0;0;0;-3.23294e-06;
4.62844e-05;0;0;0;-3.23229e-06;
4.62944e-05;0;0;0;-3.23165e-06;
4.63044e-05;0;0;0;-3.231e-06;
4.63144e-05;0;0;0;-3.23035e-06;
4.63244e-05;0;0;0;-3.22971e-06;
4.63344e-05;0;0;0;-3.22906e-06;
4.63444e-05;0;0;0;-3.22842e-06;
4.63544e-05;0;0;0;-3.22777e-06;
4.63644e-05;0;0;0;-3.22712e-06;
4.63744e-05;0;0;0;-3.22648e-06;
4.63844e-05;0;0;0;-3.22583e-06;
4.63944e-05;0;0;0;-3.22519e-06;
4.64044e-05;0;0;0;-3.22454e-06;
4.64144e-05;0;0;0;-3.2239e-06;
4.64244e-05;0;0;0;-3.22325e-06;
4.64344e-05;0;0;0;-3.22261e-06;
4.64444e-05;0;0;0;-3.22196e-06;
4.64544e-05;0;0;0;-3.22132e-06;
4.64644e-05;0;0;0;-3.22067e-06;
4.64744e-05;0;0;0;-3.22003e-06;
4.64844e-05;0;0;0;-3.21939e-06;
4.64944e-05;0;0;0;-3.21874e-06;
4.65044e-05;0;0;0;-3.2181e-06;
4.65144e-05;0;0;0;-3.21745e-06;
4.65244e-05;0;0;0;-3.21681e-06;
4.65344e-05;0;0;0;-3.21617e-06;
4.65444e-05;0;0;0;-3.21552e-06;
4.65544e-05;0;0;0;-3.21488e-06;
4.65644e-05;0;0;0;-3.21424e-06;
4.65744e-05;0;0;0;-3.21359e-06;
4.65844e-05;0;0;0;-3.21295e-06;
4.65944e-05;0;0;0;-3.21231e-06;
4.66044e-05;0;0;0;-3.21166e-06;
4.66144e-05;0;0;0;-3.21102e-06;
4.66244e-05;0;0;0;-3.21038e-06;
4.66344e-05;0;0;0;-3.20974e-06;
4.66444e-05;0;0;0;-3.2091e-06;
4.66544e-05;0;0;0;-3.20845e-06;
4.66644e-05;0;0;0;-3.20781e-06;
4.66744e-05;0;0;0;-3.20717e-06;
4.66844e-05;0;0;0;-3.20653e-06;
4.66944e-05;0;0;0;-3.20589e-06;
4.67044e-05;0;0;0;-3.20525e-06;
4.67144e-05;0;0;0;-3.2046e-06;
4.67244e-05;0;0;0;-3.20396e-06;
4.67344e-05;0;0;0;-3.20332e-06;
4.67444e-05;0;0;0;-3.20268e-06;
4.67544e-05;0;0;0;-3.20204e-06;
4.67644e-05;0;0;0;-3.2014e-06;
4.67744e-05;0;0;0;-3.20076e-06;
4.67844e-05;0;0;0;-3.20012e-06;
4.67944e-05;0;0;0;-3.19948e-06;
4.68044e-05;0;0;0;-3.19884e-06;
4.68144e-05;0;0;0;-3.1982e-06;
4.68244e-05;0;0;0;-3.19756e-06;
4.68344e-05;0;0;0;-3.19692e-06;
4.68444e-05;0;0;0;-3.19628e-06;
4.68544e-05;0;0;0;-3.19564e-06;
4.68644e-05;0;0;0;-3.195e-06;
4.68744e-05;0;0;0;-3.19436e-06;
4.68844e-05;0;0;0;-3.19372e-06;
4.68944e-05;0;0;0;-3.19308e-06;
4.69044e-05;0;0;0;-3.19244e-06;
4.69144e-05;0;0;0;-3.19181e-06;
4.69244e-05;0;0;0;-3.19117e-06;
4.69344e-05;0;0;0;-3.19053e-06;
4.69444e-05;0;0;0;-3.18989e-06;
4.69544e-05;0;0;0;-3.18925e-06;
4.69644e-05;0;0;0;-3.18861e-06;
4.69744e-05;0;0;0;-3.18798e-06;
4.69844e-05;0;0;0;-3.18734e-06;
4.69944e-05;0;0;0;-3.1867e-06;
4.70044e-05;0;0;0;-3.18606e-06;
4.70144e-05;0;0;0;-3.18543e-06;
4.70244e-05;0;0;0;-3.18479e-06;
4.70344e-05;0;0;0;-3.18415e-06;
4.70444e-05;0;0;0;-3.18351e-06;
4.70544e-05;0;0;0;-3.18288e-06;
4.70644e-05;0;0;0;-3.18224e-06;
4.70744e-05;0;0;0;-3.1816e-06;
4.70844e-05;0;0;0;-3.18097e-06;
4.70944e-05;0;0;0;-3.18033e-06;
4.71044e-05;0;0;0;-3.1797e-06;
4.71144e-05;0;0;0;-3.17906e-06;
4.71244e-05;0;0;0;-3.17842e-06;
4.71344e-05;0;0;0;-3.17779e-06;
4.71444e-05;0;0;0;-3.17715e-06;
4.71544e-05;0;0;0;-3.17652e-06;
4.71644e-05;0;0;0;-3.17588e-06;
4.71744e-05;0;0;0;-3.17525e-06;
4.71844e-05;0;0;0;-3.17461e-06;
4.71944e-05;0;0;0;-3.17397e-06;
4.72044e-05;0;0;0;-3.17334e-06;
4.72144e-05;0;0;0;-3.17271e-06;
4.72244e-05;0;0;0;-3.17207e-06;
4.72344e-05;0;0;0;-3.17144e-06;
4.72444e-05;0;0;0;-3.1708e-06;
4.72544e-05;0;0;0;-3.17017e-06;
4.72644e-05;0;0;0;-3.16953e-06;
4.72744e-05;0;0;0;-3.1689e-06;
4.72844e-05;0;0;0;-3.16826e-06;
4.72944e-05;0;0;0;-3.16763e-06;
4.73044e-05;0;0;0;-3.167e-06;
4.73144e-05;0;0;0;-3.16636e-06;
4.73244e-05;0;0;0;-3.16573e-06;
4.73344e-05;0;0;0;-3.1651e-06;
4.73444e-05;0;0;0;-3.16446e-06;
4.73544e-05;0;0;0;-3.16383e-06;
4.73644e-05;0;0;0;-3.1632e-06;
4.73744e-05;0;0;0;-3.16256e-06;
4.73844e-05;0;0;0;-3.16193e-06;
4.73944e-05;0;0;0;-3.1613e-06;
4.74044e-05;0;0;0;-3.16067e-06;
4.74144e-05;0;0;0;-3.16003e-06;
4.74244e-05;0;0;0;-3.1594e-06;
4.74344e-05;0;0;0;-3.15877e-06;
4.74444e-05;0;0;0;-3.15814e-06;
4.74544e-05;0;0;0;-3.15751e-06;
4.74644e-05;0;0;0;-3.15687e-06;
4.74744e-05;0;0;0;-3.15624e-06;
4.74844e-05;0;0;0;-3.15561e-06;
4.74944e-05;0;0;0;-3.15498e-06;
4.75044e-05;0;0;0;-3.15435e-06;
4.75144e-05;0;0;0;-3.15372e-06;
4.75244e-05;0;0;0;-3.15309e-06;
4.75344e-05;0;0;0;-3.15246e-06;
4.75444e-05;0;0;0;-3.15183e-06;
4.75544e-05;0;0;0;-3.1512e-06;
4.75644e-05;0;0;0;-3.15056e-06;
4.75744e-05;0;0;0;-3.14993e-06;
4.75844e-05;0;0;0;-3.1493e-06;
4.75944e-05;0;0;0;-3.14867e-06;
4.76044e-05;0;0;0;-3.14804e-06;
4.76144e-05;0;0;0;-3.14741e-06;
4.76244e-05;0;0;0;-3.14679e-06;
4.76344e-05;0;0;0;-3.14616e-06;
4.76444e-05;0;0;0;-3.14553e-06;
4.76544e-05;0;0;0;-3.1449e-06;
4.76644e-05;0;0;0;-3.14427e-06;
4.76744e-05;0;0;0;-3.14364e-06;
4.76844e-05;0;0;0;-3.14301e-06;
4.76944e-05;0;0;0;-3.14238e-06;
4.77044e-05;0;0;0;-3.14175e-06;
4.77144e-05;0;0;0;-3.14112e-06;
4.77244e-05;0;0;0;-3.1405e-06;
4.77344e-05;0;0;0;-3.13987e-06;
4.77444e-05;0;0;0;-3.13924e-06;
4.77544e-05;0;0;0;-3.13861e-06;
4.77644e-05;0;0;0;-3.13798e-06;
4.77744e-05;0;0;0;-3.13736e-06;
4.77844e-05;0;0;0;-3.13673e-06;
4.77944e-05;0;0;0;-3.1361e-06;
4.78044e-05;0;0;0;-3.13547e-06;
4.78144e-05;0;0;0;-3.13485e-06;
4.78244e-05;0;0;0;-3.13422e-06;
4.78344e-05;0;0;0;-3.13359e-06;
4.78444e-05;0;0;0;-3.13296e-06;
4.78544e-05;0;0;0;-3.13234e-06;
4.78644e-05;0;0;0;-3.13171e-06;
4.78744e-05;0;0;0;-3.13108e-06;
4.78844e-05;0;0;0;-3.13046e-06;
4.78944e-05;0;0;0;-3.12983e-06;
4.79044e-05;0;0;0;-3.12921e-06;
4.79144e-05;0;0;0;-3.12858e-06;
4.79244e-05;0;0;0;-3.12795e-06;
4.79344e-05;0;0;0;-3.12733e-06;
4.79444e-05;0;0;0;-3.1267e-06;
4.79544e-05;0;0;0;-3.12608e-06;
4.79644e-05;0;0;0;-3.12545e-06;
4.79744e-05;0;0;0;-3.12483e-06;
4.79844e-05;0;0;0;-3.1242e-06;
4.79944e-05;0;0;0;-3.12358e-06;
4.80044e-05;0;0;0;-3.12295e-06;
4.80144e-05;0;0;0;-3.12233e-06;
4.80244e-05;0;0;0;-3.1217e-06;
4.80344e-05;0;0;0;-3.12108e-06;
4.80444e-05;0;0;0;-3.12045e-06;
4.80544e-05;0;0;0;-3.11983e-06;
4.80644e-05;0;0;0;-3.1192e-06;
4.80744e-05;0;0;0;-3.11858e-06;
4.80844e-05;0;0;0;-3.11796e-06;
4.80944e-05;0;0;0;-3.11733e-06;
4.81044e-05;0;0;0;-3.11671e-06;
4.81144e-05;0;0;0;-3.11609e-06;
4.81244e-05;0;0;0;-3.11546e-06;
4.81344e-05;0;0;0;-3.11484e-06;
4.81444e-05;0;0;0;-3.11422e-06;
4.81544e-05;0;0;0;-3.11359e-06;
4.81644e-05;0;0;0;-3.11297e-06;
4.81744e-05;0;0;0;-3.11235e-06;
4.81844e-05;0;0;0;-3.11172e-06;
4.81944e-05;0;0;0;-3.1111e-06;
4.82044e-05;0;0;0;-3.11048e-06;
4.82144e-05;0;0;0;-3.10986e-06;
4.82244e-05;0;0;0;-3.10923e-06;
4.82344e-05;0;0;0;-3.10861e-06;
4.82444e-05;0;0;0;-3.10799e-06;
4.82544e-05;0;0;0;-3.10737e-06;
4.82644e-05;0;0;0;-3.10675e-06;
4.82744e-05;0;0;0;-3.10613e-06;
4.82844e-05;0;0;0;-3.1055e-06;
4.82944e-05;0;0;0;-3.10488e-06;
4.83044e-05;0;0;0;-3.10426e-06;
4.83144e-05;0;0;0;-3.10364e-06;
4.83244e-05;0;0;0;-3.10302e-06;
4.83344e-05;0;0;0;-3.1024e-06;
4.83444e-05;0;0;0;-3.10178e-06;
4.83544e-05;0;0;0;-3.10116e-06;
4.83644e-05;0;0;0;-3.10054e-06;
4.83744e-05;0;0;0;-3.09992e-06;
4.83844e-05;0;0;0;-3.0993e-06;
4.83944e-05;0;0;0;-3.09868e-06;
4.84044e-05;0;0;0;-3.09806e-06;
4.84144e-05;0;0;0;-3.09744e-06;
4.84244e-05;0;0;0;-3.09682e-06;
4.84344e-05;0;0;0;-3.0962e-06;
4.84444e-05;0;0;0;-3.09558e-06;
4.84544e-05;0;0;0;-3.09496e-06;
4.84644e-05;0;0;0;-3.09434e-06;
4.84744e-05;0;0;0;-3.09372e-06;
4.84844e-05;0;0;0;-3.0931e-06;
4.84944e-05;0;0;0;-3.09248e-06;
4.85044e-05;0;0;0;-3.09186e-06;
4.85144e-05;0;0;0;-3.09125e-06;
4.85244e-05;0;0;0;-3.09063e-06;
4.85344e-05;0;0;0;-3.09001e-06;
4.85444e-05;0;0;0;-3.08939e-06;
4.85544e-05;0;0;0;-3.08877e-06;
4.85644e-05;0;0;0;-3.08816e-06;
4.85744e-05;0;0;0;-3.08754e-06;
4.85844e-05;0;0;0;-3.08692e-06;
4.85944e-05;0;0;0;-3.0863e-06;
4.86044e-05;0;0;0;-3.08568e-06;
4.86144e-05;0;0;0;-3.08507e-06;
4.86244e-05;0;0;0;-3.08445e-06;
4.86344e-05;0;0;0;-3.08383e-06;
4.86444e-05;0;0;0;-3.08322e-06;
4.86544e-05;0;0;0;-3.0826e-06;
4.86644e-05;0;0;0;-3.08198e-06;
4.86744e-05;0;0;0;-3.08137e-06;
4.86844e-05;0;0;0;-3.08075e-06;
4.86944e-05;0;0;0;-3.08013e-06;
4.87044e-05;0;0;0;-3.07952e-06;
4.87144e-05;0;0;0;-3.0789e-06;
4.87244e-05;0;0;0;-3.07828e-06;
4.87344e-05;0;0;0;-3.07767e-06;
4.87444e-05;0;0;0;-3.07705e-06;
4.87544e-05;0;0;0;-3.07644e-06;
4.87644e-05;0;0;0;-3.07582e-06;
4.87744e-05;0;0;0;-3.07521e-06;
4.87844e-05;0;0;0;-3.07459e-06;
4.87944e-05;0;0;0;-3.07398e-06;
4.88044e-05;0;0;0;-3.07336e-06;
4.88144e-05;0;0;0;-3.07275e-06;
4.88244e-05;0;0;0;-3.07213e-06;
4.88344e-05;0;0;0;-3.07152e-06;
4.88444e-05;0;0;0;-3.0709e-06;
4.88544e-05;0;0;0;-3.07029e-06;
4.88644e-05;0;0;0;-3.06967e-06;
4.88744e-05;0;0;0;-3.06906e-06;
4.88844e-05;0;0;0;-3.06845e-06;
4.88944e-05;0;0;0;-3.06783e-06;
4.89044e-05;0;0;0;-3.06722e-06;
4.89144e-05;0;0;0;-3.0666e-06;
4.89244e-05;0;0;0;-3.06599e-06;
4.89344e-05;0;0;0;-3.06538e-06;
4.89444e-05;0;0;0;-3.06476e-06;
4.89544e-05;0;0;0;-3.06415e-06;
4.89644e-05;0;0;0;-3.06354e-06;
4.89744e-05;0;0;0;-3.06293e-06;
4.89844e-05;0;0;0;-3.06231e-06;
4.89944e-05;0;0;0;-3.0617e-06;
4.90044e-05;0;0;0;-3.06109e-06;
4.90144e-05;0;0;0;-3.06048e-06;
4.90244e-05;0;0;0;-3.05986e-06;
4.90344e-05;0;0;0;-3.05925e-06;
4.90444e-05;0;0;0;-3.05864e-06;
4.90544e-05;0;0;0;-3.05803e-06;
4.90644e-05;0;0;0;-3.05742e-06;
4.90744e-05;0;0;0;-3.0568e-06;
4.90844e-05;0;0;0;-3.05619e-06;
4.90944e-05;0;0;0;-3.05558e-06;
4.91044e-05;0;0;0;-3.05497e-06;
4.91144e-05;0;0;0;-3.05436e-06;
4.91244e-05;0;0;0;-3.05375e-06;
4.91344e-05;0;0;0;-3.05314e-06;
4.91444e-05;0;0;0;-3.05253e-06;
4.91544e-05;0;0;0;-3.05191e-06;
4.91644e-05;0;0;0;-3.0513e-06;
4.91744e-05;0;0;0;-3.05069e-06;
4.91844e-05;0;0;0;-3.05008e-06;
4.91944e-05;0;0;0;-3.04947e-06;
4.92044e-05;0;0;0;-3.04886e-06;
4.92144e-05;0;0;0;-3.04825e-06;
4.92244e-05;0;0;0;-3.04764e-06;
4.92344e-05;0;0;0;-3.04703e-06;
4.92444e-05;0;0;0;-3.04642e-06;
4.92544e-05;0;0;0;-3.04581e-06;
4.92644e-05;0;0;0;-3.04521e-06;
4.92744e-05;0;0;0;-3.0446e-06;
4.92844e-05;0;0;0;-3.04399e-06;
4.92944e-05;0;0;0;-3.04338e-06;
4.93044e-05;0;0;0;-3.04277e-06;
4.93144e-05;0;0;0;-3.04216e-06;
4.93244e-05;0;0;0;-3.04155e-06;
4.93344e-05;0;0;0;-3.04094e-06;
4.93444e-05;0;0;0;-3.04033e-06;
4.93544e-05;0;0;0;-3.03973e-06;
4.93644e-05;0;0;0;-3.03912e-06;
4.93744e-05;0;0;0;-3.03851e-06;
4.93844e-05;0;0;0;-3.0379e-06;
4.93944e-05;0;0;0;-3.03729e-06;
4.94044e-05;0;0;0;-3.03669e-06;
4.94144e-05;0;0;0;-3.03608e-06;
4.94244e-05;0;0;0;-3.03547e-06;
4.94344e-05;0;0;0;-3.03486e-06;
4.94444e-05;0;0;0;-3.03426e-06;
4.94544e-05;0;0;0;-3.03365e-06;
4.94644e-05;0;0;0;-3.03304e-06;
4.94744e-05;0;0;0;-3.03244e-06;
4.94844e-05;0;0;0;-3.03183e-06;
4.94944e-05;0;0;0;-3.03122e-06;
4.95044e-05;0;0;0;-3.03062e-06;
4.95144e-05;0;0;0;-3.03001e-06;
4.95244e-05;0;0;0;-3.0294e-06;
4.95344e-05;0;0;0;-3.0288e-06;
4.95444e-05;0;0;0;-3.02819e-06;
4.95544e-05;0;0;0;-3.02759e-06;
4.95644e-05;0;0;0;-3.02698e-06;
4.95744e-05;0;0;0;-3.02638e-06;
4.95844e-05;0;0;0;-3.02577e-06;
4.95944e-05;0;0;0;-3.02517e-06;
4.96044e-05;0;0;0;-3.02456e-06;
4.96144e-05;0;0;0;-3.02395e-06;
4.96244e-05;0;0;0;-3.02335e-06;
4.96344e-05;0;0;0;-3.02274e-06;
4.96444e-05;0;0;0;-3.02214e-06;
4.96544e-05;0;0;0;-3.02154e-06;
4.96644e-05;0;0;0;-3.02093e-06;
4.96744e-05;0;0;0;-3.02033e-06;
4.96844e-05;0;0;0;-3.01972e-06;
4.96944e-05;0;0;0;-3.01912e-06;
4.97044e-05;0;0;0;-3.01851e-06;
4.97144e-05;0;0;0;-3.01791e-06;
4.97244e-05;0;0;0;-3.01731e-06;
4.97344e-05;0;0;0;-3.0167e-06;
4.97444e-05;0;0;0;-3.0161e-06;
4.97544e-05;0;0;0;-3.0155e-06;
4.97644e-05;0;0;0;-3.01489e-06;
4.97744e-05;0;0;0;-3.01429e-06;
4.97844e-05;0;0;0;-3.01369e-06;
4.97944e-05;0;0;0;-3.01308e-06;
4.98044e-05;0;0;0;-3.01248e-06;
4.98144e-05;0;0;0;-3.01188e-06;
4.98244e-05;0;0;0;-3.01128e-06;
4.98344e-05;0;0;0;-3.01067e-06;
4.98444e-05;0;0;0;-3.01007e-06;
4.98544e-05;0;0;0;-3.00947e-06;
4.98644e-05;0;0;0;-3.00887e-06;
4.98744e-05;0;0;0;-3.00826e-06;
4.98844e-05;0;0;0;-3.00766e-06;
4.98944e-05;0;0;0;-3.00706e-06;
4.99044e-05;0;0;0;-3.00646e-06;
4.99144e-05;0;0;0;-3.00586e-06;
4.99244e-05;0;0;0;-3.00526e-06;
4.99344e-05;0;0;0;-3.00466e-06;
4.99444e-05;0;0;0;-3.00405e-06;
4.99544e-05;0;0;0;-3.00345e-06;
4.99644e-05;0;0;0;-3.00285e-06;
4.99744e-05;0;0;0;-3.00225e-06;
4.99844e-05;0;0;0;-3.00165e-06;
4.99944e-05;0;0;0;-3.00105e-06;
5.00044e-05;0;0;0;-3.00045e-06;
5.00144e-05;0;0;0;-2.99985e-06;
5.00244e-05;0;0;0;-2.99925e-06;
5.00344e-05;0;0;0;-2.99865e-06;
5.00444e-05;0;0;0;-2.99805e-06;
5.00544e-05;0;0;0;-2.99745e-06;
5.00644e-05;0;0;0;-2.99685e-06;
5.00744e-05;0;0;0;-2.99625e-06;
5.00844e-05;0;0;0;-2.99565e-06;
5.00944e-05;0;0;0;-2.99505e-06;
5.01044e-05;0;0;0;-2.99445e-06;
5.01144e-05;0;0;0;-2.99385e-06;
5.01244e-05;0;0;0;-2.99326e-06;
5.01344e-05;0;0;0;-2.99266e-06;
5.01444e-05;0;0;0;-2.99206e-06;
5.01544e-05;0;0;0;-2.99146e-06;
5.01644e-05;0;0;0;-2.99086e-06;
5.01744e-05;0;0;0;-2.99026e-06;
5.01844e-05;0;0;0;-2.98966e-06;
5.01944e-05;0;0;0;-2.98907e-06;
5.02044e-05;0;0;0;-2.98847e-06;
5.02144e-05;0;0;0;-2.98787e-06;
5.02244e-05;0;0;0;-2.98727e-06;
5.02344e-05;0;0;0;-2.98667e-06;
5.02444e-05;0;0;0;-2.98608e-06;
5.02544e-05;0;0;0;-2.98548e-06;
5.02644e-05;0;0;0;-2.98488e-06;
5.02744e-05;0;0;0;-2.98429e-06;
5.02844e-05;0;0;0;-2.98369e-06;
5.02944e-05;0;0;0;-2.98309e-06;
5.03044e-05;0;0;0;-2.98249e-06;
5.03144e-05;0;0;0;-2.9819e-06;
5.03244e-05;0;0;0;-2.9813e-06;
5.03344e-05;0;0;0;-2.9807e-06;
5.03444e-05;0;0;0;-2.98011e-06;
5.03544e-05;0;0;0;-2.97951e-06;
5.03644e-05;0;0;0;-2.97892e-06;
5.03744e-05;0;0;0;-2.97832e-06;
5.03844e-05;0;0;0;-2.97772e-06;
5.03944e-05;0;0;0;-2.97713e-06;
5.04044e-05;0;0;0;-2.97653e-06;
5.04144e-05;0;0;0;-2.97594e-06;
5.04244e-05;0;0;0;-2.97534e-06;
5.04344e-05;0;0;0;-2.97475e-06;
5.04444e-05;0;0;0;-2.97415e-06;
5.04544e-05;0;0;0;-2.97356e-06;
5.04644e-05;0;0;0;-2.97296e-06;
5.04744e-05;0;0;0;-2.97237e-06;
5.04844e-05;0;0;0;-2.97177e-06;
5.04944e-05;0;0;0;-2.97118e-06;
5.05044e-05;0;0;0;-2.97058e-06;
5.05144e-05;0;0;0;-2.96999e-06;
5.05244e-05;0;0;0;-2.9694e-06;
5.05344e-05;0;0;0;-2.9688e-06;
5.05444e-05;0;0;0;-2.96821e-06;
5.05544e-05;0;0;0;-2.96761e-06;
5.05644e-05;0;0;0;-2.96702e-06;
5.05744e-05;0;0;0;-2.96643e-06;
5.05844e-05;0;0;0;-2.96583e-06;
5.05944e-05;0;0;0;-2.96524e-06;
5.06044e-05;0;0;0;-2.96465e-06;
5.06144e-05;0;0;0;-2.96405e-06;
5.06244e-05;0;0;0;-2.96346e-06;
5.06344e-05;0;0;0;-2.96287e-06;
5.06444e-05;0;0;0;-2.96227e-06;
5.06544e-05;0;0;0;-2.96168e-06;
5.06644e-05;0;0;0;-2.96109e-06;
5.06744e-05;0;0;0;-2.9605e-06;
5.06844e-05;0;0;0;-2.9599e-06;
5.06944e-05;0;0;0;-2.95931e-06;
5.07044e-05;0;0;0;-2.95872e-06;
5.07144e-05;0;0;0;-2.95813e-06;
5.07244e-05;0;0;0;-2.95754e-06;
5.07344e-05;0;0;0;-2.95694e-06;
5.07444e-05;0;0;0;-2.95635e-06;
5.07544e-05;0;0;0;-2.95576e-06;
5.07644e-05;0;0;0;-2.95517e-06;
5.07744e-05;0;0;0;-2.95458e-06;
5.07844e-05;0;0;0;-2.95399e-06;
5.07944e-05;0;0;0;-2.9534e-06;
5.08044e-05;0;0;0;-2.95281e-06;
5.08144e-05;0;0;0;-2.95222e-06;
5.08244e-05;0;0;0;-2.95163e-06;
5.08344e-05;0;0;0;-2.95103e-06;
5.08444e-05;0;0;0;-2.95044e-06;
5.08544e-05;0;0;0;-2.94985e-06;
5.08644e-05;0;0;0;-2.94926e-06;
5.08744e-05;0;0;0;-2.94867e-06;
5.08844e-05;0;0;0;-2.94808e-06;
5.08944e-05;0;0;0;-2.94749e-06;
5.09044e-05;0;0;0;-2.9469e-06;
5.09144e-05;0;0;0;-2.94631e-06;
5.09244e-05;0;0;0;-2.94573e-06;
5.09344e-05;0;0;0;-2.94514e-06;
5.09444e-05;0;0;0;-2.94455e-06;
5.09544e-05;0;0;0;-2.94396e-06;
5.09644e-05;0;0;0;-2.94337e-06;
5.09744e-05;0;0;0;-2.94278e-06;
5.09844e-05;0;0;0;-2.94219e-06;
5.09944e-05;0;0;0;-2.9416e-06;
5.10044e-05;0;0;0;-2.94101e-06;
5.10144e-05;0;0;0;-2.94043e-06;
5.10244e-05;0;0;0;-2.93984e-06;
5.10344e-05;0;0;0;-2.93925e-06;
5.10444e-05;0;0;0;-2.93866e-06;
5.10544e-05;0;0;0;-2.93807e-06;
5.10644e-05;0;0;0;-2.93749e-06;
5.10744e-05;0;0;0;-2.9369e-06;
5.10844e-05;0;0;0;-2.93631e-06;
5.10944e-05;0;0;0;-2.93572e-06;
5.11044e-05;0;0;0;-2.93514e-06;
5.11144e-05;0;0;0;-2.93455e-06;
5.11244e-05;0;0;0;-2.93396e-06;
5.11344e-05;0;0;0;-2.93337e-06;
5.11444e-05;0;0;0;-2.93279e-06;
5.11544e-05;0;0;0;-2.9322e-06;
5.11644e-05;0;0;0;-2.93161e-06;
5.11744e-05;0;0;0;-2.93103e-06;
5.11844e-05;0;0;0;-2.93044e-06;
5.11944e-05;0;0;0;-2.92986e-06;
5.12044e-05;0;0;0;-2.92927e-06;
5.12144e-05;0;0;0;-2.92868e-06;
5.12244e-05;0;0;0;-2.9281e-06;
5.12344e-05;0;0;0;-2.92751e-06;
5.12444e-05;0;0;0;-2.92693e-06;
5.12544e-05;0;0;0;-2.92634e-06;
5.12644e-05;0;0;0;-2.92575e-06;
5.12744e-05;0;0;0;-2.92517e-06;
5.12844e-05;0;0;0;-2.92458e-06;
5.12944e-05;0;0;0;-2.924e-06;
5.13044e-05;0;0;0;-2.92341e-06;
5.13144e-05;0;0;0;-2.92283e-06;
5.13244e-05;0;0;0;-2.92224e-06;
5.13344e-05;0;0;0;-2.92166e-06;
5.13444e-05;0;0;0;-2.92108e-06;
5.13544e-05;0;0;0;-2.92049e-06;
5.13644e-05;0;0;0;-2.91991e-06;
5.13744e-05;0;0;0;-2.91932e-06;
5.13844e-05;0;0;0;-2.91874e-06;
5.13944e-05;0;0;0;-2.91815e-06;
5.14044e-05;0;0;0;-2.91757e-06;
5.14144e-05;0;0;0;-2.91699e-06;
5.14244e-05;0;0;0;-2.9164e-06;
5.14344e-05;0;0;0;-2.91582e-06;
5.14444e-05;0;0;0;-2.91524e-06;
5.14544e-05;0;0;0;-2.91465e-06;
5.14644e-05;0;0;0;-2.91407e-06;
5.14744e-05;0;0;0;-2.91349e-06;
5.14844e-05;0;0;0;-2.9129e-06;
5.14944e-05;0;0;0;-2.91232e-06;
5.15044e-05;0;0;0;-2.91174e-06;
5.15144e-05;0;0;0;-2.91116e-06;
5.15244e-05;0;0;0;-2.91057e-06;
5.15344e-05;0;0;0;-2.90999e-06;
5.15444e-05;0;0;0;-2.90941e-06;
5.15544e-05;0;0;0;-2.90883e-06;
5.15644e-05;0;0;0;-2.90825e-06;
5.15744e-05;0;0;0;-2.90766e-06;
5.15844e-05;0;0;0;-2.90708e-06;
5.15944e-05;0;0;0;-2.9065e-06;
5.16044e-05;0;0;0;-2.90592e-06;
5.16144e-05;0;0;0;-2.90534e-06;
5.16244e-05;0;0;0;-2.90476e-06;
5.16344e-05;0;0;0;-2.90418e-06;
5.16444e-05;0;0;0;-2.90359e-06;
5.16544e-05;0;0;0;-2.90301e-06;
5.16644e-05;0;0;0;-2.90243e-06;
5.16744e-05;0;0;0;-2.90185e-06;
5.16844e-05;0;0;0;-2.90127e-06;
5.16944e-05;0;0;0;-2.90069e-06;
5.17044e-05;0;0;0;-2.90011e-06;
5.17144e-05;0;0;0;-2.89953e-06;
5.17244e-05;0;0;0;-2.89895e-06;
5.17344e-05;0;0;0;-2.89837e-06;
5.17444e-05;0;0;0;-2.89779e-06;
5.17544e-05;0;0;0;-2.89721e-06;
5.17644e-05;0;0;0;-2.89663e-06;
5.17744e-05;0;0;0;-2.89605e-06;
5.17844e-05;0;0;0;-2.89547e-06;
5.17944e-05;0;0;0;-2.89489e-06;
5.18044e-05;0;0;0;-2.89431e-06;
5.18144e-05;0;0;0;-2.89373e-06;
5.18244e-05;0;0;0;-2.89316e-06;
5.18344e-05;0;0;0;-2.89258e-06;
5.18444e-05;0;0;0;-2.892e-06;
5.18544e-05;0;0;0;-2.89142e-06;
5.18644e-05;0;0;0;-2.89084e-06;
5.18744e-05;0;0;0;-2.89026e-06;
5.18844e-05;0;0;0;-2.88968e-06;
5.18944e-05;0;0;0;-2.88911e-06;
5.19044e-05;0;0;0;-2.88853e-06;
5.19144e-05;0;0;0;-2.88795e-06;
5.19244e-05;0;0;0;-2.88737e-06;
5.19344e-05;0;0;0;-2.8868e-06;
5.19444e-05;0;0;0;-2.88622e-06;
5.19544e-05;0;0;0;-2.88564e-06;
5.19644e-05;0;0;0;-2.88506e-06;
5.19744e-05;0;0;0;-2.88449e-06;
5.19844e-05;0;0;0;-2.88391e-06;
5.19944e-05;0;0;0;-2.88333e-06;
5.20044e-05;0;0;0;-2.88276e-06;
5.20144e-05;0;0;0;-2.88218e-06;
5.20244e-05;0;0;0;-2.8816e-06;
5.20344e-05;0;0;0;-2.88103e-06;
5.20444e-05;0;0;0;-2.88045e-06;
5.20544e-05;0;0;0;-2.87987e-06;
5.20644e-05;0;0;0;-2.8793e-06;
5.20744e-05;0;0;0;-2.87872e-06;
5.20844e-05;0;0;0;-2.87814e-06;
5.20944e-05;0;0;0;-2.87757e-06;
5.21044e-05;0;0;0;-2.87699e-06;
5.21144e-05;0;0;0;-2.87642e-06;
5.21244e-05;0;0;0;-2.87584e-06;
5.21344e-05;0;0;0;-2.87527e-06;
5.21444e-05;0;0;0;-2.87469e-06;
5.21544e-05;0;0;0;-2.87412e-06;
5.21644e-05;0;0;0;-2.87354e-06;
5.21744e-05;0;0;0;-2.87297e-06;
5.21844e-05;0;0;0;-2.87239e-06;
5.21944e-05;0;0;0;-2.87182e-06;
5.22044e-05;0;0;0;-2.87124e-06;
5.22144e-05;0;0;0;-2.87067e-06;
5.22244e-05;0;0;0;-2.87009e-06;
5.22344e-05;0;0;0;-2.86952e-06;
5.22444e-05;0;0;0;-2.86895e-06;
5.22544e-05;0;0;0;-2.86837e-06;
5.22644e-05;0;0;0;-2.8678e-06;
5.22744e-05;0;0;0;-2.86722e-06;
5.22844e-05;0;0;0;-2.86665e-06;
5.22944e-05;0;0;0;-2.86608e-06;
5.23044e-05;0;0;0;-2.8655e-06;
5.23144e-05;0;0;0;-2.86493e-06;
5.23244e-05;0;0;0;-2.86436e-06;
5.23344e-05;0;0;0;-2.86378e-06;
5.23444e-05;0;0;0;-2.86321e-06;
5.23544e-05;0;0;0;-2.86264e-06;
5.23644e-05;0;0;0;-2.86207e-06;
5.23744e-05;0;0;0;-2.86149e-06;
5.23844e-05;0;0;0;-2.86092e-06;
5.23944e-05;0;0;0;-2.86035e-06;
5.24044e-05;0;0;0;-2.85978e-06;
5.24144e-05;0;0;0;-2.8592e-06;
5.24244e-05;0;0;0;-2.85863e-06;
5.24344e-05;0;0;0;-2.85806e-06;
5.24444e-05;0;0;0;-2.85749e-06;
5.24544e-05;0;0;0;-2.85692e-06;
5.24644e-05;0;0;0;-2.85635e-06;
5.24744e-05;0;0;0;-2.85577e-06;
5.24844e-05;0;0;0;-2.8552e-06;
5.24944e-05;0;0;0;-2.85463e-06;
5.25044e-05;0;0;0;-2.85406e-06;
5.25144e-05;0;0;0;-2.85349e-06;
5.25244e-05;0;0;0;-2.85292e-06;
5.25344e-05;0;0;0;-2.85235e-06;
5.25444e-05;0;0;0;-2.85178e-06;
5.25544e-05;0;0;0;-2.85121e-06;
5.25644e-05;0;0;0;-2.85064e-06;
5.25744e-05;0;0;0;-2.85007e-06;
5.25844e-05;0;0;0;-2.8495e-06;
5.25944e-05;0;0;0;-2.84893e-06;
5.26044e-05;0;0;0;-2.84836e-06;
5.26144e-05;0;0;0;-2.84779e-06;
5.26244e-05;0;0;0;-2.84722e-06;
5.26344e-05;0;0;0;-2.84665e-06;
5.26444e-05;0;0;0;-2.84608e-06;
5.26544e-05;0;0;0;-2.84551e-06;
5.26644e-05;0;0;0;-2.84494e-06;
5.26744e-05;0;0;0;-2.84437e-06;
5.26844e-05;0;0;0;-2.8438e-06;
5.26944e-05;0;0;0;-2.84323e-06;
5.27044e-05;0;0;0;-2.84266e-06;
5.27144e-05;0;0;0;-2.84209e-06;
5.27244e-05;0;0;0;-2.84152e-06;
5.27344e-05;0;0;0;-2.84096e-06;
5.27444e-05;0;0;0;-2.84039e-06;
5.27544e-05;0;0;0;-2.83982e-06;
5.27644e-05;0;0;0;-2.83925e-06;
5.27744e-05;0;0;0;-2.83868e-06;
5.27844e-05;0;0;0;-2.83812e-06;
5.27944e-05;0;0;0;-2.83755e-06;
5.28044e-05;0;0;0;-2.83698e-06;
5.28144e-05;0;0;0;-2.83641e-06;
5.28244e-05;0;0;0;-2.83585e-06;
5.28344e-05;0;0;0;-2.83528e-06;
5.28444e-05;0;0;0;-2.83471e-06;
5.28544e-05;0;0;0;-2.83414e-06;
5.28644e-05;0;0;0;-2.83358e-06;
5.28744e-05;0;0;0;-2.83301e-06;
5.28844e-05;0;0;0;-2.83244e-06;
5.28944e-05;0;0;0;-2.83188e-06;
5.29044e-05;0;0;0;-2.83131e-06;
5.29144e-05;0;0;0;-2.83074e-06;
5.29244e-05;0;0;0;-2.83018e-06;
5.29344e-05;0;0;0;-2.82961e-06;
5.29444e-05;0;0;0;-2.82904e-06;
5.29544e-05;0;0;0;-2.82848e-06;
5.29644e-05;0;0;0;-2.82791e-06;
5.29744e-05;0;0;0;-2.82735e-06;
5.29844e-05;0;0;0;-2.82678e-06;
5.29944e-05;0;0;0;-2.82622e-06;
5.30044e-05;0;0;0;-2.82565e-06;
5.30144e-05;0;0;0;-2.82509e-06;
5.30244e-05;0;0;0;-2.82452e-06;
5.30344e-05;0;0;0;-2.82395e-06;
5.30444e-05;0;0;0;-2.82339e-06;
5.30544e-05;0;0;0;-2.82283e-06;
5.30644e-05;0;0;0;-2.82226e-06;
5.30744e-05;0;0;0;-2.8217e-06;
5.30844e-05;0;0;0;-2.82113e-06;
5.30944e-05;0;0;0;-2.82057e-06;
5.31044e-05;0;0;0;-2.82e-06;
5.31144e-05;0;0;0;-2.81944e-06;
5.31244e-05;0;0;0;-2.81887e-06;
5.31344e-05;0;0;0;-2.81831e-06;
5.31444e-05;0;0;0;-2.81775e-06;
5.31544e-05;0;0;0;-2.81718e-06;
5.31644e-05;0;0;0;-2.81662e-06;
5.31744e-05;0;0;0;-2.81606e-06;
5.31844e-05;0;0;0;-2.81549e-06;
5.31944e-05;0;0;0;-2.81493e-06;
5.32044e-05;0;0;0;-2.81437e-06;
5.32144e-05;0;0;0;-2.8138e-06;
5.32244e-05;0;0;0;-2.81324e-06;
5.32344e-05;0;0;0;-2.81268e-06;
5.32444e-05;0;0;0;-2.81211e-06;
5.32544e-05;0;0;0;-2.81155e-06;
5.32644e-05;0;0;0;-2.81099e-06;
5.32744e-05;0;0;0;-2.81043e-06;
5.32844e-05;0;0;0;-2.80986e-06;
5.32944e-05;0;0;0;-2.8093e-06;
5.33044e-05;0;0;0;-2.80874e-06;
5.33144e-05;0;0;0;-2.80818e-06;
5.33244e-05;0;0;0;-2.80762e-06;
5.33344e-05;0;0;0;-2.80706e-06;
5.33444e-05;0;0;0;-2.80649e-06;
5.33544e-05;0;0;0;-2.80593e-06;
5.33644e-05;0;0;0;-2.80537e-06;
5.33744e-05;0;0;0;-2.80481e-06;
5.33844e-05;0;0;0;-2.80425e-06;
5.33944e-05;0;0;0;-2.80369e-06;
5.34044e-05;0;0;0;-2.80313e-06;
5.34144e-05;0;0;0;-2.80257e-06;
5.34244e-05;0;0;0;-2.80201e-06;
5.34344e-05;0;0;0;-2.80144e-06;
5.34444e-05;0;0;0;-2.80088e-06;
5.34544e-05;0;0;0;-2.80032e-06;
5.34644e-05;0;0;0;-2.79976e-06;
5.34744e-05;0;0;0;-2.7992e-06;
5.34844e-05;0;0;0;-2.79864e-06;
5.34944e-05;0;0;0;-2.79808e-06;
5.35044e-05;0;0;0;-2.79752e-06;
5.35144e-05;0;0;0;-2.79696e-06;
5.35244e-05;0;0;0;-2.7964e-06;
5.35344e-05;0;0;0;-2.79585e-06;
5.35444e-05;0;0;0;-2.79529e-06;
5.35544e-05;0;0;0;-2.79473e-06;
5.35644e-05;0;0;0;-2.79417e-06;
5.35744e-05;0;0;0;-2.79361e-06;
5.35844e-05;0;0;0;-2.79305e-06;
5.35944e-05;0;0;0;-2.79249e-06;
5.36044e-05;0;0;0;-2.79193e-06;
5.36144e-05;0;0;0;-2.79137e-06;
5.36244e-05;0;0;0;-2.79082e-06;
5.36344e-05;0;0;0;-2.79026e-06;
5.36444e-05;0;0;0;-2.7897e-06;
5.36544e-05;0;0;0;-2.78914e-06;
5.36644e-05;0;0;0;-2.78858e-06;
5.36744e-05;0;0;0;-2.78802e-06;
5.36844e-05;0;0;0;-2.78747e-06;
5.36944e-05;0;0;0;-2.78691e-06;
5.37044e-05;0;0;0;-2.78635e-06;
5.37144e-05;0;0;0;-2.78579e-06;
5.37244e-05;0;0;0;-2.78524e-06;
5.37344e-05;0;0;0;-2.78468e-06;
5.37444e-05;0;0;0;-2.78412e-06;
5.37544e-05;0;0;0;-2.78357e-06;
5.37644e-05;0;0;0;-2.78301e-06;
5.37744e-05;0;0;0;-2.78245e-06;
5.37844e-05;0;0;0;-2.7819e-06;
5.37944e-05;0;0;0;-2.78134e-06;
5.38044e-05;0;0;0;-2.78078e-06;
5.38144e-05;0;0;0;-2.78023e-06;
5.38244e-05;0;0;0;-2.77967e-06;
5.38344e-05;0;0;0;-2.77911e-06;
5.38444e-05;0;0;0;-2.77856e-06;
5.38544e-05;0;0;0;-2.778e-06;
5.38644e-05;0;0;0;-2.77745e-06;
5.38744e-05;0;0;0;-2.77689e-06;
5.38844e-05;0;0;0;-2.77633e-06;
5.38944e-05;0;0;0;-2.77578e-06;
5.39044e-05;0;0;0;-2.77522e-06;
5.39144e-05;0;0;0;-2.77467e-06;
5.39244e-05;0;0;0;-2.77411e-06;
5.39344e-05;0;0;0;-2.77356e-06;
5.39444e-05;0;0;0;-2.773e-06;
5.39544e-05;0;0;0;-2.77245e-06;
5.39644e-05;0;0;0;-2.77189e-06;
5.39744e-05;0;0;0;-2.77134e-06;
5.39844e-05;0;0;0;-2.77079e-06;
5.39944e-05;0;0;0;-2.77023e-06;
5.40044e-05;0;0;0;-2.76968e-06;
5.40144e-05;0;0;0;-2.76912e-06;
5.40244e-05;0;0;0;-2.76857e-06;
5.40344e-05;0;0;0;-2.76801e-06;
5.40444e-05;0;0;0;-2.76746e-06;
5.40544e-05;0;0;0;-2.76691e-06;
5.40644e-05;0;0;0;-2.76635e-06;
5.40744e-05;0;0;0;-2.7658e-06;
5.40844e-05;0;0;0;-2.76525e-06;
5.40944e-05;0;0;0;-2.76469e-06;
5.41044e-05;0;0;0;-2.76414e-06;
5.41144e-05;0;0;0;-2.76359e-06;
5.41244e-05;0;0;0;-2.76303e-06;
5.41344e-05;0;0;0;-2.76248e-06;
5.41444e-05;0;0;0;-2.76193e-06;
5.41544e-05;0;0;0;-2.76138e-06;
5.41644e-05;0;0;0;-2.76082e-06;
5.41744e-05;0;0;0;-2.76027e-06;
5.41844e-05;0;0;0;-2.75972e-06;
5.41944e-05;0;0;0;-2.75917e-06;
5.42044e-05;0;0;0;-2.75862e-06;
5.42144e-05;0;0;0;-2.75806e-06;
5.42244e-05;0;0;0;-2.75751e-06;
5.42344e-05;0;0;0;-2.75696e-06;
5.42444e-05;0;0;0;-2.75641e-06;
5.42544e-05;0;0;0;-2.75586e-06;
5.42644e-05;0;0;0;-2.75531e-06;
5.42744e-05;0;0;0;-2.75476e-06;
5.42844e-05;0;0;0;-2.7542e-06;
5.42944e-05;0;0;0;-2.75365e-06;
5.43044e-05;0;0;0;-2.7531e-06;
5.43144e-05;0;0;0;-2.75255e-06;
5.43244e-05;0;0;0;-2.752e-06;
5.43344e-05;0;0;0;-2.75145e-06;
5.43444e-05;0;0;0;-2.7509e-06;
5.43544e-05;0;0;0;-2.75035e-06;
5.43644e-05;0;0;0;-2.7498e-06;
5.43744e-05;0;0;0;-2.74925e-06;
5.43844e-05;0;0;0;-2.7487e-06;
5.43944e-05;0;0;0;-2.74815e-06;
5.44044e-05;0;0;0;-2.7476e-06;
5.44144e-05;0;0;0;-2.74705e-06;
5.44244e-05;0;0;0;-2.7465e-06;
5.44344e-05;0;0;0;-2.74595e-06;
5.44444e-05;0;0;0;-2.7454e-06;
5.44544e-05;0;0;0;-2.74485e-06;
5.44644e-05;0;0;0;-2.7443e-06;
5.44744e-05;0;0;0;-2.74375e-06;
5.44844e-05;0;0;0;-2.7432e-06;
5.44944e-05;0;0;0;-2.74266e-06;
5.45044e-05;0;0;0;-2.74211e-06;
5.45144e-05;0;0;0;-2.74156e-06;
5.45244e-05;0;0;0;-2.74101e-06;
5.45344e-05;0;0;0;-2.74046e-06;
5.45444e-05;0;0;0;-2.73991e-06;
5.45544e-05;0;0;0;-2.73937e-06;
5.45644e-05;0;0;0;-2.73882e-06;
5.45744e-05;0;0;0;-2.73827e-06;
5.45844e-05;0;0;0;-2.73772e-06;
5.45944e-05;0;0;0;-2.73717e-06;
5.46044e-05;0;0;0;-2.73663e-06;
5.46144e-05;0;0;0;-2.73608e-06;
5.46244e-05;0;0;0;-2.73553e-06;
5.46344e-05;0;0;0;-2.73498e-06;
5.46444e-05;0;0;0;-2.73444e-06;
5.46544e-05;0;0;0;-2.73389e-06;
5.46644e-05;0;0;0;-2.73334e-06;
5.46744e-05;0;0;0;-2.7328e-06;
5.46844e-05;0;0;0;-2.73225e-06;
5.46944e-05;0;0;0;-2.7317e-06;
5.47044e-05;0;0;0;-2.73116e-06;
5.47144e-05;0;0;0;-2.73061e-06;
5.47244e-05;0;0;0;-2.73006e-06;
5.47344e-05;0;0;0;-2.72952e-06;
5.47444e-05;0;0;0;-2.72897e-06;
5.47544e-05;0;0;0;-2.72843e-06;
5.47644e-05;0;0;0;-2.72788e-06;
5.47744e-05;0;0;0;-2.72733e-06;
5.47844e-05;0;0;0;-2.72679e-06;
5.47944e-05;0;0;0;-2.72624e-06;
5.48044e-05;0;0;0;-2.7257e-06;
5.48144e-05;0;0;0;-2.72515e-06;
5.48244e-05;0;0;0;-2.72461e-06;
5.48344e-05;0;0;0;-2.72406e-06;
5.48444e-05;0;0;0;-2.72352e-06;
5.48544e-05;0;0;0;-2.72297e-06;
5.48644e-05;0;0;0;-2.72243e-06;
5.48744e-05;0;0;0;-2.72188e-06;
5.48844e-05;0;0;0;-2.72134e-06;
5.48944e-05;0;0;0;-2.72079e-06;
5.49044e-05;0;0;0;-2.72025e-06;
5.49144e-05;0;0;0;-2.71971e-06;
5.49244e-05;0;0;0;-2.71916e-06;
5.49344e-05;0;0;0;-2.71862e-06;
5.49444e-05;0;0;0;-2.71807e-06;
5.49544e-05;0;0;0;-2.71753e-06;
5.49644e-05;0;0;0;-2.71699e-06;
5.49744e-05;0;0;0;-2.71644e-06;
5.49844e-05;0;0;0;-2.7159e-06;
5.49944e-05;0;0;0;-2.71536e-06;
5.50044e-05;0;0;0;-2.71481e-06;
5.50144e-05;0;0;0;-2.71427e-06;
5.50244e-05;0;0;0;-2.71373e-06;
5.50344e-05;0;0;0;-2.71318e-06;
5.50444e-05;0;0;0;-2.71264e-06;
5.50544e-05;0;0;0;-2.7121e-06;
5.50644e-05;0;0;0;-2.71155e-06;
5.50744e-05;0;0;0;-2.71101e-06;
5.50844e-05;0;0;0;-2.71047e-06;
5.50944e-05;0;0;0;-2.70993e-06;
5.51044e-05;0;0;0;-2.70939e-06;
5.51144e-05;0;0;0;-2.70884e-06;
5.51244e-05;0;0;0;-2.7083e-06;
5.51344e-05;0;0;0;-2.70776e-06;
5.51444e-05;0;0;0;-2.70722e-06;
5.51544e-05;0;0;0;-2.70668e-06;
5.51644e-05;0;0;0;-2.70614e-06;
5.51744e-05;0;0;0;-2.70559e-06;
5.51844e-05;0;0;0;-2.70505e-06;
5.51944e-05;0;0;0;-2.70451e-06;
5.52044e-05;0;0;0;-2.70397e-06;
5.52144e-05;0;0;0;-2.70343e-06;
5.52244e-05;0;0;0;-2.70289e-06;
5.52344e-05;0;0;0;-2.70235e-06;
5.52444e-05;0;0;0;-2.70181e-06;
5.52544e-05;0;0;0;-2.70127e-06;
5.52644e-05;0;0;0;-2.70073e-06;
5.52744e-05;0;0;0;-2.70019e-06;
5.52844e-05;0;0;0;-2.69965e-06;
5.52944e-05;0;0;0;-2.69911e-06;
5.53044e-05;0;0;0;-2.69857e-06;
5.53144e-05;0;0;0;-2.69803e-06;
5.53244e-05;0;0;0;-2.69749e-06;
5.53344e-05;0;0;0;-2.69695e-06;
5.53444e-05;0;0;0;-2.69641e-06;
5.53544e-05;0;0;0;-2.69587e-06;
5.53644e-05;0;0;0;-2.69533e-06;
5.53744e-05;0;0;0;-2.69479e-06;
5.53844e-05;0;0;0;-2.69425e-06;
5.53944e-05;0;0;0;-2.69371e-06;
5.54044e-05;0;0;0;-2.69317e-06;
5.54144e-05;0;0;0;-2.69263e-06;
5.54244e-05;0;0;0;-2.69209e-06;
5.54344e-05;0;0;0;-2.69156e-06;
5.54444e-05;0;0;0;-2.69102e-06;
5.54544e-05;0;0;0;-2.69048e-06;
5.54644e-05;0;0;0;-2.68994e-06;
5.54744e-05;0;0;0;-2.6894e-06;
5.54844e-05;0;0;0;-2.68886e-06;
5.54944e-05;0;0;0;-2.68833e-06;
5.55044e-05;0;0;0;-2.68779e-06;
5.55144e-05;0;0;0;-2.68725e-06;
5.55244e-05;0;0;0;-2.68671e-06;
5.55344e-05;0;0;0;-2.68618e-06;
5.55444e-05;0;0;0;-2.68564e-06;
5.55544e-05;0;0;0;-2.6851e-06;
5.55644e-05;0;0;0;-2.68456e-06;
5.55744e-05;0;0;0;-2.68403e-06;
5.55844e-05;0;0;0;-2.68349e-06;
5.55944e-05;0;0;0;-2.68295e-06;
5.56044e-05;0;0;0;-2.68242e-06;
5.56144e-05;0;0;0;-2.68188e-06;
5.56244e-05;0;0;0;-2.68134e-06;
5.56344e-05;0;0;0;-2.68081e-06;
5.56444e-05;0;0;0;-2.68027e-06;
5.56544e-05;0;0;0;-2.67973e-06;
5.56644e-05;0;0;0;-2.6792e-06;
5.56744e-05;0;0;0;-2.67866e-06;
5.56844e-05;0;0;0;-2.67813e-06;
5.56944e-05;0;0;0;-2.67759e-06;
5.57044e-05;0;0;0;-2.67705e-06;
5.57144e-05;0;0;0;-2.67652e-06;
5.57244e-05;0;0;0;-2.67598e-06;
5.57344e-05;0;0;0;-2.67545e-06;
5.57444e-05;0;0;0;-2.67491e-06;
5.57544e-05;0;0;0;-2.67438e-06;
5.57644e-05;0;0;0;-2.67384e-06;
5.57744e-05;0;0;0;-2.67331e-06;
5.57844e-05;0;0;0;-2.67277e-06;
5.57944e-05;0;0;0;-2.67224e-06;
5.58044e-05;0;0;0;-2.6717e-06;
5.58144e-05;0;0;0;-2.67117e-06;
5.58244e-05;0;0;0;-2.67063e-06;
5.58344e-05;0;0;0;-2.6701e-06;
5.58444e-05;0;0;0;-2.66957e-06;
5.58544e-05;0;0;0;-2.66903e-06;
5.58644e-05;0;0;0;-2.6685e-06;
5.58744e-05;0;0;0;-2.66796e-06;
5.58844e-05;0;0;0;-2.66743e-06;
5.58944e-05;0;0;0;-2.6669e-06;
5.59044e-05;0;0;0;-2.66636e-06;
5.59144e-05;0;0;0;-2.66583e-06;
5.59244e-05;0;0;0;-2.6653e-06;
5.59344e-05;0;0;0;-2.66476e-06;
5.59444e-05;0;0;0;-2.66423e-06;
5.59544e-05;0;0;0;-2.6637e-06;
5.59644e-05;0;0;0;-2.66316e-06;
5.59744e-05;0;0;0;-2.66263e-06;
5.59844e-05;0;0;0;-2.6621e-06;
5.59944e-05;0;0;0;-2.66157e-06;
5.60044e-05;0;0;0;-2.66103e-06;
5.60144e-05;0;0;0;-2.6605e-06;
5.60244e-05;0;0;0;-2.65997e-06;
5.60344e-05;0;0;0;-2.65944e-06;
5.60444e-05;0;0;0;-2.65891e-06;
5.60544e-05;0;0;0;-2.65837e-06;
5.60644e-05;0;0;0;-2.65784e-06;
5.60744e-05;0;0;0;-2.65731e-06;
5.60844e-05;0;0;0;-2.65678e-06;
5.60944e-05;0;0;0;-2.65625e-06;
5.61044e-05;0;0;0;-2.65572e-06;
5.61144e-05;0;0;0;-2.65518e-06;
5.61244e-05;0;0;0;-2.65465e-06;
5.61344e-05;0;0;0;-2.65412e-06;
5.61444e-05;0;0;0;-2.65359e-06;
5.61544e-05;0;0;0;-2.65306e-06;
5.61644e-05;0;0;0;-2.65253e-06;
5.61744e-05;0;0;0;-2.652e-06;
5.61844e-05;0;0;0;-2.65147e-06;
5.61944e-05;0;0;0;-2.65094e-06;
5.62044e-05;0;0;0;-2.65041e-06;
5.62144e-05;0;0;0;-2.64988e-06;
5.62244e-05;0;0;0;-2.64935e-06;
5.62344e-05;0;0;0;-2.64882e-06;
5.62444e-05;0;0;0;-2.64829e-06;
5.62544e-05;0;0;0;-2.64776e-06;
5.62644e-05;0;0;0;-2.64723e-06;
5.62744e-05;0;0;0;-2.6467e-06;
5.62844e-05;0;0;0;-2.64617e-06;
5.62944e-05;0;0;0;-2.64564e-06;
5.63044e-05;0;0;0;-2.64511e-06;
5.63144e-05;0;0;0;-2.64458e-06;
5.63244e-05;0;0;0;-2.64405e-06;
5.63344e-05;0;0;0;-2.64352e-06;
5.63444e-05;0;0;0;-2.64299e-06;
5.63544e-05;0;0;0;-2.64246e-06;
5.63644e-05;0;0;0;-2.64194e-06;
5.63744e-05;0;0;0;-2.64141e-06;
5.63844e-05;0;0;0;-2.64088e-06;
5.63944e-05;0;0;0;-2.64035e-06;
5.64044e-05;0;0;0;-2.63982e-06;
5.64144e-05;0;0;0;-2.63929e-06;
5.64244e-05;0;0;0;-2.63877e-06;
5.64344e-05;0;0;0;-2.63824e-06;
5.64444e-05;0;0;0;-2.63771e-06;
5.64544e-05;0;0;0;-2.63718e-06;
5.64644e-05;0;0;0;-2.63666e-06;
5.64744e-05;0;0;0;-2.63613e-06;
5.64844e-05;0;0;0;-2.6356e-06;
5.64944e-05;0;0;0;-2.63507e-06;
5.65044e-05;0;0;0;-2.63455e-06;
5.65144e-05;0;0;0;-2.63402e-06;
5.65244e-05;0;0;0;-2.63349e-06;
5.65344e-05;0;0;0;-2.63296e-06;
5.65444e-05;0;0;0;-2.63244e-06;
5.65544e-05;0;0;0;-2.63191e-06;
5.65644e-05;0;0;0;-2.63139e-06;
5.65744e-05;0;0;0;-2.63086e-06;
5.65844e-05;0;0;0;-2.63033e-06;
5.65944e-05;0;0;0;-2.62981e-06;
5.66044e-05;0;0;0;-2.62928e-06;
5.66144e-05;0;0;0;-2.62875e-06;
5.66244e-05;0;0;0;-2.62823e-06;
5.66344e-05;0;0;0;-2.6277e-06;
5.66444e-05;0;0;0;-2.62718e-06;
5.66544e-05;0;0;0;-2.62665e-06;
5.66644e-05;0;0;0;-2.62613e-06;
5.66744e-05;0;0;0;-2.6256e-06;
5.66844e-05;0;0;0;-2.62507e-06;
5.66944e-05;0;0;0;-2.62455e-06;
5.67044e-05;0;0;0;-2.62402e-06;
5.67144e-05;0;0;0;-2.6235e-06;
5.67244e-05;0;0;0;-2.62297e-06;
5.67344e-05;0;0;0;-2.62245e-06;
5.67444e-05;0;0;0;-2.62193e-06;
5.67544e-05;0;0;0;-2.6214e-06;
5.67644e-05;0;0;0;-2.62088e-06;
5.67744e-05;0;0;0;-2.62035e-06;
5.67844e-05;0;0;0;-2.61983e-06;
5.67944e-05;0;0;0;-2.6193e-06;
5.68044e-05;0;0;0;-2.61878e-06;
5.68144e-05;0;0;0;-2.61826e-06;
5.68244e-05;0;0;0;-2.61773e-06;
5.68344e-05;0;0;0;-2.61721e-06;
5.68444e-05;0;0;0;-2.61668e-06;
5.68544e-05;0;0;0;-2.61616e-06;
5.68644e-05;0;0;0;-2.61564e-06;
5.68744e-05;0;0;0;-2.61511e-06;
5.68844e-05;0;0;0;-2.61459e-06;
5.68944e-05;0;0;0;-2.61407e-06;
5.69044e-05;0;0;0;-2.61355e-06;
5.69144e-05;0;0;0;-2.61302e-06;
5.69244e-05;0;0;0;-2.6125e-06;
5.69344e-05;0;0;0;-2.61198e-06;
5.69444e-05;0;0;0;-2.61145e-06;
5.69544e-05;0;0;0;-2.61093e-06;
5.69644e-05;0;0;0;-2.61041e-06;
5.69744e-05;0;0;0;-2.60989e-06;
5.69844e-05;0;0;0;-2.60937e-06;
5.69944e-05;0;0;0;-2.60884e-06;
5.70044e-05;0;0;0;-2.60832e-06;
5.70144e-05;0;0;0;-2.6078e-06;
5.70244e-05;0;0;0;-2.60728e-06;
5.70344e-05;0;0;0;-2.60676e-06;
5.70444e-05;0;0;0;-2.60623e-06;
5.70544e-05;0;0;0;-2.60571e-06;
5.70644e-05;0;0;0;-2.60519e-06;
5.70744e-05;0;0;0;-2.60467e-06;
5.70844e-05;0;0;0;-2.60415e-06;
5.70944e-05;0;0;0;-2.60363e-06;
5.71044e-05;0;0;0;-2.60311e-06;
5.71144e-05;0;0;0;-2.60259e-06;
5.71244e-05;0;0;0;-2.60207e-06;
5.71344e-05;0;0;0;-2.60155e-06;
5.71444e-05;0;0;0;-2.60103e-06;
5.71544e-05;0;0;0;-2.60051e-06;
5.71644e-05;0;0;0;-2.59998e-06;
5.71744e-05;0;0;0;-2.59946e-06;
5.71844e-05;0;0;0;-2.59894e-06;
5.71944e-05;0;0;0;-2.59842e-06;
5.72044e-05;0;0;0;-2.5979e-06;
5.72144e-05;0;0;0;-2.59739e-06;
5.72244e-05;0;0;0;-2.59687e-06;
5.72344e-05;0;0;0;-2.59635e-06;
5.72444e-05;0;0;0;-2.59583e-06;
5.72544e-05;0;0;0;-2.59531e-06;
5.72644e-05;0;0;0;-2.59479e-06;
5.72744e-05;0;0;0;-2.59427e-06;
5.72844e-05;0;0;0;-2.59375e-06;
5.72944e-05;0;0;0;-2.59323e-06;
5.73044e-05;0;0;0;-2.59271e-06;
5.73144e-05;0;0;0;-2.59219e-06;
5.73244e-05;0;0;0;-2.59167e-06;
5.73344e-05;0;0;0;-2.59116e-06;
5.73444e-05;0;0;0;-2.59064e-06;
5.73544e-05;0;0;0;-2.59012e-06;
5.73644e-05;0;0;0;-2.5896e-06;
5.73744e-05;0;0;0;-2.58908e-06;
5.73844e-05;0;0;0;-2.58857e-06;
5.73944e-05;0;0;0;-2.58805e-06;
5.74044e-05;0;0;0;-2.58753e-06;
5.74144e-05;0;0;0;-2.58701e-06;
5.74244e-05;0;0;0;-2.58649e-06;
5.74344e-05;0;0;0;-2.58598e-06;
5.74444e-05;0;0;0;-2.58546e-06;
5.74544e-05;0;0;0;-2.58494e-06;
5.74644e-05;0;0;0;-2.58443e-06;
5.74744e-05;0;0;0;-2.58391e-06;
5.74844e-05;0;0;0;-2.58339e-06;
5.74944e-05;0;0;0;-2.58287e-06;
5.75044e-05;0;0;0;-2.58236e-06;
5.75144e-05;0;0;0;-2.58184e-06;
5.75244e-05;0;0;0;-2.58132e-06;
5.75344e-05;0;0;0;-2.58081e-06;
5.75444e-05;0;0;0;-2.58029e-06;
5.75544e-05;0;0;0;-2.57978e-06;
5.75644e-05;0;0;0;-2.57926e-06;
5.75744e-05;0;0;0;-2.57874e-06;
5.75844e-05;0;0;0;-2.57823e-06;
5.75944e-05;0;0;0;-2.57771e-06;
5.76044e-05;0;0;0;-2.5772e-06;
5.76144e-05;0;0;0;-2.57668e-06;
5.76244e-05;0;0;0;-2.57617e-06;
5.76344e-05;0;0;0;-2.57565e-06;
5.76444e-05;0;0;0;-2.57513e-06;
5.76544e-05;0;0;0;-2.57462e-06;
5.76644e-05;0;0;0;-2.5741e-06;
5.76744e-05;0;0;0;-2.57359e-06;
5.76844e-05;0;0;0;-2.57307e-06;
5.76944e-05;0;0;0;-2.57256e-06;
5.77044e-05;0;0;0;-2.57204e-06;
5.77144e-05;0;0;0;-2.57153e-06;
5.77244e-05;0;0;0;-2.57102e-06;
5.77344e-05;0;0;0;-2.5705e-06;
5.77444e-05;0;0;0;-2.56999e-06;
5.77544e-05;0;0;0;-2.56947e-06;
5.77644e-05;0;0;0;-2.56896e-06;
5.77744e-05;0;0;0;-2.56845e-06;
5.77844e-05;0;0;0;-2.56793e-06;
5.77944e-05;0;0;0;-2.56742e-06;
5.78044e-05;0;0;0;-2.5669e-06;
5.78144e-05;0;0;0;-2.56639e-06;
5.78244e-05;0;0;0;-2.56588e-06;
5.78344e-05;0;0;0;-2.56536e-06;
5.78444e-05;0;0;0;-2.56485e-06;
5.78544e-05;0;0;0;-2.56434e-06;
5.78644e-05;0;0;0;-2.56382e-06;
5.78744e-05;0;0;0;-2.56331e-06;
5.78844e-05;0;0;0;-2.5628e-06;
5.78944e-05;0;0;0;-2.56229e-06;
5.79044e-05;0;0;0;-2.56177e-06;
5.79144e-05;0;0;0;-2.56126e-06;
5.79244e-05;0;0;0;-2.56075e-06;
5.79344e-05;0;0;0;-2.56024e-06;
5.79444e-05;0;0;0;-2.55972e-06;
5.79544e-05;0;0;0;-2.55921e-06;
5.79644e-05;0;0;0;-2.5587e-06;
5.79744e-05;0;0;0;-2.55819e-06;
5.79844e-05;0;0;0;-2.55768e-06;
5.79944e-05;0;0;0;-2.55716e-06;
5.80044e-05;0;0;0;-2.55665e-06;
5.80144e-05;0;0;0;-2.55614e-06;
5.80244e-05;0;0;0;-2.55563e-06;
5.80344e-05;0;0;0;-2.55512e-06;
5.80444e-05;0;0;0;-2.55461e-06;
5.80544e-05;0;0;0;-2.5541e-06;
5.80644e-05;0;0;0;-2.55359e-06;
5.80744e-05;0;0;0;-2.55307e-06;
5.80844e-05;0;0;0;-2.55256e-06;
5.80944e-05;0;0;0;-2.55205e-06;
5.81044e-05;0;0;0;-2.55154e-06;
5.81144e-05;0;0;0;-2.55103e-06;
5.81244e-05;0;0;0;-2.55052e-06;
5.81344e-05;0;0;0;-2.55001e-06;
5.81444e-05;0;0;0;-2.5495e-06;
5.81544e-05;0;0;0;-2.54899e-06;
5.81644e-05;0;0;0;-2.54848e-06;
5.81744e-05;0;0;0;-2.54797e-06;
5.81844e-05;0;0;0;-2.54746e-06;
5.81944e-05;0;0;0;-2.54695e-06;
5.82044e-05;0;0;0;-2.54644e-06;
5.82144e-05;0;0;0;-2.54593e-06;
5.82244e-05;0;0;0;-2.54542e-06;
5.82344e-05;0;0;0;-2.54491e-06;
5.82444e-05;0;0;0;-2.54441e-06;
5.82544e-05;0;0;0;-2.5439e-06;
5.82644e-05;0;0;0;-2.54339e-06;
5.82744e-05;0;0;0;-2.54288e-06;
5.82844e-05;0;0;0;-2.54237e-06;
5.82944e-05;0;0;0;-2.54186e-06;
5.83044e-05;0;0;0;-2.54135e-06;
5.83144e-05;0;0;0;-2.54084e-06;
5.83244e-05;0;0;0;-2.54034e-06;
5.83344e-05;0;0;0;-2.53983e-06;
5.83444e-05;0;0;0;-2.53932e-06;
5.83544e-05;0;0;0;-2.53881e-06;
5.83644e-05;0;0;0;-2.5383e-06;
5.83744e-05;0;0;0;-2.5378e-06;
5.83844e-05;0;0;0;-2.53729e-06;
5.83944e-05;0;0;0;-2.53678e-06;
5.84044e-05;0;0;0;-2.53627e-06;
5.84144e-05;0;0;0;-2.53577e-06;
5.84244e-05;0;0;0;-2.53526e-06;
5.84344e-05;0;0;0;-2.53475e-06;
5.84444e-05;0;0;0;-2.53424e-06;
5.84544e-05;0;0;0;-2.53374e-06;
5.84644e-05;0;0;0;-2.53323e-06;
5.84744e-05;0;0;0;-2.53272e-06;
5.84844e-05;0;0;0;-2.53222e-06;
5.84944e-05;0;0;0;-2.53171e-06;
5.85044e-05;0;0;0;-2.5312e-06;
5.85144e-05;0;0;0;-2.5307e-06;
5.85244e-05;0;0;0;-2.53019e-06;
5.85344e-05;0;0;0;-2.52968e-06;
5.85444e-05;0;0;0;-2.52918e-06;
5.85544e-05;0;0;0;-2.52867e-06;
5.85644e-05;0;0;0;-2.52817e-06;
5.85744e-05;0;0;0;-2.52766e-06;
5.85844e-05;0;0;0;-2.52716e-06;
5.85944e-05;0;0;0;-2.52665e-06;
5.86044e-05;0;0;0;-2.52614e-06;
5.86144e-05;0;0;0;-2.52564e-06;
5.86244e-05;0;0;0;-2.52513e-06;
5.86344e-05;0;0;0;-2.52463e-06;
5.86444e-05;0;0;0;-2.52412e-06;
5.86544e-05;0;0;0;-2.52362e-06;
5.86644e-05;0;0;0;-2.52311e-06;
5.86744e-05;0;0;0;-2.52261e-06;
5.86844e-05;0;0;0;-2.5221e-06;
5.86944e-05;0;0;0;-2.5216e-06;
5.87044e-05;0;0;0;-2.5211e-06;
5.87144e-05;0;0;0;-2.52059e-06;
5.87244e-05;0;0;0;-2.52009e-06;
5.87344e-05;0;0;0;-2.51958e-06;
5.87444e-05;0;0;0;-2.51908e-06;
5.87544e-05;0;0;0;-2.51857e-06;
5.87644e-05;0;0;0;-2.51807e-06;
5.87744e-05;0;0;0;-2.51757e-06;
5.87844e-05;0;0;0;-2.51706e-06;
5.87944e-05;0;0;0;-2.51656e-06;
5.88044e-05;0;0;0;-2.51606e-06;
5.88144e-05;0;0;0;-2.51555e-06;
5.88244e-05;0;0;0;-2.51505e-06;
5.88344e-05;0;0;0;-2.51455e-06;
5.88444e-05;0;0;0;-2.51404e-06;
5.88544e-05;0;0;0;-2.51354e-06;
5.88644e-05;0;0;0;-2.51304e-06;
5.88744e-05;0;0;0;-2.51253e-06;
5.88844e-05;0;0;0;-2.51203e-06;
5.88944e-05;0;0;0;-2.51153e-06;
5.89044e-05;0;0;0;-2.51103e-06;
5.89144e-05;0;0;0;-2.51052e-06;
5.89244e-05;0;0;0;-2.51002e-06;
5.89344e-05;0;0;0;-2.50952e-06;
5.89444e-05;0;0;0;-2.50902e-06;
5.89544e-05;0;0;0;-2.50852e-06;
5.89644e-05;0;0;0;-2.50801e-06;
5.89744e-05;0;0;0;-2.50751e-06;
5.89844e-05;0;0;0;-2.50701e-06;
5.89944e-05;0;0;0;-2.50651e-06;
5.90044e-05;0;0;0;-2.50601e-06;
5.90144e-05;0;0;0;-2.50551e-06;
5.90244e-05;0;0;0;-2.50501e-06;
5.90344e-05;0;0;0;-2.5045e-06;
5.90444e-05;0;0;0;-2.504e-06;
5.90544e-05;0;0;0;-2.5035e-06;
5.90644e-05;0;0;0;-2.503e-06;
5.90744e-05;0;0;0;-2.5025e-06;
5.90844e-05;0;0;0;-2.502e-06;
5.90944e-05;0;0;0;-2.5015e-06;
5.91044e-05;0;0;0;-2.501e-06;
5.91144e-05;0;0;0;-2.5005e-06;
5.91244e-05;0;0;0;-2.5e-06;
5.91344e-05;0;0;0;-2.4995e-06;
5.91444e-05;0;0;0;-2.499e-06;
5.91544e-05;0;0;0;-2.4985e-06;
5.91644e-05;0;0;0;-2.498e-06;
5.91744e-05;0;0;0;-2.4975e-06;
5.91844e-05;0;0;0;-2.497e-06;
5.91944e-05;0;0;0;-2.4965e-06;
5.92044e-05;0;0;0;-2.496e-06;
5.92144e-05;0;0;0;-2.4955e-06;
5.92244e-05;0;0;0;-2.495e-06;
5.92344e-05;0;0;0;-2.4945e-06;
5.92444e-05;0;0;0;-2.494e-06;
5.92544e-05;0;0;0;-2.4935e-06;
5.92644e-05;0;0;0;-2.49301e-06;
5.92744e-05;0;0;0;-2.49251e-06;
5.92844e-05;0;0;0;-2.49201e-06;
5.92944e-05;0;0;0;-2.49151e-06;
5.93044e-05;0;0;0;-2.49101e-06;
5.93144e-05;0;0;0;-2.49051e-06;
5.93244e-05;0;0;0;-2.49001e-06;
5.93344e-05;0;0;0;-2.48952e-06;
5.93444e-05;0;0;0;-2.48902e-06;
5.93544e-05;0;0;0;-2.48852e-06;
5.93644e-05;0;0;0;-2.48802e-06;
5.93744e-05;0;0;0;-2.48752e-06;
5.93844e-05;0;0;0;-2.48703e-06;
5.93944e-05;0;0;0;-2.48653e-06;
5.94044e-05;0;0;0;-2.48603e-06;
5.94144e-05;0;0;0;-2.48553e-06;
5.94244e-05;0;0;0;-2.48504e-06;
5.94344e-05;0;0;0;-2.48454e-06;
5.94444e-05;0;0;0;-2.48404e-06;
5.94544e-05;0;0;0;-2.48355e-06;
5.94644e-05;0;0;0;-2.48305e-06;
5.94744e-05;0;0;0;-2.48255e-06;
5.94844e-05;0;0;0;-2.48206e-06;
5.94944e-05;0;0;0;-2.48156e-06;
5.95044e-05;0;0;0;-2.48106e-06;
5.95144e-05;0;0;0;-2.48057e-06;
5.95244e-05;0;0;0;-2.48007e-06;
5.95344e-05;0;0;0;-2.47957e-06;
5.95444e-05;0;0;0;-2.47908e-06;
5.95544e-05;0;0;0;-2.47858e-06;
5.95644e-05;0;0;0;-2.47809e-06;
5.95744e-05;0;0;0;-2.47759e-06;
5.95844e-05;0;0;0;-2.47709e-06;
5.95944e-05;0;0;0;-2.4766e-06;
5.96044e-05;0;0;0;-2.4761e-06;
5.96144e-05;0;0;0;-2.47561e-06;
5.96244e-05;0;0;0;-2.47511e-06;
5.96344e-05;0;0;0;-2.47462e-06;
5.96444e-05;0;0;0;-2.47412e-06;
5.96544e-05;0;0;0;-2.47363e-06;
5.96644e-05;0;0;0;-2.47313e-06;
5.96744e-05;0;0;0;-2.47264e-06;
5.96844e-05;0;0;0;-2.47214e-06;
5.96944e-05;0;0;0;-2.47165e-06;
5.97044e-05;0;0;0;-2.47115e-06;
5.97144e-05;0;0;0;-2.47066e-06;
5.97244e-05;0;0;0;-2.47017e-06;
5.97344e-05;0;0;0;-2.46967e-06;
5.97444e-05;0;0;0;-2.46918e-06;
5.97544e-05;0;0;0;-2.46868e-06;
5.97644e-05;0;0;0;-2.46819e-06;
5.97744e-05;0;0;0;-2.4677e-06;
5.97844e-05;0;0;0;-2.4672e-06;
5.97944e-05;0;0;0;-2.46671e-06;
5.98044e-05;0;0;0;-2.46622e-06;
5.98144e-05;0;0;0;-2.46572e-06;
5.98244e-05;0;0;0;-2.46523e-06;
5.98344e-05;0;0;0;-2.46474e-06;
5.98444e-05;0;0;0;-2.46424e-06;
5.98544e-05;0;0;0;-2.46375e-06;
5.98644e-05;0;0;0;-2.46326e-06;
5.98744e-05;0;0;0;-2.46276e-06;
5.98844e-05;0;0;0;-2.46227e-06;
5.98944e-05;0;0;0;-2.46178e-06;
5.99044e-05;0;0;0;-2.46129e-06;
5.99144e-05;0;0;0;-2.46079e-06;
5.99244e-05;0;0;0;-2.4603e-06;
5.99344e-05;0;0;0;-2.45981e-06;
5.99444e-05;0;0;0;-2.45932e-06;
5.99544e-05;0;0;0;-2.45882e-06;
5.99644e-05;0;0;0;-2.45833e-06;
5.99744e-05;0;0;0;-2.45784e-06;
5.99844e-05;0;0;0;-2.45735e-06;
5.99944e-05;0;0;0;-2.45686e-06;
6.00044e-05;0;0;0;-2.45637e-06;
6.00144e-05;0;0;0;-2.45587e-06;
6.00244e-05;0;0;0;-2.45538e-06;
6.00344e-05;0;0;0;-2.45489e-06;
6.00444e-05;0;0;0;-2.4544e-06;
6.00544e-05;0;0;0;-2.45391e-06;
6.00644e-05;0;0;0;-2.45342e-06;
6.00744e-05;0;0;0;-2.45293e-06;
6.00844e-05;0;0;0;-2.45244e-06;
6.00944e-05;0;0;0;-2.45195e-06;
6.01044e-05;0;0;0;-2.45146e-06;
6.01144e-05;0;0;0;-2.45097e-06;
6.01244e-05;0;0;0;-2.45048e-06;
6.01344e-05;0;0;0;-2.44999e-06;
6.01444e-05;0;0;0;-2.4495e-06;
6.01544e-05;0;0;0;-2.44901e-06;
6.01644e-05;0;0;0;-2.44852e-06;
6.01744e-05;0;0;0;-2.44803e-06;
6.01844e-05;0;0;0;-2.44754e-06;
6.01944e-05;0;0;0;-2.44705e-06;
6.02044e-05;0;0;0;-2.44656e-06;
6.02144e-05;0;0;0;-2.44607e-06;
6.02244e-05;0;0;0;-2.44558e-06;
6.02344e-05;0;0;0;-2.44509e-06;
6.02444e-05;0;0;0;-2.4446e-06;
6.02544e-05;0;0;0;-2.44411e-06;
6.02644e-05;0;0;0;-2.44362e-06;
6.02744e-05;0;0;0;-2.44313e-06;
6.02844e-05;0;0;0;-2.44264e-06;
6.02944e-05;0;0;0;-2.44215e-06;
6.03044e-05;0;0;0;-2.44167e-06;
6.03144e-05;0;0;0;-2.44118e-06;
6.03244e-05;0;0;0;-2.44069e-06;
6.03344e-05;0;0;0;-2.4402e-06;
6.03444e-05;0;0;0;-2.43971e-06;
6.03544e-05;0;0;0;-2.43922e-06;
6.03644e-05;0;0;0;-2.43874e-06;
6.03744e-05;0;0;0;-2.43825e-06;
6.03844e-05;0;0;0;-2.43776e-06;
6.03944e-05;0;0;0;-2.43727e-06;
6.04044e-05;0;0;0;-2.43679e-06;
6.04144e-05;0;0;0;-2.4363e-06;
6.04244e-05;0;0;0;-2.43581e-06;
6.04344e-05;0;0;0;-2.43532e-06;
6.04444e-05;0;0;0;-2.43484e-06;
6.04544e-05;0;0;0;-2.43435e-06;
6.04644e-05;0;0;0;-2.43386e-06;
6.04744e-05;0;0;0;-2.43338e-06;
6.04844e-05;0;0;0;-2.43289e-06;
6.04944e-05;0;0;0;-2.4324e-06;
6.05044e-05;0;0;0;-2.43192e-06;
6.05144e-05;0;0;0;-2.43143e-06;
6.05244e-05;0;0;0;-2.43094e-06;
6.05344e-05;0;0;0;-2.43046e-06;
6.05444e-05;0;0;0;-2.42997e-06;
6.05544e-05;0;0;0;-2.42948e-06;
6.05644e-05;0;0;0;-2.429e-06;
6.05744e-05;0;0;0;-2.42851e-06;
6.05844e-05;0;0;0;-2.42803e-06;
6.05944e-05;0;0;0;-2.42754e-06;
6.06044e-05;0;0;0;-2.42705e-06;
6.06144e-05;0;0;0;-2.42657e-06;
6.06244e-05;0;0;0;-2.42608e-06;
6.06344e-05;0;0;0;-2.4256e-06;
6.06444e-05;0;0;0;-2.42511e-06;
6.06544e-05;0;0;0;-2.42463e-06;
6.06644e-05;0;0;0;-2.42414e-06;
6.06744e-05;0;0;0;-2.42366e-06;
6.06844e-05;0;0;0;-2.42317e-06;
6.06944e-05;0;0;0;-2.42269e-06;
6.07044e-05;0;0;0;-2.4222e-06;
6.07144e-05;0;0;0;-2.42172e-06;
6.07244e-05;0;0;0;-2.42123e-06;
6.07344e-05;0;0;0;-2.42075e-06;
6.07444e-05;0;0;0;-2.42027e-06;
6.07544e-05;0;0;0;-2.41978e-06;
6.07644e-05;0;0;0;-2.4193e-06;
6.07744e-05;0;0;0;-2.41881e-06;
6.07844e-05;0;0;0;-2.41833e-06;
6.07944e-05;0;0;0;-2.41785e-06;
6.08044e-05;0;0;0;-2.41736e-06;
6.08144e-05;0;0;0;-2.41688e-06;
6.08244e-05;0;0;0;-2.41639e-06;
6.08344e-05;0;0;0;-2.41591e-06;
6.08444e-05;0;0;0;-2.41543e-06;
6.08544e-05;0;0;0;-2.41494e-06;
6.08644e-05;0;0;0;-2.41446e-06;
6.08744e-05;0;0;0;-2.41398e-06;
6.08844e-05;0;0;0;-2.4135e-06;
6.08944e-05;0;0;0;-2.41301e-06;
6.09044e-05;0;0;0;-2.41253e-06;
6.09144e-05;0;0;0;-2.41205e-06;
6.09244e-05;0;0;0;-2.41156e-06;
6.09344e-05;0;0;0;-2.41108e-06;
6.09444e-05;0;0;0;-2.4106e-06;
6.09544e-05;0;0;0;-2.41012e-06;
6.09644e-05;0;0;0;-2.40964e-06;
6.09744e-05;0;0;0;-2.40915e-06;
6.09844e-05;0;0;0;-2.40867e-06;
6.09944e-05;0;0;0;-2.40819e-06;
6.10044e-05;0;0;0;-2.40771e-06;
6.10144e-05;0;0;0;-2.40723e-06;
6.10244e-05;0;0;0;-2.40674e-06;
6.10344e-05;0;0;0;-2.40626e-06;
6.10444e-05;0;0;0;-2.40578e-06;
6.10544e-05;0;0;0;-2.4053e-06;
6.10644e-05;0;0;0;-2.40482e-06;
6.10744e-05;0;0;0;-2.40434e-06;
6.10844e-05;0;0;0;-2.40386e-06;
6.10944e-05;0;0;0;-2.40338e-06;
6.11044e-05;0;0;0;-2.4029e-06;
6.11144e-05;0;0;0;-2.40241e-06;
6.11244e-05;0;0;0;-2.40193e-06;
6.11344e-05;0;0;0;-2.40145e-06;
6.11444e-05;0;0;0;-2.40097e-06;
6.11544e-05;0;0;0;-2.40049e-06;
6.11644e-05;0;0;0;-2.40001e-06;
6.11744e-05;0;0;0;-2.39953e-06;
6.11844e-05;0;0;0;-2.39905e-06;
6.11944e-05;0;0;0;-2.39857e-06;
6.12044e-05;0;0;0;-2.39809e-06;
6.12144e-05;0;0;0;-2.39761e-06;
6.12244e-05;0;0;0;-2.39713e-06;
6.12344e-05;0;0;0;-2.39665e-06;
6.12444e-05;0;0;0;-2.39617e-06;
6.12544e-05;0;0;0;-2.39569e-06;
6.12644e-05;0;0;0;-2.39522e-06;
6.12744e-05;0;0;0;-2.39474e-06;
6.12844e-05;0;0;0;-2.39426e-06;
6.12944e-05;0;0;0;-2.39378e-06;
6.13044e-05;0;0;0;-2.3933e-06;
6.13144e-05;0;0;0;-2.39282e-06;
6.13244e-05;0;0;0;-2.39234e-06;
6.13344e-05;0;0;0;-2.39186e-06;
6.13444e-05;0;0;0;-2.39138e-06;
6.13544e-05;0;0;0;-2.39091e-06;
6.13644e-05;0;0;0;-2.39043e-06;
6.13744e-05;0;0;0;-2.38995e-06;
6.13844e-05;0;0;0;-2.38947e-06;
6.13944e-05;0;0;0;-2.38899e-06;
6.14044e-05;0;0;0;-2.38852e-06;
6.14144e-05;0;0;0;-2.38804e-06;
6.14244e-05;0;0;0;-2.38756e-06;
6.14344e-05;0;0;0;-2.38708e-06;
6.14444e-05;0;0;0;-2.3866e-06;
6.14544e-05;0;0;0;-2.38613e-06;
6.14644e-05;0;0;0;-2.38565e-06;
6.14744e-05;0;0;0;-2.38517e-06;
6.14844e-05;0;0;0;-2.3847e-06;
6.14944e-05;0;0;0;-2.38422e-06;
6.15044e-05;0;0;0;-2.38374e-06;
6.15144e-05;0;0;0;-2.38326e-06;
6.15244e-05;0;0;0;-2.38279e-06;
6.15344e-05;0;0;0;-2.38231e-06;
6.15444e-05;0;0;0;-2.38183e-06;
6.15544e-05;0;0;0;-2.38136e-06;
6.15644e-05;0;0;0;-2.38088e-06;
6.15744e-05;0;0;0;-2.3804e-06;
6.15844e-05;0;0;0;-2.37993e-06;
6.15944e-05;0;0;0;-2.37945e-06;
6.16044e-05;0;0;0;-2.37898e-06;
6.16144e-05;0;0;0;-2.3785e-06;
6.16244e-05;0;0;0;-2.37802e-06;
6.16344e-05;0;0;0;-2.37755e-06;
6.16444e-05;0;0;0;-2.37707e-06;
6.16544e-05;0;0;0;-2.3766e-06;
6.16644e-05;0;0;0;-2.37612e-06;
6.16744e-05;0;0;0;-2.37565e-06;
6.16844e-05;0;0;0;-2.37517e-06;
6.16944e-05;0;0;0;-2.3747e-06;
6.17044e-05;0;0;0;-2.37422e-06;
6.17144e-05;0;0;0;-2.37375e-06;
6.17244e-05;0;0;0;-2.37327e-06;
6.17344e-05;0;0;0;-2.3728e-06;
6.17444e-05;0;0;0;-2.37232e-06;
6.17544e-05;0;0;0;-2.37185e-06;
6.17644e-05;0;0;0;-2.37137e-06;
6.17744e-05;0;0;0;-2.3709e-06;
6.17844e-05;0;0;0;-2.37042e-06;
6.17944e-05;0;0;0;-2.36995e-06;
6.18044e-05;0;0;0;-2.36948e-06;
6.18144e-05;0;0;0;-2.369e-06;
6.18244e-05;0;0;0;-2.36853e-06;
6.18344e-05;0;0;0;-2.36805e-06;
6.18444e-05;0;0;0;-2.36758e-06;
6.18544e-05;0;0;0;-2.36711e-06;
6.18644e-05;0;0;0;-2.36663e-06;
6.18744e-05;0;0;0;-2.36616e-06;
6.18844e-05;0;0;0;-2.36569e-06;
6.18944e-05;0;0;0;-2.36521e-06;
6.19044e-05;0;0;0;-2.36474e-06;
6.19144e-05;0;0;0;-2.36427e-06;
6.19244e-05;0;0;0;-2.36379e-06;
6.19344e-05;0;0;0;-2.36332e-06;
6.19444e-05;0;0;0;-2.36285e-06;
6.19544e-05;0;0;0;-2.36238e-06;
6.19644e-05;0;0;0;-2.3619e-06;
6.19744e-05;0;0;0;-2.36143e-06;
6.19844e-05;0;0;0;-2.36096e-06;
6.19944e-05;0;0;0;-2.36049e-06;
6.20044e-05;0;0;0;-2.36001e-06;
6.20144e-05;0;0;0;-2.35954e-06;
6.20244e-05;0;0;0;-2.35907e-06;
6.20344e-05;0;0;0;-2.3586e-06;
6.20444e-05;0;0;0;-2.35813e-06;
6.20544e-05;0;0;0;-2.35765e-06;
6.20644e-05;0;0;0;-2.35718e-06;
6.20744e-05;0;0;0;-2.35671e-06;
6.20844e-05;0;0;0;-2.35624e-06;
6.20944e-05;0;0;0;-2.35577e-06;
6.21044e-05;0;0;0;-2.3553e-06;
6.21144e-05;0;0;0;-2.35482e-06;
6.21244e-05;0;0;0;-2.35435e-06;
6.21344e-05;0;0;0;-2.35388e-06;
6.21444e-05;0;0;0;-2.35341e-06;
6.21544e-05;0;0;0;-2.35294e-06;
6.21644e-05;0;0;0;-2.35247e-06;
6.21744e-05;0;0;0;-2.352e-06;
6.21844e-05;0;0;0;-2.35153e-06;
6.21944e-05;0;0;0;-2.35106e-06;
6.22044e-05;0;0;0;-2.35059e-06;
6.22144e-05;0;0;0;-2.35012e-06;
6.22244e-05;0;0;0;-2.34965e-06;
6.22344e-05;0;0;0;-2.34918e-06;
6.22444e-05;0;0;0;-2.34871e-06;
6.22544e-05;0;0;0;-2.34824e-06;
6.22644e-05;0;0;0;-2.34777e-06;
6.22744e-05;0;0;0;-2.3473e-06;
6.22844e-05;0;0;0;-2.34683e-06;
6.22944e-05;0;0;0;-2.34636e-06;
6.23044e-05;0;0;0;-2.34589e-06;
6.23144e-05;0;0;0;-2.34542e-06;
6.23244e-05;0;0;0;-2.34495e-06;
6.23344e-05;0;0;0;-2.34448e-06;
6.23444e-05;0;0;0;-2.34401e-06;
6.23544e-05;0;0;0;-2.34354e-06;
6.23644e-05;0;0;0;-2.34308e-06;
6.23744e-05;0;0;0;-2.34261e-06;
6.23844e-05;0;0;0;-2.34214e-06;
6.23944e-05;0;0;0;-2.34167e-06;
6.24044e-05;0;0;0;-2.3412e-06;
6.24144e-05;0;0;0;-2.34073e-06;
6.24244e-05;0;0;0;-2.34026e-06;
6.24344e-05;0;0;0;-2.3398e-06;
6.24444e-05;0;0;0;-2.33933e-06;
6.24544e-05;0;0;0;-2.33886e-06;
6.24644e-05;0;0;0;-2.33839e-06;
6.24744e-05;0;0;0;-2.33792e-06;
6.24844e-05;0;0;0;-2.33746e-06;
6.24944e-05;0;0;0;-2.33699e-06;
6.25044e-05;0;0;0;-2.33652e-06;
6.25144e-05;0;0;0;-2.33605e-06;
6.25244e-05;0;0;0;-2.33559e-06;
6.25344e-05;0;0;0;-2.33512e-06;
6.25444e-05;0;0;0;-2.33465e-06;
6.25544e-05;0;0;0;-2.33419e-06;
6.25644e-05;0;0;0;-2.33372e-06;
6.25744e-05;0;0;0;-2.33325e-06;
6.25844e-05;0;0;0;-2.33278e-06;
6.25944e-05;0;0;0;-2.33232e-06;
6.26044e-05;0;0;0;-2.33185e-06;
6.26144e-05;0;0;0;-2.33138e-06;
6.26244e-05;0;0;0;-2.33092e-06;
6.26344e-05;0;0;0;-2.33045e-06;
6.26444e-05;0;0;0;-2.32999e-06;
6.26544e-05;0;0;0;-2.32952e-06;
6.26644e-05;0;0;0;-2.32905e-06;
6.26744e-05;0;0;0;-2.32859e-06;
6.26844e-05;0;0;0;-2.32812e-06;
6.26944e-05;0;0;0;-2.32766e-06;
6.27044e-05;0;0;0;-2.32719e-06;
6.27144e-05;0;0;0;-2.32672e-06;
6.27244e-05;0;0;0;-2.32626e-06;
6.27344e-05;0;0;0;-2.32579e-06;
6.27444e-05;0;0;0;-2.32533e-06;
6.27544e-05;0;0;0;-2.32486e-06;
6.27644e-05;0;0;0;-2.3244e-06;
6.27744e-05;0;0;0;-2.32393e-06;
6.27844e-05;0;0;0;-2.32347e-06;
6.27944e-05;0;0;0;-2.323e-06;
6.28044e-05;0;0;0;-2.32254e-06;
6.28144e-05;0;0;0;-2.32207e-06;
6.28244e-05;0;0;0;-2.32161e-06;
6.28344e-05;0;0;0;-2.32114e-06;
6.28444e-05;0;0;0;-2.32068e-06;
6.28544e-05;0;0;0;-2.32022e-06;
6.28644e-05;0;0;0;-2.31975e-06;
6.28744e-05;0;0;0;-2.31929e-06;
6.28844e-05;0;0;0;-2.31882e-06;
6.28944e-05;0;0;0;-2.31836e-06;
6.29044e-05;0;0;0;-2.3179e-06;
6.29144e-05;0;0;0;-2.31743e-06;
6.29244e-05;0;0;0;-2.31697e-06;
6.29344e-05;0;0;0;-2.31651e-06;
6.29444e-05;0;0;0;-2.31604e-06;
6.29544e-05;0;0;0;-2.31558e-06;
6.29644e-05;0;0;0;-2.31512e-06;
6.29744e-05;0;0;0;-2.31465e-06;
6.29844e-05;0;0;0;-2.31419e-06;
6.29944e-05;0;0;0;-2.31373e-06;
6.30044e-05;0;0;0;-2.31326e-06;
6.30144e-05;0;0;0;-2.3128e-06;
6.30244e-05;0;0;0;-2.31234e-06;
6.30344e-05;0;0;0;-2.31188e-06;
6.30444e-05;0;0;0;-2.31141e-06;
6.30544e-05;0;0;0;-2.31095e-06;
6.30644e-05;0;0;0;-2.31049e-06;
6.30744e-05;0;0;0;-2.31003e-06;
6.30844e-05;0;0;0;-2.30956e-06;
6.30944e-05;0;0;0;-2.3091e-06;
6.31044e-05;0;0;0;-2.30864e-06;
6.31144e-05;0;0;0;-2.30818e-06;
6.31244e-05;0;0;0;-2.30772e-06;
6.31344e-05;0;0;0;-2.30725e-06;
6.31444e-05;0;0;0;-2.30679e-06;
6.31544e-05;0;0;0;-2.30633e-06;
6.31644e-05;0;0;0;-2.30587e-06;
6.31744e-05;0;0;0;-2.30541e-06;
6.31844e-05;0;0;0;-2.30495e-06;
6.31944e-05;0;0;0;-2.30449e-06;
6.32044e-05;0;0;0;-2.30403e-06;
6.32144e-05;0;0;0;-2.30356e-06;
6.32244e-05;0;0;0;-2.3031e-06;
6.32344e-05;0;0;0;-2.30264e-06;
6.32444e-05;0;0;0;-2.30218e-06;
6.32544e-05;0;0;0;-2.30172e-06;
6.32644e-05;0;0;0;-2.30126e-06;
6.32744e-05;0;0;0;-2.3008e-06;
6.32844e-05;0;0;0;-2.30034e-06;
6.32944e-05;0;0;0;-2.29988e-06;
6.33044e-05;0;0;0;-2.29942e-06;
6.33144e-05;0;0;0;-2.29896e-06;
6.33244e-05;0;0;0;-2.2985e-06;
6.33344e-05;0;0;0;-2.29804e-06;
6.33444e-05;0;0;0;-2.29758e-06;
6.33544e-05;0;0;0;-2.29712e-06;
6.33644e-05;0;0;0;-2.29666e-06;
6.33744e-05;0;0;0;-2.2962e-06;
6.33844e-05;0;0;0;-2.29574e-06;
6.33944e-05;0;0;0;-2.29528e-06;
6.34044e-05;0;0;0;-2.29482e-06;
6.34144e-05;0;0;0;-2.29436e-06;
6.34244e-05;0;0;0;-2.29391e-06;
6.34344e-05;0;0;0;-2.29345e-06;
6.34444e-05;0;0;0;-2.29299e-06;
6.34544e-05;0;0;0;-2.29253e-06;
6.34644e-05;0;0;0;-2.29207e-06;
6.34744e-05;0;0;0;-2.29161e-06;
6.34844e-05;0;0;0;-2.29115e-06;
6.34944e-05;0;0;0;-2.2907e-06;
6.35044e-05;0;0;0;-2.29024e-06;
6.35144e-05;0;0;0;-2.28978e-06;
6.35244e-05;0;0;0;-2.28932e-06;
6.35344e-05;0;0;0;-2.28886e-06;
6.35444e-05;0;0;0;-2.2884e-06;
6.35544e-05;0;0;0;-2.28795e-06;
6.35644e-05;0;0;0;-2.28749e-06;
6.35744e-05;0;0;0;-2.28703e-06;
6.35844e-05;0;0;0;-2.28657e-06;
6.35944e-05;0;0;0;-2.28612e-06;
6.36044e-05;0;0;0;-2.28566e-06;
6.36144e-05;0;0;0;-2.2852e-06;
6.36244e-05;0;0;0;-2.28474e-06;
6.36344e-05;0;0;0;-2.28429e-06;
6.36444e-05;0;0;0;-2.28383e-06;
6.36544e-05;0;0;0;-2.28337e-06;
6.36644e-05;0;0;0;-2.28292e-06;
6.36744e-05;0;0;0;-2.28246e-06;
6.36844e-05;0;0;0;-2.282e-06;
6.36944e-05;0;0;0;-2.28155e-06;
6.37044e-05;0;0;0;-2.28109e-06;
6.37144e-05;0;0;0;-2.28063e-06;
6.37244e-05;0;0;0;-2.28018e-06;
6.37344e-05;0;0;0;-2.27972e-06;
6.37444e-05;0;0;0;-2.27927e-06;
6.37544e-05;0;0;0;-2.27881e-06;
6.37644e-05;0;0;0;-2.27835e-06;
6.37744e-05;0;0;0;-2.2779e-06;
6.37844e-05;0;0;0;-2.27744e-06;
6.37944e-05;0;0;0;-2.27699e-06;
6.38044e-05;0;0;0;-2.27653e-06;
6.38144e-05;0;0;0;-2.27608e-06;
6.38244e-05;0;0;0;-2.27562e-06;
6.38344e-05;0;0;0;-2.27517e-06;
6.38444e-05;0;0;0;-2.27471e-06;
6.38544e-05;0;0;0;-2.27425e-06;
6.38644e-05;0;0;0;-2.2738e-06;
6.38744e-05;0;0;0;-2.27335e-06;
6.38844e-05;0;0;0;-2.27289e-06;
6.38944e-05;0;0;0;-2.27244e-06;
6.39044e-05;0;0;0;-2.27198e-06;
6.39144e-05;0;0;0;-2.27153e-06;
6.39244e-05;0;0;0;-2.27107e-06;
6.39344e-05;0;0;0;-2.27062e-06;
6.39444e-05;0;0;0;-2.27016e-06;
6.39544e-05;0;0;0;-2.26971e-06;
6.39644e-05;0;0;0;-2.26926e-06;
6.39744e-05;0;0;0;-2.2688e-06;
6.39844e-05;0;0;0;-2.26835e-06;
6.39944e-05;0;0;0;-2.26789e-06;
6.40044e-05;0;0;0;-2.26744e-06;
6.40144e-05;0;0;0;-2.26699e-06;
6.40244e-05;0;0;0;-2.26653e-06;
6.40344e-05;0;0;0;-2.26608e-06;
6.40444e-05;0;0;0;-2.26563e-06;
6.40544e-05;0;0;0;-2.26517e-06;
6.40644e-05;0;0;0;-2.26472e-06;
6.40744e-05;0;0;0;-2.26427e-06;
6.40844e-05;0;0;0;-2.26381e-06;
6.40944e-05;0;0;0;-2.26336e-06;
6.41044e-05;0;0;0;-2.26291e-06;
6.41144e-05;0;0;0;-2.26245e-06;
6.41244e-05;0;0;0;-2.262e-06;
6.41344e-05;0;0;0;-2.26155e-06;
6.41444e-05;0;0;0;-2.2611e-06;
6.41544e-05;0;0;0;-2.26064e-06;
6.41644e-05;0;0;0;-2.26019e-06;
6.41744e-05;0;0;0;-2.25974e-06;
6.41844e-05;0;0;0;-2.25929e-06;
6.41944e-05;0;0;0;-2.25884e-06;
6.42044e-05;0;0;0;-2.25838e-06;
6.42144e-05;0;0;0;-2.25793e-06;
6.42244e-05;0;0;0;-2.25748e-06;
6.42344e-05;0;0;0;-2.25703e-06;
6.42444e-05;0;0;0;-2.25658e-06;
6.42544e-05;0;0;0;-2.25613e-06;
6.42644e-05;0;0;0;-2.25567e-06;
6.42744e-05;0;0;0;-2.25522e-06;
6.42844e-05;0;0;0;-2.25477e-06;
6.42944e-05;0;0;0;-2.25432e-06;
6.43044e-05;0;0;0;-2.25387e-06;
6.43144e-05;0;0;0;-2.25342e-06;
6.43244e-05;0;0;0;-2.25297e-06;
6.43344e-05;0;0;0;-2.25252e-06;
6.43444e-05;0;0;0;-2.25207e-06;
6.43544e-05;0;0;0;-2.25162e-06;
6.43644e-05;0;0;0;-2.25117e-06;
6.43744e-05;0;0;0;-2.25072e-06;
6.43844e-05;0;0;0;-2.25027e-06;
6.43944e-05;0;0;0;-2.24982e-06;
6.44044e-05;0;0;0;-2.24937e-06;
6.44144e-05;0;0;0;-2.24892e-06;
6.44244e-05;0;0;0;-2.24847e-06;
6.44344e-05;0;0;0;-2.24802e-06;
6.44444e-05;0;0;0;-2.24757e-06;
6.44544e-05;0;0;0;-2.24712e-06;
6.44644e-05;0;0;0;-2.24667e-06;
6.44744e-05;0;0;0;-2.24622e-06;
6.44844e-05;0;0;0;-2.24577e-06;
6.44944e-05;0;0;0;-2.24532e-06;
6.45044e-05;0;0;0;-2.24487e-06;
6.45144e-05;0;0;0;-2.24442e-06;
6.45244e-05;0;0;0;-2.24397e-06;
6.45344e-05;0;0;0;-2.24352e-06;
6.45444e-05;0;0;0;-2.24307e-06;
6.45544e-05;0;0;0;-2.24262e-06;
6.45644e-05;0;0;0;-2.24218e-06;
6.45744e-05;0;0;0;-2.24173e-06;
6.45844e-05;0;0;0;-2.24128e-06;
6.45944e-05;0;0;0;-2.24083e-06;
6.46044e-05;0;0;0;-2.24038e-06;
6.46144e-05;0;0;0;-2.23993e-06;
6.46244e-05;0;0;0;-2.23949e-06;
6.46344e-05;0;0;0;-2.23904e-06;
6.46444e-05;0;0;0;-2.23859e-06;
6.46544e-05;0;0;0;-2.23814e-06;
6.46644e-05;0;0;0;-2.23769e-06;
6.46744e-05;0;0;0;-2.23725e-06;
6.46844e-05;0;0;0;-2.2368e-06;
6.46944e-05;0;0;0;-2.23635e-06;
6.47044e-05;0;0;0;-2.2359e-06;
6.47144e-05;0;0;0;-2.23546e-06;
6.47244e-05;0;0;0;-2.23501e-06;
6.47344e-05;0;0;0;-2.23456e-06;
6.47444e-05;0;0;0;-2.23412e-06;
6.47544e-05;0;0;0;-2.23367e-06;
6.47644e-05;0;0;0;-2.23322e-06;
6.47744e-05;0;0;0;-2.23277e-06;
6.47844e-05;0;0;0;-2.23233e-06;
6.47944e-05;0;0;0;-2.23188e-06;
6.48044e-05;0;0;0;-2.23144e-06;
6.48144e-05;0;0;0;-2.23099e-06;
6.48244e-05;0;0;0;-2.23054e-06;
6.48344e-05;0;0;0;-2.2301e-06;
6.48444e-05;0;0;0;-2.22965e-06;
6.48544e-05;0;0;0;-2.2292e-06;
6.48644e-05;0;0;0;-2.22876e-06;
6.48744e-05;0;0;0;-2.22831e-06;
6.48844e-05;0;0;0;-2.22787e-06;
6.48944e-05;0;0;0;-2.22742e-06;
6.49044e-05;0;0;0;-2.22697e-06;
6.49144e-05;0;0;0;-2.22653e-06;
6.49244e-05;0;0;0;-2.22608e-06;
6.49344e-05;0;0;0;-2.22564e-06;
6.49444e-05;0;0;0;-2.22519e-06;
6.49544e-05;0;0;0;-2.22475e-06;
6.49644e-05;0;0;0;-2.2243e-06;
6.49744e-05;0;0;0;-2.22386e-06;
6.49844e-05;0;0;0;-2.22341e-06;
6.49944e-05;0;0;0;-2.22297e-06;
6.50044e-05;0;0;0;-2.22252e-06;
6.50144e-05;0;0;0;-2.22208e-06;
6.50244e-05;0;0;0;-2.22163e-06;
6.50344e-05;0;0;0;-2.22119e-06;
6.50444e-05;0;0;0;-2.22075e-06;
6.50544e-05;0;0;0;-2.2203e-06;
6.50644e-05;0;0;0;-2.21986e-06;
6.50744e-05;0;0;0;-2.21941e-06;
6.50844e-05;0;0;0;-2.21897e-06;
6.50944e-05;0;0;0;-2.21853e-06;
6.51044e-05;0;0;0;-2.21808e-06;
6.51144e-05;0;0;0;-2.21764e-06;
6.51244e-05;0;0;0;-2.21719e-06;
6.51344e-05;0;0;0;-2.21675e-06;
6.51444e-05;0;0;0;-2.21631e-06;
6.51544e-05;0;0;0;-2.21586e-06;
6.51644e-05;0;0;0;-2.21542e-06;
6.51744e-05;0;0;0;-2.21498e-06;
6.51844e-05;0;0;0;-2.21453e-06;
6.51944e-05;0;0;0;-2.21409e-06;
6.52044e-05;0;0;0;-2.21365e-06;
6.52144e-05;0;0;0;-2.2132e-06;
6.52244e-05;0;0;0;-2.21276e-06;
6.52344e-05;0;0;0;-2.21232e-06;
6.52444e-05;0;0;0;-2.21188e-06;
6.52544e-05;0;0;0;-2.21143e-06;
6.52644e-05;0;0;0;-2.21099e-06;
6.52744e-05;0;0;0;-2.21055e-06;
6.52844e-05;0;0;0;-2.21011e-06;
6.52944e-05;0;0;0;-2.20967e-06;
6.53044e-05;0;0;0;-2.20922e-06;
6.53144e-05;0;0;0;-2.20878e-06;
6.53244e-05;0;0;0;-2.20834e-06;
6.53344e-05;0;0;0;-2.2079e-06;
6.53444e-05;0;0;0;-2.20746e-06;
6.53544e-05;0;0;0;-2.20701e-06;
6.53644e-05;0;0;0;-2.20657e-06;
6.53744e-05;0;0;0;-2.20613e-06;
6.53844e-05;0;0;0;-2.20569e-06;
6.53944e-05;0;0;0;-2.20525e-06;
6.54044e-05;0;0;0;-2.20481e-06;
6.54144e-05;0;0;0;-2.20437e-06;
6.54244e-05;0;0;0;-2.20393e-06;
6.54344e-05;0;0;0;-2.20348e-06;
6.54444e-05;0;0;0;-2.20304e-06;
6.54544e-05;0;0;0;-2.2026e-06;
6.54644e-05;0;0;0;-2.20216e-06;
6.54744e-05;0;0;0;-2.20172e-06;
6.54844e-05;0;0;0;-2.20128e-06;
6.54944e-05;0;0;0;-2.20084e-06;
6.55044e-05;0;0;0;-2.2004e-06;
6.55144e-05;0;0;0;-2.19996e-06;
6.55244e-05;0;0;0;-2.19952e-06;
6.55344e-05;0;0;0;-2.19908e-06;
6.55444e-05;0;0;0;-2.19864e-06;
6.55544e-05;0;0;0;-2.1982e-06;
6.55644e-05;0;0;0;-2.19776e-06;
6.55744e-05;0;0;0;-2.19732e-06;
6.55844e-05;0;0;0;-2.19688e-06;
6.55944e-05;0;0;0;-2.19644e-06;
6.56044e-05;0;0;0;-2.196e-06;
6.56144e-05;0;0;0;-2.19556e-06;
6.56244e-05;0;0;0;-2.19512e-06;
6.56344e-05;0;0;0;-2.19468e-06;
6.56444e-05;0;0;0;-2.19425e-06;
6.56544e-05;0;0;0;-2.19381e-06;
6.56644e-05;0;0;0;-2.19337e-06;
6.56744e-05;0;0;0;-2.19293e-06;
6.56844e-05;0;0;0;-2.19249e-06;
6.56944e-05;0;0;0;-2.19205e-06;
6.57044e-05;0;0;0;-2.19161e-06;
6.57144e-05;0;0;0;-2.19117e-06;
6.57244e-05;0;0;0;-2.19074e-06;
6.57344e-05;0;0;0;-2.1903e-06;
6.57444e-05;0;0;0;-2.18986e-06;
6.57544e-05;0;0;0;-2.18942e-06;
6.57644e-05;0;0;0;-2.18898e-06;
6.57744e-05;0;0;0;-2.18855e-06;
6.57844e-05;0;0;0;-2.18811e-06;
6.57944e-05;0;0;0;-2.18767e-06;
6.58044e-05;0;0;0;-2.18723e-06;
6.58144e-05;0;0;0;-2.18679e-06;
6.58244e-05;0;0;0;-2.18636e-06;
6.58344e-05;0;0;0;-2.18592e-06;
6.58444e-05;0;0;0;-2.18548e-06;
6.58544e-05;0;0;0;-2.18505e-06;
6.58644e-05;0;0;0;-2.18461e-06;
6.58744e-05;0;0;0;-2.18417e-06;
6.58844e-05;0;0;0;-2.18373e-06;
6.58944e-05;0;0;0;-2.1833e-06;
6.59044e-05;0;0;0;-2.18286e-06;
6.59144e-05;0;0;0;-2.18242e-06;
6.59244e-05;0;0;0;-2.18199e-06;
6.59344e-05;0;0;0;-2.18155e-06;
6.59444e-05;0;0;0;-2.18111e-06;
6.59544e-05;0;0;0;-2.18068e-06;
6.59644e-05;0;0;0;-2.18024e-06;
6.59744e-05;0;0;0;-2.17981e-06;
6.59844e-05;0;0;0;-2.17937e-06;
6.59944e-05;0;0;0;-2.17893e-06;
6.60044e-05;0;0;0;-2.1785e-06;
6.60144e-05;0;0;0;-2.17806e-06;
6.60244e-05;0;0;0;-2.17763e-06;
6.60344e-05;0;0;0;-2.17719e-06;
6.60444e-05;0;0;0;-2.17675e-06;
6.60544e-05;0;0;0;-2.17632e-06;
6.60644e-05;0;0;0;-2.17588e-06;
6.60744e-05;0;0;0;-2.17545e-06;
6.60844e-05;0;0;0;-2.17501e-06;
6.60944e-05;0;0;0;-2.17458e-06;
6.61044e-05;0;0;0;-2.17414e-06;
6.61144e-05;0;0;0;-2.17371e-06;
6.61244e-05;0;0;0;-2.17327e-06;
6.61344e-05;0;0;0;-2.17284e-06;
6.61444e-05;0;0;0;-2.1724e-06;
6.61544e-05;0;0;0;-2.17197e-06;
6.61644e-05;0;0;0;-2.17153e-06;
6.61744e-05;0;0;0;-2.1711e-06;
6.61844e-05;0;0;0;-2.17067e-06;
6.61944e-05;0;0;0;-2.17023e-06;
6.62044e-05;0;0;0;-2.1698e-06;
6.62144e-05;0;0;0;-2.16936e-06;
6.62244e-05;0;0;0;-2.16893e-06;
6.62344e-05;0;0;0;-2.1685e-06;
6.62444e-05;0;0;0;-2.16806e-06;
6.62544e-05;0;0;0;-2.16763e-06;
6.62644e-05;0;0;0;-2.16719e-06;
6.62744e-05;0;0;0;-2.16676e-06;
6.62844e-05;0;0;0;-2.16633e-06;
6.62944e-05;0;0;0;-2.16589e-06;
6.63044e-05;0;0;0;-2.16546e-06;
6.63144e-05;0;0;0;-2.16503e-06;
6.63244e-05;0;0;0;-2.16459e-06;
6.63344e-05;0;0;0;-2.16416e-06;
6.63444e-05;0;0;0;-2.16373e-06;
6.63544e-05;0;0;0;-2.1633e-06;
6.63644e-05;0;0;0;-2.16286e-06;
6.63744e-05;0;0;0;-2.16243e-06;
6.63844e-05;0;0;0;-2.162e-06;
6.63944e-05;0;0;0;-2.16156e-06;
6.64044e-05;0;0;0;-2.16113e-06;
6.64144e-05;0;0;0;-2.1607e-06;
6.64244e-05;0;0;0;-2.16027e-06;
6.64344e-05;0;0;0;-2.15984e-06;
6.64444e-05;0;0;0;-2.1594e-06;
6.64544e-05;0;0;0;-2.15897e-06;
6.64644e-05;0;0;0;-2.15854e-06;
6.64744e-05;0;0;0;-2.15811e-06;
6.64844e-05;0;0;0;-2.15768e-06;
6.64944e-05;0;0;0;-2.15724e-06;
6.65044e-05;0;0;0;-2.15681e-06;
6.65144e-05;0;0;0;-2.15638e-06;
6.65244e-05;0;0;0;-2.15595e-06;
6.65344e-05;0;0;0;-2.15552e-06;
6.65444e-05;0;0;0;-2.15509e-06;
6.65544e-05;0;0;0;-2.15466e-06;
6.65644e-05;0;0;0;-2.15422e-06;
6.65744e-05;0;0;0;-2.15379e-06;
6.65844e-05;0;0;0;-2.15336e-06;
6.65944e-05;0;0;0;-2.15293e-06;
6.66044e-05;0;0;0;-2.1525e-06;
6.66144e-05;0;0;0;-2.15207e-06;
6.66244e-05;0;0;0;-2.15164e-06;
6.66344e-05;0;0;0;-2.15121e-06;
6.66444e-05;0;0;0;-2.15078e-06;
6.66544e-05;0;0;0;-2.15035e-06;
6.66644e-05;0;0;0;-2.14992e-06;
6.66744e-05;0;0;0;-2.14949e-06;
6.66844e-05;0;0;0;-2.14906e-06;
6.66944e-05;0;0;0;-2.14863e-06;
6.67044e-05;0;0;0;-2.1482e-06;
6.67144e-05;0;0;0;-2.14777e-06;
6.67244e-05;0;0;0;-2.14734e-06;
6.67344e-05;0;0;0;-2.14691e-06;
6.67444e-05;0;0;0;-2.14648e-06;
6.67544e-05;0;0;0;-2.14605e-06;
6.67644e-05;0;0;0;-2.14562e-06;
6.67744e-05;0;0;0;-2.14519e-06;
6.67844e-05;0;0;0;-2.14476e-06;
6.67944e-05;0;0;0;-2.14433e-06;
6.68044e-05;0;0;0;-2.14391e-06;
6.68144e-05;0;0;0;-2.14348e-06;
6.68244e-05;0;0;0;-2.14305e-06;
6.68344e-05;0;0;0;-2.14262e-06;
6.68444e-05;0;0;0;-2.14219e-06;
6.68544e-05;0;0;0;-2.14176e-06;
6.68644e-05;0;0;0;-2.14133e-06;
6.68744e-05;0;0;0;-2.1409e-06;
6.68844e-05;0;0;0;-2.14048e-06;
6.68944e-05;0;0;0;-2.14005e-06;
6.69044e-05;0;0;0;-2.13962e-06;
6.69144e-05;0;0;0;-2.13919e-06;
6.69244e-05;0;0;0;-2.13876e-06;
6.69344e-05;0;0;0;-2.13834e-06;
6.69444e-05;0;0;0;-2.13791e-06;
6.69544e-05;0;0;0;-2.13748e-06;
6.69644e-05;0;0;0;-2.13705e-06;
6.69744e-05;0;0;0;-2.13663e-06;
6.69844e-05;0;0;0;-2.1362e-06;
6.69944e-05;0;0;0;-2.13577e-06;
6.70044e-05;0;0;0;-2.13534e-06;
6.70144e-05;0;0;0;-2.13492e-06;
6.70244e-05;0;0;0;-2.13449e-06;
6.70344e-05;0;0;0;-2.13406e-06;
6.70444e-05;0;0;0;-2.13364e-06;
6.70544e-05;0;0;0;-2.13321e-06;
6.70644e-05;0;0;0;-2.13278e-06;
6.70744e-05;0;0;0;-2.13235e-06;
6.70844e-05;0;0;0;-2.13193e-06;
6.70944e-05;0;0;0;-2.1315e-06;
6.71044e-05;0;0;0;-2.13108e-06;
6.71144e-05;0;0;0;-2.13065e-06;
6.71244e-05;0;0;0;-2.13022e-06;
6.71344e-05;0;0;0;-2.1298e-06;
6.71444e-05;0;0;0;-2.12937e-06;
6.71544e-05;0;0;0;-2.12894e-06;
6.71644e-05;0;0;0;-2.12852e-06;
6.71744e-05;0;0;0;-2.12809e-06;
6.71844e-05;0;0;0;-2.12767e-06;
6.71944e-05;0;0;0;-2.12724e-06;
6.72044e-05;0;0;0;-2.12682e-06;
6.72144e-05;0;0;0;-2.12639e-06;
6.72244e-05;0;0;0;-2.12596e-06;
6.72344e-05;0;0;0;-2.12554e-06;
6.72444e-05;0;0;0;-2.12511e-06;
6.72544e-05;0;0;0;-2.12469e-06;
6.72644e-05;0;0;0;-2.12426e-06;
6.72744e-05;0;0;0;-2.12384e-06;
6.72844e-05;0;0;0;-2.12341e-06;
6.72944e-05;0;0;0;-2.12299e-06;
6.73044e-05;0;0;0;-2.12256e-06;
6.73144e-05;0;0;0;-2.12214e-06;
6.73244e-05;0;0;0;-2.12172e-06;
6.73344e-05;0;0;0;-2.12129e-06;
6.73444e-05;0;0;0;-2.12087e-06;
6.73544e-05;0;0;0;-2.12044e-06;
6.73644e-05;0;0;0;-2.12002e-06;
6.73744e-05;0;0;0;-2.11959e-06;
6.73844e-05;0;0;0;-2.11917e-06;
6.73944e-05;0;0;0;-2.11875e-06;
6.74044e-05;0;0;0;-2.11832e-06;
6.74144e-05;0;0;0;-2.1179e-06;
6.74244e-05;0;0;0;-2.11747e-06;
6.74344e-05;0;0;0;-2.11705e-06;
6.74444e-05;0;0;0;-2.11663e-06;
6.74544e-05;0;0;0;-2.1162e-06;
6.74644e-05;0;0;0;-2.11578e-06;
6.74744e-05;0;0;0;-2.11536e-06;
6.74844e-05;0;0;0;-2.11493e-06;
6.74944e-05;0;0;0;-2.11451e-06;
6.75044e-05;0;0;0;-2.11409e-06;
6.75144e-05;0;0;0;-2.11367e-06;
6.75244e-05;0;0;0;-2.11324e-06;
6.75344e-05;0;0;0;-2.11282e-06;
6.75444e-05;0;0;0;-2.1124e-06;
6.75544e-05;0;0;0;-2.11197e-06;
6.75644e-05;0;0;0;-2.11155e-06;
6.75744e-05;0;0;0;-2.11113e-06;
6.75844e-05;0;0;0;-2.11071e-06;
6.75944e-05;0;0;0;-2.11028e-06;
6.76044e-05;0;0;0;-2.10986e-06;
6.76144e-05;0;0;0;-2.10944e-06;
6.76244e-05;0;0;0;-2.10902e-06;
6.76344e-05;0;0;0;-2.1086e-06;
6.76444e-05;0;0;0;-2.10817e-06;
6.76544e-05;0;0;0;-2.10775e-06;
6.76644e-05;0;0;0;-2.10733e-06;
6.76744e-05;0;0;0;-2.10691e-06;
6.76844e-05;0;0;0;-2.10649e-06;
6.76944e-05;0;0;0;-2.10607e-06;
6.77044e-05;0;0;0;-2.10565e-06;
6.77144e-05;0;0;0;-2.10522e-06;
6.77244e-05;0;0;0;-2.1048e-06;
6.77344e-05;0;0;0;-2.10438e-06;
6.77444e-05;0;0;0;-2.10396e-06;
6.77544e-05;0;0;0;-2.10354e-06;
6.77644e-05;0;0;0;-2.10312e-06;
6.77744e-05;0;0;0;-2.1027e-06;
6.77844e-05;0;0;0;-2.10228e-06;
6.77944e-05;0;0;0;-2.10186e-06;
6.78044e-05;0;0;0;-2.10144e-06;
6.78144e-05;0;0;0;-2.10102e-06;
6.78244e-05;0;0;0;-2.1006e-06;
6.78344e-05;0;0;0;-2.10018e-06;
6.78444e-05;0;0;0;-2.09976e-06;
6.78544e-05;0;0;0;-2.09934e-06;
6.78644e-05;0;0;0;-2.09892e-06;
6.78744e-05;0;0;0;-2.0985e-06;
6.78844e-05;0;0;0;-2.09808e-06;
6.78944e-05;0;0;0;-2.09766e-06;
6.79044e-05;0;0;0;-2.09724e-06;
6.79144e-05;0;0;0;-2.09682e-06;
6.79244e-05;0;0;0;-2.0964e-06;
6.79344e-05;0;0;0;-2.09598e-06;
6.79444e-05;0;0;0;-2.09556e-06;
6.79544e-05;0;0;0;-2.09514e-06;
6.79644e-05;0;0;0;-2.09472e-06;
6.79744e-05;0;0;0;-2.0943e-06;
6.79844e-05;0;0;0;-2.09388e-06;
6.79944e-05;0;0;0;-2.09346e-06;
6.80044e-05;0;0;0;-2.09304e-06;
6.80144e-05;0;0;0;-2.09263e-06;
6.80244e-05;0;0;0;-2.09221e-06;
6.80344e-05;0;0;0;-2.09179e-06;
6.80444e-05;0;0;0;-2.09137e-06;
6.80544e-05;0;0;0;-2.09095e-06;
6.80644e-05;0;0;0;-2.09053e-06;
6.80744e-05;0;0;0;-2.09011e-06;
6.80844e-05;0;0;0;-2.0897e-06;
6.80944e-05;0;0;0;-2.08928e-06;
6.81044e-05;0;0;0;-2.08886e-06;
6.81144e-05;0;0;0;-2.08844e-06;
6.81244e-05;0;0;0;-2.08802e-06;
6.81344e-05;0;0;0;-2.08761e-06;
6.81444e-05;0;0;0;-2.08719e-06;
6.81544e-05;0;0;0;-2.08677e-06;
6.81644e-05;0;0;0;-2.08635e-06;
6.81744e-05;0;0;0;-2.08594e-06;
6.81844e-05;0;0;0;-2.08552e-06;
6.81944e-05;0;0;0;-2.0851e-06;
6.82044e-05;0;0;0;-2.08469e-06;
6.82144e-05;0;0;0;-2.08427e-06;
6.82244e-05;0;0;0;-2.08385e-06;
6.82344e-05;0;0;0;-2.08343e-06;
6.82444e-05;0;0;0;-2.08302e-06;
6.82544e-05;0;0;0;-2.0826e-06;
6.82644e-05;0;0;0;-2.08218e-06;
6.82744e-05;0;0;0;-2.08177e-06;
6.82844e-05;0;0;0;-2.08135e-06;
6.82944e-05;0;0;0;-2.08093e-06;
6.83044e-05;0;0;0;-2.08052e-06;
6.83144e-05;0;0;0;-2.0801e-06;
6.83244e-05;0;0;0;-2.07969e-06;
6.83344e-05;0;0;0;-2.07927e-06;
6.83444e-05;0;0;0;-2.07885e-06;
6.83544e-05;0;0;0;-2.07844e-06;
6.83644e-05;0;0;0;-2.07802e-06;
6.83744e-05;0;0;0;-2.07761e-06;
6.83844e-05;0;0;0;-2.07719e-06;
6.83944e-05;0;0;0;-2.07678e-06;
6.84044e-05;0;0;0;-2.07636e-06;
6.84144e-05;0;0;0;-2.07594e-06;
6.84244e-05;0;0;0;-2.07553e-06;
6.84344e-05;0;0;0;-2.07511e-06;
6.84444e-05;0;0;0;-2.0747e-06;
6.84544e-05;0;0;0;-2.07428e-06;
6.84644e-05;0;0;0;-2.07387e-06;
6.84744e-05;0;0;0;-2.07345e-06;
6.84844e-05;0;0;0;-2.07304e-06;
6.84944e-05;0;0;0;-2.07262e-06;
6.85044e-05;0;0;0;-2.07221e-06;
6.85144e-05;0;0;0;-2.0718e-06;
6.85244e-05;0;0;0;-2.07138e-06;
6.85344e-05;0;0;0;-2.07097e-06;
6.85444e-05;0;0;0;-2.07055e-06;
6.85544e-05;0;0;0;-2.07014e-06;
6.85644e-05;0;0;0;-2.06972e-06;
6.85744e-05;0;0;0;-2.06931e-06;
6.85844e-05;0;0;0;-2.0689e-06;
6.85944e-05;0;0;0;-2.06848e-06;
6.86044e-05;0;0;0;-2.06807e-06;
6.86144e-05;0;0;0;-2.06765e-06;
6.86244e-05;0;0;0;-2.06724e-06;
6.86344e-05;0;0;0;-2.06683e-06;
6.86444e-05;0;0;0;-2.06641e-06;
6.86544e-05;0;0;0;-2.066e-06;
6.86644e-05;0;0;0;-2.06559e-06;
6.86744e-05;0;0;0;-2.06517e-06;
6.86844e-05;0;0;0;-2.06476e-06;
6.86944e-05;0;0;0;-2.06435e-06;
6.87044e-05;0;0;0;-2.06393e-06;
6.87144e-05;0;0;0;-2.06352e-06;
6.87244e-05;0;0;0;-2.06311e-06;
6.87344e-05;0;0;0;-2.0627e-06;
6.87444e-05;0;0;0;-2.06228e-06;
6.87544e-05;0;0;0;-2.06187e-06;
6.87644e-05;0;0;0;-2.06146e-06;
6.87744e-05;0;0;0;-2.06105e-06;
6.87844e-05;0;0;0;-2.06063e-06;
6.87944e-05;0;0;0;-2.06022e-06;
6.88044e-05;0;0;0;-2.05981e-06;
6.88144e-05;0;0;0;-2.0594e-06;
6.88244e-05;0;0;0;-2.05898e-06;
6.88344e-05;0;0;0;-2.05857e-06;
6.88444e-05;0;0;0;-2.05816e-06;
6.88544e-05;0;0;0;-2.05775e-06;
6.88644e-05;0;0;0;-2.05734e-06;
6.88744e-05;0;0;0;-2.05693e-06;
6.88844e-05;0;0;0;-2.05651e-06;
6.88944e-05;0;0;0;-2.0561e-06;
6.89044e-05;0;0;0;-2.05569e-06;
6.89144e-05;0;0;0;-2.05528e-06;
6.89244e-05;0;0;0;-2.05487e-06;
6.89344e-05;0;0;0;-2.05446e-06;
6.89444e-05;0;0;0;-2.05405e-06;
6.89544e-05;0;0;0;-2.05364e-06;
6.89644e-05;0;0;0;-2.05323e-06;
6.89744e-05;0;0;0;-2.05281e-06;
6.89844e-05;0;0;0;-2.0524e-06;
6.89944e-05;0;0;0;-2.05199e-06;
6.90044e-05;0;0;0;-2.05158e-06;
6.90144e-05;0;0;0;-2.05117e-06;
6.90244e-05;0;0;0;-2.05076e-06;
6.90344e-05;0;0;0;-2.05035e-06;
6.90444e-05;0;0;0;-2.04994e-06;
6.90544e-05;0;0;0;-2.04953e-06;
6.90644e-05;0;0;0;-2.04912e-06;
6.90744e-05;0;0;0;-2.04871e-06;
6.90844e-05;0;0;0;-2.0483e-06;
6.90944e-05;0;0;0;-2.04789e-06;
6.91044e-05;0;0;0;-2.04748e-06;
6.91144e-05;0;0;0;-2.04707e-06;
6.91244e-05;0;0;0;-2.04666e-06;
6.91344e-05;0;0;0;-2.04625e-06;
6.91444e-05;0;0;0;-2.04584e-06;
6.91544e-05;0;0;0;-2.04543e-06;
6.91644e-05;0;0;0;-2.04503e-06;
6.91744e-05;0;0;0;-2.04462e-06;
6.91844e-05;0;0;0;-2.04421e-06;
6.91944e-05;0;0;0;-2.0438e-06;
6.92044e-05;0;0;0;-2.04339e-06;
6.92144e-05;0;0;0;-2.04298e-06;
6.92244e-05;0;0;0;-2.04257e-06;
6.92344e-05;0;0;0;-2.04216e-06;
6.92444e-05;0;0;0;-2.04175e-06;
6.92544e-05;0;0;0;-2.04135e-06;
6.92644e-05;0;0;0;-2.04094e-06;
6.92744e-05;0;0;0;-2.04053e-06;
6.92844e-05;0;0;0;-2.04012e-06;
6.92944e-05;0;0;0;-2.03971e-06;
6.93044e-05;0;0;0;-2.03931e-06;
6.93144e-05;0;0;0;-2.0389e-06;
6.93244e-05;0;0;0;-2.03849e-06;
6.93344e-05;0;0;0;-2.03808e-06;
6.93444e-05;0;0;0;-2.03767e-06;
6.93544e-05;0;0;0;-2.03727e-06;
6.93644e-05;0;0;0;-2.03686e-06;
6.93744e-05;0;0;0;-2.03645e-06;
6.93844e-05;0;0;0;-2.03604e-06;
6.93944e-05;0;0;0;-2.03564e-06;
6.94044e-05;0;0;0;-2.03523e-06;
6.94144e-05;0;0;0;-2.03482e-06;
6.94244e-05;0;0;0;-2.03441e-06;
6.94344e-05;0;0;0;-2.03401e-06;
6.94444e-05;0;0;0;-2.0336e-06;
6.94544e-05;0;0;0;-2.03319e-06;
6.94644e-05;0;0;0;-2.03279e-06;
6.94744e-05;0;0;0;-2.03238e-06;
6.94844e-05;0;0;0;-2.03197e-06;
6.94944e-05;0;0;0;-2.03157e-06;
6.95044e-05;0;0;0;-2.03116e-06;
6.95144e-05;0;0;0;-2.03075e-06;
6.95244e-05;0;0;0;-2.03035e-06;
6.95344e-05;0;0;0;-2.02994e-06;
6.95444e-05;0;0;0;-2.02954e-06;
6.95544e-05;0;0;0;-2.02913e-06;
6.95644e-05;0;0;0;-2.02872e-06;
6.95744e-05;0;0;0;-2.02832e-06;
6.95844e-05;0;0;0;-2.02791e-06;
6.95944e-05;0;0;0;-2.02751e-06;
6.96044e-05;0;0;0;-2.0271e-06;
6.96144e-05;0;0;0;-2.0267e-06;
6.96244e-05;0;0;0;-2.02629e-06;
6.96344e-05;0;0;0;-2.02588e-06;
6.96444e-05;0;0;0;-2.02548e-06;
6.96544e-05;0;0;0;-2.02507e-06;
6.96644e-05;0;0;0;-2.02467e-06;
6.96744e-05;0;0;0;-2.02426e-06;
6.96844e-05;0;0;0;-2.02386e-06;
6.96944e-05;0;0;0;-2.02345e-06;
6.97044e-05;0;0;0;-2.02305e-06;
6.97144e-05;0;0;0;-2.02264e-06;
6.97244e-05;0;0;0;-2.02224e-06;
6.97344e-05;0;0;0;-2.02184e-06;
6.97444e-05;0;0;0;-2.02143e-06;
6.97544e-05;0;0;0;-2.02103e-06;
6.97644e-05;0;0;0;-2.02062e-06;
6.97744e-05;0;0;0;-2.02022e-06;
6.97844e-05;0;0;0;-2.01981e-06;
6.97944e-05;0;0;0;-2.01941e-06;
6.98044e-05;0;0;0;-2.01901e-06;
6.98144e-05;0;0;0;-2.0186e-06;
6.98244e-05;0;0;0;-2.0182e-06;
6.98344e-05;0;0;0;-2.01779e-06;
6.98444e-05;0;0;0;-2.01739e-06;
6.98544e-05;0;0;0;-2.01699e-06;
6.98644e-05;0;0;0;-2.01658e-06;
6.98744e-05;0;0;0;-2.01618e-06;
6.98844e-05;0;0;0;-2.01578e-06;
6.98944e-05;0;0;0;-2.01537e-06;
6.99044e-05;0;0;0;-2.01497e-06;
6.99144e-05;0;0;0;-2.01457e-06;
6.99244e-05;0;0;0;-2.01416e-06;
6.99344e-05;0;0;0;-2.01376e-06;
6.99444e-05;0;0;0;-2.01336e-06;
6.99544e-05;0;0;0;-2.01296e-06;
6.99644e-05;0;0;0;-2.01255e-06;
6.99744e-05;0;0;0;-2.01215e-06;
6.99844e-05;0;0;0;-2.01175e-06;
6.99944e-05;0;0;0;-2.01135e-06;
7.00044e-05;0;0;0;-2.01094e-06;
7.00144e-05;0;0;0;-2.01054e-06;
7.00244e-05;0;0;0;-2.01014e-06;
7.00344e-05;0;0;0;-2.00974e-06;
7.00444e-05;0;0;0;-2.00933e-06;
7.00544e-05;0;0;0;-2.00893e-06;
7.00644e-05;0;0;0;-2.00853e-06;
7.00744e-05;0;0;0;-2.00813e-06;
7.00844e-05;0;0;0;-2.00773e-06;
7.00944e-05;0;0;0;-2.00732e-06;
7.01044e-05;0;0;0;-2.00692e-06;
7.01144e-05;0;0;0;-2.00652e-06;
7.01244e-05;0;0;0;-2.00612e-06;
7.01344e-05;0;0;0;-2.00572e-06;
7.01444e-05;0;0;0;-2.00532e-06;
7.01544e-05;0;0;0;-2.00492e-06;
7.01644e-05;0;0;0;-2.00452e-06;
7.01744e-05;0;0;0;-2.00411e-06;
7.01844e-05;0;0;0;-2.00371e-06;
7.01944e-05;0;0;0;-2.00331e-06;
7.02044e-05;0;0;0;-2.00291e-06;
7.02144e-05;0;0;0;-2.00251e-06;
7.02244e-05;0;0;0;-2.00211e-06;
7.02344e-05;0;0;0;-2.00171e-06;
7.02444e-05;0;0;0;-2.00131e-06;
7.02544e-05;0;0;0;-2.00091e-06;
7.02644e-05;0;0;0;-2.00051e-06;
7.02744e-05;0;0;0;-2.00011e-06;
7.02844e-05;0;0;0;-1.99971e-06;
7.02944e-05;0;0;0;-1.99931e-06;
7.03044e-05;0;0;0;-1.99891e-06;
7.03144e-05;0;0;0;-1.99851e-06;
7.03244e-05;0;0;0;-1.99811e-06;
7.03344e-05;0;0;0;-1.99771e-06;
7.03444e-05;0;0;0;-1.99731e-06;
7.03544e-05;0;0;0;-1.99691e-06;
7.03644e-05;0;0;0;-1.99651e-06;
7.03744e-05;0;0;0;-1.99611e-06;
7.03844e-05;0;0;0;-1.99571e-06;
7.03944e-05;0;0;0;-1.99531e-06;
7.04044e-05;0;0;0;-1.99491e-06;
7.04144e-05;0;0;0;-1.99451e-06;
7.04244e-05;0;0;0;-1.99411e-06;
7.04344e-05;0;0;0;-1.99372e-06;
7.04444e-05;0;0;0;-1.99332e-06;
7.04544e-05;0;0;0;-1.99292e-06;
7.04644e-05;0;0;0;-1.99252e-06;
7.04744e-05;0;0;0;-1.99212e-06;
7.04844e-05;0;0;0;-1.99172e-06;
7.04944e-05;0;0;0;-1.99132e-06;
7.05044e-05;0;0;0;-1.99093e-06;
7.05144e-05;0;0;0;-1.99053e-06;
7.05244e-05;0;0;0;-1.99013e-06;
7.05344e-05;0;0;0;-1.98973e-06;
7.05444e-05;0;0;0;-1.98933e-06;
7.05544e-05;0;0;0;-1.98893e-06;
7.05644e-05;0;0;0;-1.98854e-06;
7.05744e-05;0;0;0;-1.98814e-06;
7.05844e-05;0;0;0;-1.98774e-06;
7.05944e-05;0;0;0;-1.98734e-06;
7.06044e-05;0;0;0;-1.98695e-06;
7.06144e-05;0;0;0;-1.98655e-06;
7.06244e-05;0;0;0;-1.98615e-06;
7.06344e-05;0;0;0;-1.98575e-06;
7.06444e-05;0;0;0;-1.98536e-06;
7.06544e-05;0;0;0;-1.98496e-06;
7.06644e-05;0;0;0;-1.98456e-06;
7.06744e-05;0;0;0;-1.98417e-06;
7.06844e-05;0;0;0;-1.98377e-06;
7.06944e-05;0;0;0;-1.98337e-06;
7.07044e-05;0;0;0;-1.98297e-06;
7.07144e-05;0;0;0;-1.98258e-06;
7.07244e-05;0;0;0;-1.98218e-06;
7.07344e-05;0;0;0;-1.98178e-06;
7.07444e-05;0;0;0;-1.98139e-06;
7.07544e-05;0;0;0;-1.98099e-06;
7.07644e-05;0;0;0;-1.9806e-06;
7.07744e-05;0;0;0;-1.9802e-06;
7.07844e-05;0;0;0;-1.9798e-06;
7.07944e-05;0;0;0;-1.97941e-06;
7.08044e-05;0;0;0;-1.97901e-06;
7.08144e-05;0;0;0;-1.97862e-06;
7.08244e-05;0;0;0;-1.97822e-06;
7.08344e-05;0;0;0;-1.97782e-06;
7.08444e-05;0;0;0;-1.97743e-06;
7.08544e-05;0;0;0;-1.97703e-06;
7.08644e-05;0;0;0;-1.97664e-06;
7.08744e-05;0;0;0;-1.97624e-06;
7.08844e-05;0;0;0;-1.97585e-06;
7.08944e-05;0;0;0;-1.97545e-06;
7.09044e-05;0;0;0;-1.97506e-06;
7.09144e-05;0;0;0;-1.97466e-06;
7.09244e-05;0;0;0;-1.97427e-06;
7.09344e-05;0;0;0;-1.97387e-06;
7.09444e-05;0;0;0;-1.97348e-06;
7.09544e-05;0;0;0;-1.97308e-06;
7.09644e-05;0;0;0;-1.97269e-06;
7.09744e-05;0;0;0;-1.97229e-06;
7.09844e-05;0;0;0;-1.9719e-06;
7.09944e-05;0;0;0;-1.9715e-06;
7.10044e-05;0;0;0;-1.97111e-06;
7.10144e-05;0;0;0;-1.97071e-06;
7.10244e-05;0;0;0;-1.97032e-06;
7.10344e-05;0;0;0;-1.96993e-06;
7.10444e-05;0;0;0;-1.96953e-06;
7.10544e-05;0;0;0;-1.96914e-06;
7.10644e-05;0;0;0;-1.96874e-06;
7.10744e-05;0;0;0;-1.96835e-06;
7.10844e-05;0;0;0;-1.96796e-06;
7.10944e-05;0;0;0;-1.96756e-06;
7.11044e-05;0;0;0;-1.96717e-06;
7.11144e-05;0;0;0;-1.96677e-06;
7.11244e-05;0;0;0;-1.96638e-06;
7.11344e-05;0;0;0;-1.96599e-06;
7.11444e-05;0;0;0;-1.96559e-06;
7.11544e-05;0;0;0;-1.9652e-06;
7.11644e-05;0;0;0;-1.96481e-06;
7.11744e-05;0;0;0;-1.96441e-06;
7.11844e-05;0;0;0;-1.96402e-06;
7.11944e-05;0;0;0;-1.96363e-06;
7.12044e-05;0;0;0;-1.96324e-06;
7.12144e-05;0;0;0;-1.96284e-06;
7.12244e-05;0;0;0;-1.96245e-06;
7.12344e-05;0;0;0;-1.96206e-06;
7.12444e-05;0;0;0;-1.96167e-06;
7.12544e-05;0;0;0;-1.96127e-06;
7.12644e-05;0;0;0;-1.96088e-06;
7.12744e-05;0;0;0;-1.96049e-06;
7.12844e-05;0;0;0;-1.9601e-06;
7.12944e-05;0;0;0;-1.9597e-06;
7.13044e-05;0;0;0;-1.95931e-06;
7.13144e-05;0;0;0;-1.95892e-06;
7.13244e-05;0;0;0;-1.95853e-06;
7.13344e-05;0;0;0;-1.95814e-06;
7.13444e-05;0;0;0;-1.95774e-06;
7.13544e-05;0;0;0;-1.95735e-06;
7.13644e-05;0;0;0;-1.95696e-06;
7.13744e-05;0;0;0;-1.95657e-06;
7.13844e-05;0;0;0;-1.95618e-06;
7.13944e-05;0;0;0;-1.95579e-06;
7.14044e-05;0;0;0;-1.9554e-06;
7.14144e-05;0;0;0;-1.955e-06;
7.14244e-05;0;0;0;-1.95461e-06;
7.14344e-05;0;0;0;-1.95422e-06;
7.14444e-05;0;0;0;-1.95383e-06;
7.14544e-05;0;0;0;-1.95344e-06;
7.14644e-05;0;0;0;-1.95305e-06;
7.14744e-05;0;0;0;-1.95266e-06;
7.14844e-05;0;0;0;-1.95227e-06;
7.14944e-05;0;0;0;-1.95188e-06;
7.15044e-05;0;0;0;-1.95149e-06;
7.15144e-05;0;0;0;-1.9511e-06;
7.15244e-05;0;0;0;-1.95071e-06;
7.15344e-05;0;0;0;-1.95032e-06;
7.15444e-05;0;0;0;-1.94993e-06;
7.15544e-05;0;0;0;-1.94954e-06;
7.15644e-05;0;0;0;-1.94915e-06;
7.15744e-05;0;0;0;-1.94876e-06;
7.15844e-05;0;0;0;-1.94837e-06;
7.15944e-05;0;0;0;-1.94798e-06;
7.16044e-05;0;0;0;-1.94759e-06;
7.16144e-05;0;0;0;-1.9472e-06;
7.16244e-05;0;0;0;-1.94681e-06;
7.16344e-05;0;0;0;-1.94642e-06;
7.16444e-05;0;0;0;-1.94603e-06;
7.16544e-05;0;0;0;-1.94564e-06;
7.16644e-05;0;0;0;-1.94525e-06;
7.16744e-05;0;0;0;-1.94486e-06;
7.16844e-05;0;0;0;-1.94447e-06;
7.16944e-05;0;0;0;-1.94408e-06;
7.17044e-05;0;0;0;-1.94369e-06;
7.17144e-05;0;0;0;-1.9433e-06;
7.17244e-05;0;0;0;-1.94292e-06;
7.17344e-05;0;0;0;-1.94253e-06;
7.17444e-05;0;0;0;-1.94214e-06;
7.17544e-05;0;0;0;-1.94175e-06;
7.17644e-05;0;0;0;-1.94136e-06;
7.17744e-05;0;0;0;-1.94097e-06;
7.17844e-05;0;0;0;-1.94059e-06;
7.17944e-05;0;0;0;-1.9402e-06;
7.18044e-05;0;0;0;-1.93981e-06;
7.18144e-05;0;0;0;-1.93942e-06;
7.18244e-05;0;0;0;-1.93903e-06;
7.18344e-05;0;0;0;-1.93864e-06;
7.18444e-05;0;0;0;-1.93826e-06;
7.18544e-05;0;0;0;-1.93787e-06;
7.18644e-05;0;0;0;-1.93748e-06;
7.18744e-05;0;0;0;-1.93709e-06;
7.18844e-05;0;0;0;-1.93671e-06;
7.18944e-05;0;0;0;-1.93632e-06;
7.19044e-05;0;0;0;-1.93593e-06;
7.19144e-05;0;0;0;-1.93554e-06;
7.19244e-05;0;0;0;-1.93516e-06;
7.19344e-05;0;0;0;-1.93477e-06;
7.19444e-05;0;0;0;-1.93438e-06;
7.19544e-05;0;0;0;-1.934e-06;
7.19644e-05;0;0;0;-1.93361e-06;
7.19744e-05;0;0;0;-1.93322e-06;
7.19844e-05;0;0;0;-1.93284e-06;
7.19944e-05;0;0;0;-1.93245e-06;
7.20044e-05;0;0;0;-1.93206e-06;
7.20144e-05;0;0;0;-1.93168e-06;
7.20244e-05;0;0;0;-1.93129e-06;
7.20344e-05;0;0;0;-1.9309e-06;
7.20444e-05;0;0;0;-1.93052e-06;
7.20544e-05;0;0;0;-1.93013e-06;
7.20644e-05;0;0;0;-1.92974e-06;
7.20744e-05;0;0;0;-1.92936e-06;
7.20844e-05;0;0;0;-1.92897e-06;
7.20944e-05;0;0;0;-1.92859e-06;
7.21044e-05;0;0;0;-1.9282e-06;
7.21144e-05;0;0;0;-1.92781e-06;
7.21244e-05;0;0;0;-1.92743e-06;
7.21344e-05;0;0;0;-1.92704e-06;
7.21444e-05;0;0;0;-1.92666e-06;
7.21544e-05;0;0;0;-1.92627e-06;
7.21644e-05;0;0;0;-1.92589e-06;
7.21744e-05;0;0;0;-1.9255e-06;
7.21844e-05;0;0;0;-1.92512e-06;
7.21944e-05;0;0;0;-1.92473e-06;
7.22044e-05;0;0;0;-1.92435e-06;
7.22144e-05;0;0;0;-1.92396e-06;
7.22244e-05;0;0;0;-1.92358e-06;
7.22344e-05;0;0;0;-1.92319e-06;
7.22444e-05;0;0;0;-1.92281e-06;
7.22544e-05;0;0;0;-1.92242e-06;
7.22644e-05;0;0;0;-1.92204e-06;
7.22744e-05;0;0;0;-1.92165e-06;
7.22844e-05;0;0;0;-1.92127e-06;
7.22944e-05;0;0;0;-1.92088e-06;
7.23044e-05;0;0;0;-1.9205e-06;
7.23144e-05;0;0;0;-1.92012e-06;
7.23244e-05;0;0;0;-1.91973e-06;
7.23344e-05;0;0;0;-1.91935e-06;
7.23444e-05;0;0;0;-1.91896e-06;
7.23544e-05;0;0;0;-1.91858e-06;
7.23644e-05;0;0;0;-1.9182e-06;
7.23744e-05;0;0;0;-1.91781e-06;
7.23844e-05;0;0;0;-1.91743e-06;
7.23944e-05;0;0;0;-1.91704e-06;
7.24044e-05;0;0;0;-1.91666e-06;
7.24144e-05;0;0;0;-1.91628e-06;
7.24244e-05;0;0;0;-1.91589e-06;
7.24344e-05;0;0;0;-1.91551e-06;
7.24444e-05;0;0;0;-1.91513e-06;
7.24544e-05;0;0;0;-1.91474e-06;
7.24644e-05;0;0;0;-1.91436e-06;
7.24744e-05;0;0;0;-1.91398e-06;
7.24844e-05;0;0;0;-1.9136e-06;
7.24944e-05;0;0;0;-1.91321e-06;
7.25044e-05;0;0;0;-1.91283e-06;
7.25144e-05;0;0;0;-1.91245e-06;
7.25244e-05;0;0;0;-1.91206e-06;
7.25344e-05;0;0;0;-1.91168e-06;
7.25444e-05;0;0;0;-1.9113e-06;
7.25544e-05;0;0;0;-1.91092e-06;
7.25644e-05;0;0;0;-1.91054e-06;
7.25744e-05;0;0;0;-1.91015e-06;
7.25844e-05;0;0;0;-1.90977e-06;
7.25944e-05;0;0;0;-1.90939e-06;
7.26044e-05;0;0;0;-1.90901e-06;
7.26144e-05;0;0;0;-1.90862e-06;
7.26244e-05;0;0;0;-1.90824e-06;
7.26344e-05;0;0;0;-1.90786e-06;
7.26444e-05;0;0;0;-1.90748e-06;
7.26544e-05;0;0;0;-1.9071e-06;
7.26644e-05;0;0;0;-1.90672e-06;
7.26744e-05;0;0;0;-1.90633e-06;
7.26844e-05;0;0;0;-1.90595e-06;
7.26944e-05;0;0;0;-1.90557e-06;
7.27044e-05;0;0;0;-1.90519e-06;
7.27144e-05;0;0;0;-1.90481e-06;
7.27244e-05;0;0;0;-1.90443e-06;
7.27344e-05;0;0;0;-1.90405e-06;
7.27444e-05;0;0;0;-1.90367e-06;
7.27544e-05;0;0;0;-1.90329e-06;
7.27644e-05;0;0;0;-1.90291e-06;
7.27744e-05;0;0;0;-1.90252e-06;
7.27844e-05;0;0;0;-1.90214e-06;
7.27944e-05;0;0;0;-1.90176e-06;
7.28044e-05;0;0;0;-1.90138e-06;
7.28144e-05;0;0;0;-1.901e-06;
7.28244e-05;0;0;0;-1.90062e-06;
7.28344e-05;0;0;0;-1.90024e-06;
7.28444e-05;0;0;0;-1.89986e-06;
7.28544e-05;0;0;0;-1.89948e-06;
7.28644e-05;0;0;0;-1.8991e-06;
7.28744e-05;0;0;0;-1.89872e-06;
7.28844e-05;0;0;0;-1.89834e-06;
7.28944e-05;0;0;0;-1.89796e-06;
7.29044e-05;0;0;0;-1.89758e-06;
7.29144e-05;0;0;0;-1.8972e-06;
7.29244e-05;0;0;0;-1.89682e-06;
7.29344e-05;0;0;0;-1.89644e-06;
7.29444e-05;0;0;0;-1.89606e-06;
7.29544e-05;0;0;0;-1.89568e-06;
7.29644e-05;0;0;0;-1.89531e-06;
7.29744e-05;0;0;0;-1.89493e-06;
7.29844e-05;0;0;0;-1.89455e-06;
7.29944e-05;0;0;0;-1.89417e-06;
7.30044e-05;0;0;0;-1.89379e-06;
7.30144e-05;0;0;0;-1.89341e-06;
7.30244e-05;0;0;0;-1.89303e-06;
7.30344e-05;0;0;0;-1.89265e-06;
7.30444e-05;0;0;0;-1.89227e-06;
7.30544e-05;0;0;0;-1.8919e-06;
7.30644e-05;0;0;0;-1.89152e-06;
7.30744e-05;0;0;0;-1.89114e-06;
7.30844e-05;0;0;0;-1.89076e-06;
7.30944e-05;0;0;0;-1.89038e-06;
7.31044e-05;0;0;0;-1.89e-06;
7.31144e-05;0;0;0;-1.88963e-06;
7.31244e-05;0;0;0;-1.88925e-06;
7.31344e-05;0;0;0;-1.88887e-06;
7.31444e-05;0;0;0;-1.88849e-06;
7.31544e-05;0;0;0;-1.88811e-06;
7.31644e-05;0;0;0;-1.88774e-06;
7.31744e-05;0;0;0;-1.88736e-06;
7.31844e-05;0;0;0;-1.88698e-06;
7.31944e-05;0;0;0;-1.8866e-06;
7.32044e-05;0;0;0;-1.88623e-06;
7.32144e-05;0;0;0;-1.88585e-06;
7.32244e-05;0;0;0;-1.88547e-06;
7.32344e-05;0;0;0;-1.88509e-06;
7.32444e-05;0;0;0;-1.88472e-06;
7.32544e-05;0;0;0;-1.88434e-06;
7.32644e-05;0;0;0;-1.88396e-06;
7.32744e-05;0;0;0;-1.88359e-06;
7.32844e-05;0;0;0;-1.88321e-06;
7.32944e-05;0;0;0;-1.88283e-06;
7.33044e-05;0;0;0;-1.88246e-06;
7.33144e-05;0;0;0;-1.88208e-06;
7.33244e-05;0;0;0;-1.8817e-06;
7.33344e-05;0;0;0;-1.88133e-06;
7.33444e-05;0;0;0;-1.88095e-06;
7.33544e-05;0;0;0;-1.88057e-06;
7.33644e-05;0;0;0;-1.8802e-06;
7.33744e-05;0;0;0;-1.87982e-06;
7.33844e-05;0;0;0;-1.87945e-06;
7.33944e-05;0;0;0;-1.87907e-06;
7.34044e-05;0;0;0;-1.87869e-06;
7.34144e-05;0;0;0;-1.87832e-06;
7.34244e-05;0;0;0;-1.87794e-06;
7.34344e-05;0;0;0;-1.87757e-06;
7.34444e-05;0;0;0;-1.87719e-06;
7.34544e-05;0;0;0;-1.87682e-06;
7.34644e-05;0;0;0;-1.87644e-06;
7.34744e-05;0;0;0;-1.87606e-06;
7.34844e-05;0;0;0;-1.87569e-06;
7.34944e-05;0;0;0;-1.87531e-06;
7.35044e-05;0;0;0;-1.87494e-06;
7.35144e-05;0;0;0;-1.87456e-06;
7.35244e-05;0;0;0;-1.87419e-06;
7.35344e-05;0;0;0;-1.87381e-06;
7.35444e-05;0;0;0;-1.87344e-06;
7.35544e-05;0;0;0;-1.87306e-06;
7.35644e-05;0;0;0;-1.87269e-06;
7.35744e-05;0;0;0;-1.87231e-06;
7.35844e-05;0;0;0;-1.87194e-06;
7.35944e-05;0;0;0;-1.87157e-06;
7.36044e-05;0;0;0;-1.87119e-06;
7.36144e-05;0;0;0;-1.87082e-06;
7.36244e-05;0;0;0;-1.87044e-06;
7.36344e-05;0;0;0;-1.87007e-06;
7.36444e-05;0;0;0;-1.86969e-06;
7.36544e-05;0;0;0;-1.86932e-06;
7.36644e-05;0;0;0;-1.86895e-06;
7.36744e-05;0;0;0;-1.86857e-06;
7.36844e-05;0;0;0;-1.8682e-06;
7.36944e-05;0;0;0;-1.86782e-06;
7.37044e-05;0;0;0;-1.86745e-06;
7.37144e-05;0;0;0;-1.86708e-06;
7.37244e-05;0;0;0;-1.8667e-06;
7.37344e-05;0;0;0;-1.86633e-06;
7.37444e-05;0;0;0;-1.86596e-06;
7.37544e-05;0;0;0;-1.86558e-06;
7.37644e-05;0;0;0;-1.86521e-06;
7.37744e-05;0;0;0;-1.86484e-06;
7.37844e-05;0;0;0;-1.86446e-06;
7.37944e-05;0;0;0;-1.86409e-06;
7.38044e-05;0;0;0;-1.86372e-06;
7.38144e-05;0;0;0;-1.86335e-06;
7.38244e-05;0;0;0;-1.86297e-06;
7.38344e-05;0;0;0;-1.8626e-06;
7.38444e-05;0;0;0;-1.86223e-06;
7.38544e-05;0;0;0;-1.86185e-06;
7.38644e-05;0;0;0;-1.86148e-06;
7.38744e-05;0;0;0;-1.86111e-06;
7.38844e-05;0;0;0;-1.86074e-06;
7.38944e-05;0;0;0;-1.86037e-06;
7.39044e-05;0;0;0;-1.85999e-06;
7.39144e-05;0;0;0;-1.85962e-06;
7.39244e-05;0;0;0;-1.85925e-06;
7.39344e-05;0;0;0;-1.85888e-06;
7.39444e-05;0;0;0;-1.8585e-06;
7.39544e-05;0;0;0;-1.85813e-06;
7.39644e-05;0;0;0;-1.85776e-06;
7.39744e-05;0;0;0;-1.85739e-06;
7.39844e-05;0;0;0;-1.85702e-06;
7.39944e-05;0;0;0;-1.85665e-06;
7.40044e-05;0;0;0;-1.85628e-06;
7.40144e-05;0;0;0;-1.8559e-06;
7.40244e-05;0;0;0;-1.85553e-06;
7.40344e-05;0;0;0;-1.85516e-06;
7.40444e-05;0;0;0;-1.85479e-06;
7.40544e-05;0;0;0;-1.85442e-06;
7.40644e-05;0;0;0;-1.85405e-06;
7.40744e-05;0;0;0;-1.85368e-06;
7.40844e-05;0;0;0;-1.85331e-06;
7.40944e-05;0;0;0;-1.85294e-06;
7.41044e-05;0;0;0;-1.85256e-06;
7.41144e-05;0;0;0;-1.85219e-06;
7.41244e-05;0;0;0;-1.85182e-06;
7.41344e-05;0;0;0;-1.85145e-06;
7.41444e-05;0;0;0;-1.85108e-06;
7.41544e-05;0;0;0;-1.85071e-06;
7.41644e-05;0;0;0;-1.85034e-06;
7.41744e-05;0;0;0;-1.84997e-06;
7.41844e-05;0;0;0;-1.8496e-06;
7.41944e-05;0;0;0;-1.84923e-06;
7.42044e-05;0;0;0;-1.84886e-06;
7.42144e-05;0;0;0;-1.84849e-06;
7.42244e-05;0;0;0;-1.84812e-06;
7.42344e-05;0;0;0;-1.84775e-06;
7.42444e-05;0;0;0;-1.84738e-06;
7.42544e-05;0;0;0;-1.84701e-06;
7.42644e-05;0;0;0;-1.84664e-06;
7.42744e-05;0;0;0;-1.84627e-06;
7.42844e-05;0;0;0;-1.84591e-06;
7.42944e-05;0;0;0;-1.84554e-06;
7.43044e-05;0;0;0;-1.84517e-06;
7.43144e-05;0;0;0;-1.8448e-06;
7.43244e-05;0;0;0;-1.84443e-06;
7.43344e-05;0;0;0;-1.84406e-06;
7.43444e-05;0;0;0;-1.84369e-06;
7.43544e-05;0;0;0;-1.84332e-06;
7.43644e-05;0;0;0;-1.84295e-06;
7.43744e-05;0;0;0;-1.84258e-06;
7.43844e-05;0;0;0;-1.84222e-06;
7.43944e-05;0;0;0;-1.84185e-06;
7.44044e-05;0;0;0;-1.84148e-06;
7.44144e-05;0;0;0;-1.84111e-06;
7.44244e-05;0;0;0;-1.84074e-06;
7.44344e-05;0;0;0;-1.84037e-06;
7.44444e-05;0;0;0;-1.84001e-06;
7.44544e-05;0;0;0;-1.83964e-06;
7.44644e-05;0;0;0;-1.83927e-06;
7.44744e-05;0;0;0;-1.8389e-06;
7.44844e-05;0;0;0;-1.83853e-06;
7.44944e-05;0;0;0;-1.83817e-06;
7.45044e-05;0;0;0;-1.8378e-06;
7.45144e-05;0;0;0;-1.83743e-06;
7.45244e-05;0;0;0;-1.83706e-06;
7.45344e-05;0;0;0;-1.83669e-06;
7.45444e-05;0;0;0;-1.83633e-06;
7.45544e-05;0;0;0;-1.83596e-06;
7.45644e-05;0;0;0;-1.83559e-06;
7.45744e-05;0;0;0;-1.83523e-06;
7.45844e-05;0;0;0;-1.83486e-06;
7.45944e-05;0;0;0;-1.83449e-06;
7.46044e-05;0;0;0;-1.83412e-06;
7.46144e-05;0;0;0;-1.83376e-06;
7.46244e-05;0;0;0;-1.83339e-06;
7.46344e-05;0;0;0;-1.83302e-06;
7.46444e-05;0;0;0;-1.83266e-06;
7.46544e-05;0;0;0;-1.83229e-06;
7.46644e-05;0;0;0;-1.83192e-06;
7.46744e-05;0;0;0;-1.83156e-06;
7.46844e-05;0;0;0;-1.83119e-06;
7.46944e-05;0;0;0;-1.83082e-06;
7.47044e-05;0;0;0;-1.83046e-06;
7.47144e-05;0;0;0;-1.83009e-06;
7.47244e-05;0;0;0;-1.82973e-06;
7.47344e-05;0;0;0;-1.82936e-06;
7.47444e-05;0;0;0;-1.82899e-06;
7.47544e-05;0;0;0;-1.82863e-06;
7.47644e-05;0;0;0;-1.82826e-06;
7.47744e-05;0;0;0;-1.8279e-06;
7.47844e-05;0;0;0;-1.82753e-06;
7.47944e-05;0;0;0;-1.82717e-06;
7.48044e-05;0;0;0;-1.8268e-06;
7.48144e-05;0;0;0;-1.82643e-06;
7.48244e-05;0;0;0;-1.82607e-06;
7.48344e-05;0;0;0;-1.8257e-06;
7.48444e-05;0;0;0;-1.82534e-06;
7.48544e-05;0;0;0;-1.82497e-06;
7.48644e-05;0;0;0;-1.82461e-06;
7.48744e-05;0;0;0;-1.82424e-06;
7.48844e-05;0;0;0;-1.82388e-06;
7.48944e-05;0;0;0;-1.82351e-06;
7.49044e-05;0;0;0;-1.82315e-06;
7.49144e-05;0;0;0;-1.82278e-06;
7.49244e-05;0;0;0;-1.82242e-06;
7.49344e-05;0;0;0;-1.82205e-06;
7.49444e-05;0;0;0;-1.82169e-06;
7.49544e-05;0;0;0;-1.82133e-06;
7.49644e-05;0;0;0;-1.82096e-06;
7.49744e-05;0;0;0;-1.8206e-06;
7.49844e-05;0;0;0;-1.82023e-06;
7.49944e-05;0;0;0;-1.81987e-06;
7.50044e-05;0;0;0;-1.8195e-06;
7.50144e-05;0;0;0;-1.81914e-06;
7.50244e-05;0;0;0;-1.81878e-06;
7.50344e-05;0;0;0;-1.81841e-06;
7.50444e-05;0;0;0;-1.81805e-06;
7.50544e-05;0;0;0;-1.81768e-06;
7.50644e-05;0;0;0;-1.81732e-06;
7.50744e-05;0;0;0;-1.81696e-06;
7.50844e-05;0;0;0;-1.81659e-06;
7.50944e-05;0;0;0;-1.81623e-06;
7.51044e-05;0;0;0;-1.81587e-06;
7.51144e-05;0;0;0;-1.8155e-06;
7.51244e-05;0;0;0;-1.81514e-06;
7.51344e-05;0;0;0;-1.81478e-06;
7.51444e-05;0;0;0;-1.81441e-06;
7.51544e-05;0;0;0;-1.81405e-06;
7.51644e-05;0;0;0;-1.81369e-06;
7.51744e-05;0;0;0;-1.81333e-06;
7.51844e-05;0;0;0;-1.81296e-06;
7.51944e-05;0;0;0;-1.8126e-06;
7.52044e-05;0;0;0;-1.81224e-06;
7.52144e-05;0;0;0;-1.81188e-06;
7.52244e-05;0;0;0;-1.81151e-06;
7.52344e-05;0;0;0;-1.81115e-06;
7.52444e-05;0;0;0;-1.81079e-06;
7.52544e-05;0;0;0;-1.81043e-06;
7.52644e-05;0;0;0;-1.81006e-06;
7.52744e-05;0;0;0;-1.8097e-06;
7.52844e-05;0;0;0;-1.80934e-06;
7.52944e-05;0;0;0;-1.80898e-06;
7.53044e-05;0;0;0;-1.80862e-06;
7.53144e-05;0;0;0;-1.80825e-06;
7.53244e-05;0;0;0;-1.80789e-06;
7.53344e-05;0;0;0;-1.80753e-06;
7.53444e-05;0;0;0;-1.80717e-06;
7.53544e-05;0;0;0;-1.80681e-06;
7.53644e-05;0;0;0;-1.80645e-06;
7.53744e-05;0;0;0;-1.80608e-06;
7.53844e-05;0;0;0;-1.80572e-06;
7.53944e-05;0;0;0;-1.80536e-06;
7.54044e-05;0;0;0;-1.805e-06;
7.54144e-05;0;0;0;-1.80464e-06;
7.54244e-05;0;0;0;-1.80428e-06;
7.54344e-05;0;0;0;-1.80392e-06;
7.54444e-05;0;0;0;-1.80356e-06;
7.54544e-05;0;0;0;-1.8032e-06;
7.54644e-05;0;0;0;-1.80283e-06;
7.54744e-05;0;0;0;-1.80247e-06;
7.54844e-05;0;0;0;-1.80211e-06;
7.54944e-05;0;0;0;-1.80175e-06;
7.55044e-05;0;0;0;-1.80139e-06;
7.55144e-05;0;0;0;-1.80103e-06;
7.55244e-05;0;0;0;-1.80067e-06;
7.55344e-05;0;0;0;-1.80031e-06;
7.55444e-05;0;0;0;-1.79995e-06;
7.55544e-05;0;0;0;-1.79959e-06;
7.55644e-05;0;0;0;-1.79923e-06;
7.55744e-05;0;0;0;-1.79887e-06;
7.55844e-05;0;0;0;-1.79851e-06;
7.55944e-05;0;0;0;-1.79815e-06;
7.56044e-05;0;0;0;-1.79779e-06;
7.56144e-05;0;0;0;-1.79743e-06;
7.56244e-05;0;0;0;-1.79707e-06;
7.56344e-05;0;0;0;-1.79671e-06;
7.56444e-05;0;0;0;-1.79635e-06;
7.56544e-05;0;0;0;-1.79599e-06;
7.56644e-05;0;0;0;-1.79564e-06;
7.56744e-05;0;0;0;-1.79528e-06;
7.56844e-05;0;0;0;-1.79492e-06;
7.56944e-05;0;0;0;-1.79456e-06;
7.57044e-05;0;0;0;-1.7942e-06;
7.57144e-05;0;0;0;-1.79384e-06;
7.57244e-05;0;0;0;-1.79348e-06;
7.57344e-05;0;0;0;-1.79312e-06;
7.57444e-05;0;0;0;-1.79276e-06;
7.57544e-05;0;0;0;-1.7924e-06;
7.57644e-05;0;0;0;-1.79205e-06;
7.57744e-05;0;0;0;-1.79169e-06;
7.57844e-05;0;0;0;-1.79133e-06;
7.57944e-05;0;0;0;-1.79097e-06;
7.58044e-05;0;0;0;-1.79061e-06;
7.58144e-05;0;0;0;-1.79025e-06;
7.58244e-05;0;0;0;-1.7899e-06;
7.58344e-05;0;0;0;-1.78954e-06;
7.58444e-05;0;0;0;-1.78918e-06;
7.58544e-05;0;0;0;-1.78882e-06;
7.58644e-05;0;0;0;-1.78846e-06;
7.58744e-05;0;0;0;-1.78811e-06;
7.58844e-05;0;0;0;-1.78775e-06;
7.58944e-05;0;0;0;-1.78739e-06;
7.59044e-05;0;0;0;-1.78703e-06;
7.59144e-05;0;0;0;-1.78668e-06;
7.59244e-05;0;0;0;-1.78632e-06;
7.59344e-05;0;0;0;-1.78596e-06;
7.59444e-05;0;0;0;-1.7856e-06;
7.59544e-05;0;0;0;-1.78525e-06;
7.59644e-05;0;0;0;-1.78489e-06;
7.59744e-05;0;0;0;-1.78453e-06;
7.59844e-05;0;0;0;-1.78418e-06;
7.59944e-05;0;0;0;-1.78382e-06;
7.60044e-05;0;0;0;-1.78346e-06;
7.60144e-05;0;0;0;-1.7831e-06;
7.60244e-05;0;0;0;-1.78275e-06;
7.60344e-05;0;0;0;-1.78239e-06;
7.60444e-05;0;0;0;-1.78203e-06;
7.60544e-05;0;0;0;-1.78168e-06;
7.60644e-05;0;0;0;-1.78132e-06;
7.60744e-05;0;0;0;-1.78097e-06;
7.60844e-05;0;0;0;-1.78061e-06;
7.60944e-05;0;0;0;-1.78025e-06;
7.61044e-05;0;0;0;-1.7799e-06;
7.61144e-05;0;0;0;-1.77954e-06;
7.61244e-05;0;0;0;-1.77918e-06;
7.61344e-05;0;0;0;-1.77883e-06;
7.61444e-05;0;0;0;-1.77847e-06;
7.61544e-05;0;0;0;-1.77812e-06;
7.61644e-05;0;0;0;-1.77776e-06;
7.61744e-05;0;0;0;-1.77741e-06;
7.61844e-05;0;0;0;-1.77705e-06;
7.61944e-05;0;0;0;-1.77669e-06;
7.62044e-05;0;0;0;-1.77634e-06;
7.62144e-05;0;0;0;-1.77598e-06;
7.62244e-05;0;0;0;-1.77563e-06;
7.62344e-05;0;0;0;-1.77527e-06;
7.62444e-05;0;0;0;-1.77492e-06;
7.62544e-05;0;0;0;-1.77456e-06;
7.62644e-05;0;0;0;-1.77421e-06;
7.62744e-05;0;0;0;-1.77385e-06;
7.62844e-05;0;0;0;-1.7735e-06;
7.62944e-05;0;0;0;-1.77314e-06;
7.63044e-05;0;0;0;-1.77279e-06;
7.63144e-05;0;0;0;-1.77243e-06;
7.63244e-05;0;0;0;-1.77208e-06;
7.63344e-05;0;0;0;-1.77172e-06;
7.63444e-05;0;0;0;-1.77137e-06;
7.63544e-05;0;0;0;-1.77102e-06;
7.63644e-05;0;0;0;-1.77066e-06;
7.63744e-05;0;0;0;-1.77031e-06;
7.63844e-05;0;0;0;-1.76995e-06;
7.63944e-05;0;0;0;-1.7696e-06;
7.64044e-05;0;0;0;-1.76924e-06;
7.64144e-05;0;0;0;-1.76889e-06;
7.64244e-05;0;0;0;-1.76854e-06;
7.64344e-05;0;0;0;-1.76818e-06;
7.64444e-05;0;0;0;-1.76783e-06;
7.64544e-05;0;0;0;-1.76748e-06;
7.64644e-05;0;0;0;-1.76712e-06;
7.64744e-05;0;0;0;-1.76677e-06;
7.64844e-05;0;0;0;-1.76642e-06;
7.64944e-05;0;0;0;-1.76606e-06;
7.65044e-05;0;0;0;-1.76571e-06;
7.65144e-05;0;0;0;-1.76536e-06;
7.65244e-05;0;0;0;-1.765e-06;
7.65344e-05;0;0;0;-1.76465e-06;
7.65444e-05;0;0;0;-1.7643e-06;
7.65544e-05;0;0;0;-1.76394e-06;
7.65644e-05;0;0;0;-1.76359e-06;
7.65744e-05;0;0;0;-1.76324e-06;
7.65844e-05;0;0;0;-1.76288e-06;
7.65944e-05;0;0;0;-1.76253e-06;
7.66044e-05;0;0;0;-1.76218e-06;
7.66144e-05;0;0;0;-1.76183e-06;
7.66244e-05;0;0;0;-1.76147e-06;
7.66344e-05;0;0;0;-1.76112e-06;
7.66444e-05;0;0;0;-1.76077e-06;
7.66544e-05;0;0;0;-1.76042e-06;
7.66644e-05;0;0;0;-1.76007e-06;
7.66744e-05;0;0;0;-1.75971e-06;
7.66844e-05;0;0;0;-1.75936e-06;
7.66944e-05;0;0;0;-1.75901e-06;
7.67044e-05;0;0;0;-1.75866e-06;
7.67144e-05;0;0;0;-1.75831e-06;
7.67244e-05;0;0;0;-1.75795e-06;
7.67344e-05;0;0;0;-1.7576e-06;
7.67444e-05;0;0;0;-1.75725e-06;
7.67544e-05;0;0;0;-1.7569e-06;
7.67644e-05;0;0;0;-1.75655e-06;
7.67744e-05;0;0;0;-1.7562e-06;
7.67844e-05;0;0;0;-1.75584e-06;
7.67944e-05;0;0;0;-1.75549e-06;
7.68044e-05;0;0;0;-1.75514e-06;
7.68144e-05;0;0;0;-1.75479e-06;
7.68244e-05;0;0;0;-1.75444e-06;
7.68344e-05;0;0;0;-1.75409e-06;
7.68444e-05;0;0;0;-1.75374e-06;
7.68544e-05;0;0;0;-1.75339e-06;
7.68644e-05;0;0;0;-1.75304e-06;
7.68744e-05;0;0;0;-1.75269e-06;
7.68844e-05;0;0;0;-1.75233e-06;
7.68944e-05;0;0;0;-1.75198e-06;
7.69044e-05;0;0;0;-1.75163e-06;
7.69144e-05;0;0;0;-1.75128e-06;
7.69244e-05;0;0;0;-1.75093e-06;
7.69344e-05;0;0;0;-1.75058e-06;
7.69444e-05;0;0;0;-1.75023e-06;
7.69544e-05;0;0;0;-1.74988e-06;
7.69644e-05;0;0;0;-1.74953e-06;
7.69744e-05;0;0;0;-1.74918e-06;
7.69844e-05;0;0;0;-1.74883e-06;
7.69944e-05;0;0;0;-1.74848e-06;
7.70044e-05;0;0;0;-1.74813e-06;
7.70144e-05;0;0;0;-1.74778e-06;
7.70244e-05;0;0;0;-1.74743e-06;
7.70344e-05;0;0;0;-1.74708e-06;
7.70444e-05;0;0;0;-1.74673e-06;
7.70544e-05;0;0;0;-1.74638e-06;
7.70644e-05;0;0;0;-1.74604e-06;
7.70744e-05;0;0;0;-1.74569e-06;
7.70844e-05;0;0;0;-1.74534e-06;
7.70944e-05;0;0;0;-1.74499e-06;
7.71044e-05;0;0;0;-1.74464e-06;
7.71144e-05;0;0;0;-1.74429e-06;
7.71244e-05;0;0;0;-1.74394e-06;
7.71344e-05;0;0;0;-1.74359e-06;
7.71444e-05;0;0;0;-1.74324e-06;
7.71544e-05;0;0;0;-1.74289e-06;
7.71644e-05;0;0;0;-1.74255e-06;
7.71744e-05;0;0;0;-1.7422e-06;
7.71844e-05;0;0;0;-1.74185e-06;
7.71944e-05;0;0;0;-1.7415e-06;
7.72044e-05;0;0;0;-1.74115e-06;
7.72144e-05;0;0;0;-1.7408e-06;
7.72244e-05;0;0;0;-1.74045e-06;
7.72344e-05;0;0;0;-1.74011e-06;
7.72444e-05;0;0;0;-1.73976e-06;
7.72544e-05;0;0;0;-1.73941e-06;
7.72644e-05;0;0;0;-1.73906e-06;
7.72744e-05;0;0;0;-1.73871e-06;
7.72844e-05;0;0;0;-1.73837e-06;
7.72944e-05;0;0;0;-1.73802e-06;
7.73044e-05;0;0;0;-1.73767e-06;
7.73144e-05;0;0;0;-1.73732e-06;
7.73244e-05;0;0;0;-1.73698e-06;
7.73344e-05;0;0;0;-1.73663e-06;
7.73444e-05;0;0;0;-1.73628e-06;
7.73544e-05;0;0;0;-1.73593e-06;
7.73644e-05;0;0;0;-1.73559e-06;
7.73744e-05;0;0;0;-1.73524e-06;
7.73844e-05;0;0;0;-1.73489e-06;
7.73944e-05;0;0;0;-1.73454e-06;
7.74044e-05;0;0;0;-1.7342e-06;
7.74144e-05;0;0;0;-1.73385e-06;
7.74244e-05;0;0;0;-1.7335e-06;
7.74344e-05;0;0;0;-1.73316e-06;
7.74444e-05;0;0;0;-1.73281e-06;
7.74544e-05;0;0;0;-1.73246e-06;
7.74644e-05;0;0;0;-1.73212e-06;
7.74744e-05;0;0;0;-1.73177e-06;
7.74844e-05;0;0;0;-1.73142e-06;
7.74944e-05;0;0;0;-1.73108e-06;
7.75044e-05;0;0;0;-1.73073e-06;
7.75144e-05;0;0;0;-1.73039e-06;
7.75244e-05;0;0;0;-1.73004e-06;
7.75344e-05;0;0;0;-1.72969e-06;
7.75444e-05;0;0;0;-1.72935e-06;
7.75544e-05;0;0;0;-1.729e-06;
7.75644e-05;0;0;0;-1.72866e-06;
7.75744e-05;0;0;0;-1.72831e-06;
7.75844e-05;0;0;0;-1.72796e-06;
7.75944e-05;0;0;0;-1.72762e-06;
7.76044e-05;0;0;0;-1.72727e-06;
7.76144e-05;0;0;0;-1.72693e-06;
7.76244e-05;0;0;0;-1.72658e-06;
7.76344e-05;0;0;0;-1.72624e-06;
7.76444e-05;0;0;0;-1.72589e-06;
7.76544e-05;0;0;0;-1.72554e-06;
7.76644e-05;0;0;0;-1.7252e-06;
7.76744e-05;0;0;0;-1.72485e-06;
7.76844e-05;0;0;0;-1.72451e-06;
7.76944e-05;0;0;0;-1.72416e-06;
7.77044e-05;0;0;0;-1.72382e-06;
7.77144e-05;0;0;0;-1.72347e-06;
7.77244e-05;0;0;0;-1.72313e-06;
7.77344e-05;0;0;0;-1.72279e-06;
7.77444e-05;0;0;0;-1.72244e-06;
7.77544e-05;0;0;0;-1.7221e-06;
7.77644e-05;0;0;0;-1.72175e-06;
7.77744e-05;0;0;0;-1.72141e-06;
7.77844e-05;0;0;0;-1.72106e-06;
7.77944e-05;0;0;0;-1.72072e-06;
7.78044e-05;0;0;0;-1.72037e-06;
7.78144e-05;0;0;0;-1.72003e-06;
7.78244e-05;0;0;0;-1.71969e-06;
7.78344e-05;0;0;0;-1.71934e-06;
7.78444e-05;0;0;0;-1.719e-06;
7.78544e-05;0;0;0;-1.71865e-06;
7.78644e-05;0;0;0;-1.71831e-06;
7.78744e-05;0;0;0;-1.71797e-06;
7.78844e-05;0;0;0;-1.71762e-06;
7.78944e-05;0;0;0;-1.71728e-06;
7.79044e-05;0;0;0;-1.71694e-06;
7.79144e-05;0;0;0;-1.71659e-06;
7.79244e-05;0;0;0;-1.71625e-06;
7.79344e-05;0;0;0;-1.71591e-06;
7.79444e-05;0;0;0;-1.71556e-06;
7.79544e-05;0;0;0;-1.71522e-06;
7.79644e-05;0;0;0;-1.71488e-06;
7.79744e-05;0;0;0;-1.71453e-06;
7.79844e-05;0;0;0;-1.71419e-06;
7.79944e-05;0;0;0;-1.71385e-06;
7.80044e-05;0;0;0;-1.7135e-06;
7.80144e-05;0;0;0;-1.71316e-06;
7.80244e-05;0;0;0;-1.71282e-06;
7.80344e-05;0;0;0;-1.71248e-06;
7.80444e-05;0;0;0;-1.71213e-06;
7.80544e-05;0;0;0;-1.71179e-06;
7.80644e-05;0;0;0;-1.71145e-06;
7.80744e-05;0;0;0;-1.71111e-06;
7.80844e-05;0;0;0;-1.71076e-06;
7.80944e-05;0;0;0;-1.71042e-06;
7.81044e-05;0;0;0;-1.71008e-06;
7.81144e-05;0;0;0;-1.70974e-06;
7.81244e-05;0;0;0;-1.70939e-06;
7.81344e-05;0;0;0;-1.70905e-06;
7.81444e-05;0;0;0;-1.70871e-06;
7.81544e-05;0;0;0;-1.70837e-06;
7.81644e-05;0;0;0;-1.70803e-06;
7.81744e-05;0;0;0;-1.70769e-06;
7.81844e-05;0;0;0;-1.70734e-06;
7.81944e-05;0;0;0;-1.707e-06;
7.82044e-05;0;0;0;-1.70666e-06;
7.82144e-05;0;0;0;-1.70632e-06;
7.82244e-05;0;0;0;-1.70598e-06;
7.82344e-05;0;0;0;-1.70564e-06;
7.82444e-05;0;0;0;-1.7053e-06;
7.82544e-05;0;0;0;-1.70495e-06;
7.82644e-05;0;0;0;-1.70461e-06;
7.82744e-05;0;0;0;-1.70427e-06;
7.82844e-05;0;0;0;-1.70393e-06;
7.82944e-05;0;0;0;-1.70359e-06;
7.83044e-05;0;0;0;-1.70325e-06;
7.83144e-05;0;0;0;-1.70291e-06;
7.83244e-05;0;0;0;-1.70257e-06;
7.83344e-05;0;0;0;-1.70223e-06;
7.83444e-05;0;0;0;-1.70189e-06;
7.83544e-05;0;0;0;-1.70155e-06;
7.83644e-05;0;0;0;-1.70121e-06;
7.83744e-05;0;0;0;-1.70087e-06;
7.83844e-05;0;0;0;-1.70053e-06;
7.83944e-05;0;0;0;-1.70018e-06;
7.84044e-05;0;0;0;-1.69984e-06;
7.84144e-05;0;0;0;-1.6995e-06;
7.84244e-05;0;0;0;-1.69916e-06;
7.84344e-05;0;0;0;-1.69882e-06;
7.84444e-05;0;0;0;-1.69848e-06;
7.84544e-05;0;0;0;-1.69815e-06;
7.84644e-05;0;0;0;-1.69781e-06;
7.84744e-05;0;0;0;-1.69747e-06;
7.84844e-05;0;0;0;-1.69713e-06;
7.84944e-05;0;0;0;-1.69679e-06;
7.85044e-05;0;0;0;-1.69645e-06;
7.85144e-05;0;0;0;-1.69611e-06;
7.85244e-05;0;0;0;-1.69577e-06;
7.85344e-05;0;0;0;-1.69543e-06;
7.85444e-05;0;0;0;-1.69509e-06;
7.85544e-05;0;0;0;-1.69475e-06;
7.85644e-05;0;0;0;-1.69441e-06;
7.85744e-05;0;0;0;-1.69407e-06;
7.85844e-05;0;0;0;-1.69373e-06;
7.85944e-05;0;0;0;-1.6934e-06;
7.86044e-05;0;0;0;-1.69306e-06;
7.86144e-05;0;0;0;-1.69272e-06;
7.86244e-05;0;0;0;-1.69238e-06;
7.86344e-05;0;0;0;-1.69204e-06;
7.86444e-05;0;0;0;-1.6917e-06;
7.86544e-05;0;0;0;-1.69136e-06;
7.86644e-05;0;0;0;-1.69103e-06;
7.86744e-05;0;0;0;-1.69069e-06;
7.86844e-05;0;0;0;-1.69035e-06;
7.86944e-05;0;0;0;-1.69001e-06;
7.87044e-05;0;0;0;-1.68967e-06;
7.87144e-05;0;0;0;-1.68933e-06;
7.87244e-05;0;0;0;-1.689e-06;
7.87344e-05;0;0;0;-1.68866e-06;
7.87444e-05;0;0;0;-1.68832e-06;
7.87544e-05;0;0;0;-1.68798e-06;
7.87644e-05;0;0;0;-1.68765e-06;
7.87744e-05;0;0;0;-1.68731e-06;
7.87844e-05;0;0;0;-1.68697e-06;
7.87944e-05;0;0;0;-1.68663e-06;
7.88044e-05;0;0;0;-1.68629e-06;
7.88144e-05;0;0;0;-1.68596e-06;
7.88244e-05;0;0;0;-1.68562e-06;
7.88344e-05;0;0;0;-1.68528e-06;
7.88444e-05;0;0;0;-1.68495e-06;
7.88544e-05;0;0;0;-1.68461e-06;
7.88644e-05;0;0;0;-1.68427e-06;
7.88744e-05;0;0;0;-1.68393e-06;
7.88844e-05;0;0;0;-1.6836e-06;
7.88944e-05;0;0;0;-1.68326e-06;
7.89044e-05;0;0;0;-1.68292e-06;
7.89144e-05;0;0;0;-1.68259e-06;
7.89244e-05;0;0;0;-1.68225e-06;
7.89344e-05;0;0;0;-1.68191e-06;
7.89444e-05;0;0;0;-1.68158e-06;
7.89544e-05;0;0;0;-1.68124e-06;
7.89644e-05;0;0;0;-1.68091e-06;
7.89744e-05;0;0;0;-1.68057e-06;
7.89844e-05;0;0;0;-1.68023e-06;
7.89944e-05;0;0;0;-1.6799e-06;
7.90044e-05;0;0;0;-1.67956e-06;
7.90144e-05;0;0;0;-1.67922e-06;
7.90244e-05;0;0;0;-1.67889e-06;
7.90344e-05;0;0;0;-1.67855e-06;
7.90444e-05;0;0;0;-1.67822e-06;
7.90544e-05;0;0;0;-1.67788e-06;
7.90644e-05;0;0;0;-1.67755e-06;
7.90744e-05;0;0;0;-1.67721e-06;
7.90844e-05;0;0;0;-1.67687e-06;
7.90944e-05;0;0;0;-1.67654e-06;
7.91044e-05;0;0;0;-1.6762e-06;
7.91144e-05;0;0;0;-1.67587e-06;
7.91244e-05;0;0;0;-1.67553e-06;
7.91344e-05;0;0;0;-1.6752e-06;
7.91444e-05;0;0;0;-1.67486e-06;
7.91544e-05;0;0;0;-1.67453e-06;
7.91644e-05;0;0;0;-1.67419e-06;
7.91744e-05;0;0;0;-1.67386e-06;
7.91844e-05;0;0;0;-1.67352e-06;
7.91944e-05;0;0;0;-1.67319e-06;
7.92044e-05;0;0;0;-1.67285e-06;
7.92144e-05;0;0;0;-1.67252e-06;
7.92244e-05;0;0;0;-1.67218e-06;
7.92344e-05;0;0;0;-1.67185e-06;
7.92444e-05;0;0;0;-1.67151e-06;
7.92544e-05;0;0;0;-1.67118e-06;
7.92644e-05;0;0;0;-1.67085e-06;
7.92744e-05;0;0;0;-1.67051e-06;
7.92844e-05;0;0;0;-1.67018e-06;
7.92944e-05;0;0;0;-1.66984e-06;
7.93044e-05;0;0;0;-1.66951e-06;
7.93144e-05;0;0;0;-1.66918e-06;
7.93244e-05;0;0;0;-1.66884e-06;
7.93344e-05;0;0;0;-1.66851e-06;
7.93444e-05;0;0;0;-1.66817e-06;
7.93544e-05;0;0;0;-1.66784e-06;
7.93644e-05;0;0;0;-1.66751e-06;
7.93744e-05;0;0;0;-1.66717e-06;
7.93844e-05;0;0;0;-1.66684e-06;
7.93944e-05;0;0;0;-1.66651e-06;
7.94044e-05;0;0;0;-1.66617e-06;
7.94144e-05;0;0;0;-1.66584e-06;
7.94244e-05;0;0;0;-1.66551e-06;
7.94344e-05;0;0;0;-1.66517e-06;
7.94444e-05;0;0;0;-1.66484e-06;
7.94544e-05;0;0;0;-1.66451e-06;
7.94644e-05;0;0;0;-1.66417e-06;
7.94744e-05;0;0;0;-1.66384e-06;
7.94844e-05;0;0;0;-1.66351e-06;
7.94944e-05;0;0;0;-1.66317e-06;
7.95044e-05;0;0;0;-1.66284e-06;
7.95144e-05;0;0;0;-1.66251e-06;
7.95244e-05;0;0;0;-1.66218e-06;
7.95344e-05;0;0;0;-1.66184e-06;
7.95444e-05;0;0;0;-1.66151e-06;
7.95544e-05;0;0;0;-1.66118e-06;
7.95644e-05;0;0;0;-1.66085e-06;
7.95744e-05;0;0;0;-1.66051e-06;
7.95844e-05;0;0;0;-1.66018e-06;
7.95944e-05;0;0;0;-1.65985e-06;
7.96044e-05;0;0;0;-1.65952e-06;
7.96144e-05;0;0;0;-1.65919e-06;
7.96244e-05;0;0;0;-1.65885e-06;
7.96344e-05;0;0;0;-1.65852e-06;
7.96444e-05;0;0;0;-1.65819e-06;
7.96544e-05;0;0;0;-1.65786e-06;
7.96644e-05;0;0;0;-1.65753e-06;
7.96744e-05;0;0;0;-1.6572e-06;
7.96844e-05;0;0;0;-1.65686e-06;
7.96944e-05;0;0;0;-1.65653e-06;
7.97044e-05;0;0;0;-1.6562e-06;
7.97144e-05;0;0;0;-1.65587e-06;
7.97244e-05;0;0;0;-1.65554e-06;
7.97344e-05;0;0;0;-1.65521e-06;
7.97444e-05;0;0;0;-1.65488e-06;
7.97544e-05;0;0;0;-1.65455e-06;
7.97644e-05;0;0;0;-1.65421e-06;
7.97744e-05;0;0;0;-1.65388e-06;
7.97844e-05;0;0;0;-1.65355e-06;
7.97944e-05;0;0;0;-1.65322e-06;
7.98044e-05;0;0;0;-1.65289e-06;
7.98144e-05;0;0;0;-1.65256e-06;
7.98244e-05;0;0;0;-1.65223e-06;
7.98344e-05;0;0;0;-1.6519e-06;
7.98444e-05;0;0;0;-1.65157e-06;
7.98544e-05;0;0;0;-1.65124e-06;
7.98644e-05;0;0;0;-1.65091e-06;
7.98744e-05;0;0;0;-1.65058e-06;
7.98844e-05;0;0;0;-1.65025e-06;
7.98944e-05;0;0;0;-1.64992e-06;
7.99044e-05;0;0;0;-1.64959e-06;
7.99144e-05;0;0;0;-1.64926e-06;
7.99244e-05;0;0;0;-1.64893e-06;
7.99344e-05;0;0;0;-1.6486e-06;
7.99444e-05;0;0;0;-1.64827e-06;
7.99544e-05;0;0;0;-1.64794e-06;
7.99644e-05;0;0;0;-1.64761e-06;
7.99744e-05;0;0;0;-1.64728e-06;
7.99844e-05;0;0;0;-1.64695e-06;
7.99944e-05;0;0;0;-1.64662e-06;
8.00044e-05;0;0;0;-1.64629e-06;
8.00144e-05;0;0;0;-1.64596e-06;
8.00244e-05;0;0;0;-1.64563e-06;
8.00344e-05;0;0;0;-1.6453e-06;
8.00444e-05;0;0;0;-1.64497e-06;
8.00544e-05;0;0;0;-1.64464e-06;
8.00644e-05;0;0;0;-1.64431e-06;
8.00744e-05;0;0;0;-1.64399e-06;
8.00844e-05;0;0;0;-1.64366e-06;
8.00944e-05;0;0;0;-1.64333e-06;
8.01044e-05;0;0;0;-1.643e-06;
8.01144e-05;0;0;0;-1.64267e-06;
8.01244e-05;0;0;0;-1.64234e-06;
8.01344e-05;0;0;0;-1.64201e-06;
8.01444e-05;0;0;0;-1.64169e-06;
8.01544e-05;0;0;0;-1.64136e-06;
8.01644e-05;0;0;0;-1.64103e-06;
8.01744e-05;0;0;0;-1.6407e-06;
8.01844e-05;0;0;0;-1.64037e-06;
8.01944e-05;0;0;0;-1.64004e-06;
8.02044e-05;0;0;0;-1.63972e-06;
8.02144e-05;0;0;0;-1.63939e-06;
8.02244e-05;0;0;0;-1.63906e-06;
8.02344e-05;0;0;0;-1.63873e-06;
8.02444e-05;0;0;0;-1.6384e-06;
8.02544e-05;0;0;0;-1.63808e-06;
8.02644e-05;0;0;0;-1.63775e-06;
8.02744e-05;0;0;0;-1.63742e-06;
8.02844e-05;0;0;0;-1.63709e-06;
8.02944e-05;0;0;0;-1.63677e-06;
8.03044e-05;0;0;0;-1.63644e-06;
8.03144e-05;0;0;0;-1.63611e-06;
8.03244e-05;0;0;0;-1.63578e-06;
8.03344e-05;0;0;0;-1.63546e-06;
8.03444e-05;0;0;0;-1.63513e-06;
8.03544e-05;0;0;0;-1.6348e-06;
8.03644e-05;0;0;0;-1.63447e-06;
8.03744e-05;0;0;0;-1.63415e-06;
8.03844e-05;0;0;0;-1.63382e-06;
8.03944e-05;0;0;0;-1.63349e-06;
8.04044e-05;0;0;0;-1.63317e-06;
8.04144e-05;0;0;0;-1.63284e-06;
8.04244e-05;0;0;0;-1.63251e-06;
8.04344e-05;0;0;0;-1.63219e-06;
8.04444e-05;0;0;0;-1.63186e-06;
8.04544e-05;0;0;0;-1.63153e-06;
8.04644e-05;0;0;0;-1.63121e-06;
8.04744e-05;0;0;0;-1.63088e-06;
8.04844e-05;0;0;0;-1.63056e-06;
8.04944e-05;0;0;0;-1.63023e-06;
8.05044e-05;0;0;0;-1.6299e-06;
8.05144e-05;0;0;0;-1.62958e-06;
8.05244e-05;0;0;0;-1.62925e-06;
8.05344e-05;0;0;0;-1.62892e-06;
8.05444e-05;0;0;0;-1.6286e-06;
8.05544e-05;0;0;0;-1.62827e-06;
8.05644e-05;0;0;0;-1.62795e-06;
8.05744e-05;0;0;0;-1.62762e-06;
8.05844e-05;0;0;0;-1.6273e-06;
8.05944e-05;0;0;0;-1.62697e-06;
8.06044e-05;0;0;0;-1.62664e-06;
8.06144e-05;0;0;0;-1.62632e-06;
8.06244e-05;0;0;0;-1.62599e-06;
8.06344e-05;0;0;0;-1.62567e-06;
8.06444e-05;0;0;0;-1.62534e-06;
8.06544e-05;0;0;0;-1.62502e-06;
8.06644e-05;0;0;0;-1.62469e-06;
8.06744e-05;0;0;0;-1.62437e-06;
8.06844e-05;0;0;0;-1.62404e-06;
8.06944e-05;0;0;0;-1.62372e-06;
8.07044e-05;0;0;0;-1.62339e-06;
8.07144e-05;0;0;0;-1.62307e-06;
8.07244e-05;0;0;0;-1.62274e-06;
8.07344e-05;0;0;0;-1.62242e-06;
8.07444e-05;0;0;0;-1.62209e-06;
8.07544e-05;0;0;0;-1.62177e-06;
8.07644e-05;0;0;0;-1.62145e-06;
8.07744e-05;0;0;0;-1.62112e-06;
8.07844e-05;0;0;0;-1.6208e-06;
8.07944e-05;0;0;0;-1.62047e-06;
8.08044e-05;0;0;0;-1.62015e-06;
8.08144e-05;0;0;0;-1.61982e-06;
8.08244e-05;0;0;0;-1.6195e-06;
8.08344e-05;0;0;0;-1.61918e-06;
8.08444e-05;0;0;0;-1.61885e-06;
8.08544e-05;0;0;0;-1.61853e-06;
8.08644e-05;0;0;0;-1.6182e-06;
8.08744e-05;0;0;0;-1.61788e-06;
8.08844e-05;0;0;0;-1.61756e-06;
8.08944e-05;0;0;0;-1.61723e-06;
8.09044e-05;0;0;0;-1.61691e-06;
8.09144e-05;0;0;0;-1.61659e-06;
8.09244e-05;0;0;0;-1.61626e-06;
8.09344e-05;0;0;0;-1.61594e-06;
8.09444e-05;0;0;0;-1.61562e-06;
8.09544e-05;0;0;0;-1.61529e-06;
8.09644e-05;0;0;0;-1.61497e-06;
8.09744e-05;0;0;0;-1.61465e-06;
8.09844e-05;0;0;0;-1.61432e-06;
8.09944e-05;0;0;0;-1.614e-06;
8.10044e-05;0;0;0;-1.61368e-06;
8.10144e-05;0;0;0;-1.61336e-06;
8.10244e-05;0;0;0;-1.61303e-06;
8.10344e-05;0;0;0;-1.61271e-06;
8.10444e-05;0;0;0;-1.61239e-06;
8.10544e-05;0;0;0;-1.61206e-06;
8.10644e-05;0;0;0;-1.61174e-06;
8.10744e-05;0;0;0;-1.61142e-06;
8.10844e-05;0;0;0;-1.6111e-06;
8.10944e-05;0;0;0;-1.61078e-06;
8.11044e-05;0;0;0;-1.61045e-06;
8.11144e-05;0;0;0;-1.61013e-06;
8.11244e-05;0;0;0;-1.60981e-06;
8.11344e-05;0;0;0;-1.60949e-06;
8.11444e-05;0;0;0;-1.60916e-06;
8.11544e-05;0;0;0;-1.60884e-06;
8.11644e-05;0;0;0;-1.60852e-06;
8.11744e-05;0;0;0;-1.6082e-06;
8.11844e-05;0;0;0;-1.60788e-06;
8.11944e-05;0;0;0;-1.60756e-06;
8.12044e-05;0;0;0;-1.60723e-06;
8.12144e-05;0;0;0;-1.60691e-06;
8.12244e-05;0;0;0;-1.60659e-06;
8.12344e-05;0;0;0;-1.60627e-06;
8.12444e-05;0;0;0;-1.60595e-06;
8.12544e-05;0;0;0;-1.60563e-06;
8.12644e-05;0;0;0;-1.60531e-06;
8.12744e-05;0;0;0;-1.60498e-06;
8.12844e-05;0;0;0;-1.60466e-06;
8.12944e-05;0;0;0;-1.60434e-06;
8.13044e-05;0;0;0;-1.60402e-06;
8.13144e-05;0;0;0;-1.6037e-06;
8.13244e-05;0;0;0;-1.60338e-06;
8.13344e-05;0;0;0;-1.60306e-06;
8.13444e-05;0;0;0;-1.60274e-06;
8.13544e-05;0;0;0;-1.60242e-06;
8.13644e-05;0;0;0;-1.6021e-06;
8.13744e-05;0;0;0;-1.60178e-06;
8.13844e-05;0;0;0;-1.60146e-06;
8.13944e-05;0;0;0;-1.60114e-06;
8.14044e-05;0;0;0;-1.60082e-06;
8.14144e-05;0;0;0;-1.6005e-06;
8.14244e-05;0;0;0;-1.60018e-06;
8.14344e-05;0;0;0;-1.59985e-06;
8.14444e-05;0;0;0;-1.59953e-06;
8.14544e-05;0;0;0;-1.59921e-06;
8.14644e-05;0;0;0;-1.59889e-06;
8.14744e-05;0;0;0;-1.59858e-06;
8.14844e-05;0;0;0;-1.59826e-06;
8.14944e-05;0;0;0;-1.59794e-06;
8.15044e-05;0;0;0;-1.59762e-06;
8.15144e-05;0;0;0;-1.5973e-06;
8.15244e-05;0;0;0;-1.59698e-06;
8.15344e-05;0;0;0;-1.59666e-06;
8.15444e-05;0;0;0;-1.59634e-06;
8.15544e-05;0;0;0;-1.59602e-06;
8.15644e-05;0;0;0;-1.5957e-06;
8.15744e-05;0;0;0;-1.59538e-06;
8.15844e-05;0;0;0;-1.59506e-06;
8.15944e-05;0;0;0;-1.59474e-06;
8.16044e-05;0;0;0;-1.59442e-06;
8.16144e-05;0;0;0;-1.5941e-06;
8.16244e-05;0;0;0;-1.59378e-06;
8.16344e-05;0;0;0;-1.59347e-06;
8.16444e-05;0;0;0;-1.59315e-06;
8.16544e-05;0;0;0;-1.59283e-06;
8.16644e-05;0;0;0;-1.59251e-06;
8.16744e-05;0;0;0;-1.59219e-06;
8.16844e-05;0;0;0;-1.59187e-06;
8.16944e-05;0;0;0;-1.59155e-06;
8.17044e-05;0;0;0;-1.59124e-06;
8.17144e-05;0;0;0;-1.59092e-06;
8.17244e-05;0;0;0;-1.5906e-06;
8.17344e-05;0;0;0;-1.59028e-06;
8.17444e-05;0;0;0;-1.58996e-06;
8.17544e-05;0;0;0;-1.58964e-06;
8.17644e-05;0;0;0;-1.58933e-06;
8.17744e-05;0;0;0;-1.58901e-06;
8.17844e-05;0;0;0;-1.58869e-06;
8.17944e-05;0;0;0;-1.58837e-06;
8.18044e-05;0;0;0;-1.58805e-06;
8.18144e-05;0;0;0;-1.58774e-06;
8.18244e-05;0;0;0;-1.58742e-06;
8.18344e-05;0;0;0;-1.5871e-06;
8.18444e-05;0;0;0;-1.58678e-06;
8.18544e-05;0;0;0;-1.58647e-06;
8.18644e-05;0;0;0;-1.58615e-06;
8.18744e-05;0;0;0;-1.58583e-06;
8.18844e-05;0;0;0;-1.58552e-06;
8.18944e-05;0;0;0;-1.5852e-06;
8.19044e-05;0;0;0;-1.58488e-06;
8.19144e-05;0;0;0;-1.58456e-06;
8.19244e-05;0;0;0;-1.58425e-06;
8.19344e-05;0;0;0;-1.58393e-06;
8.19444e-05;0;0;0;-1.58361e-06;
8.19544e-05;0;0;0;-1.5833e-06;
8.19644e-05;0;0;0;-1.58298e-06;
8.19744e-05;0;0;0;-1.58266e-06;
8.19844e-05;0;0;0;-1.58235e-06;
8.19944e-05;0;0;0;-1.58203e-06;
8.20044e-05;0;0;0;-1.58171e-06;
8.20144e-05;0;0;0;-1.5814e-06;
8.20244e-05;0;0;0;-1.58108e-06;
8.20344e-05;0;0;0;-1.58076e-06;
8.20444e-05;0;0;0;-1.58045e-06;
8.20544e-05;0;0;0;-1.58013e-06;
8.20644e-05;0;0;0;-1.57982e-06;
8.20744e-05;0;0;0;-1.5795e-06;
8.20844e-05;0;0;0;-1.57918e-06;
8.20944e-05;0;0;0;-1.57887e-06;
8.21044e-05;0;0;0;-1.57855e-06;
8.21144e-05;0;0;0;-1.57824e-06;
8.21244e-05;0;0;0;-1.57792e-06;
8.21344e-05;0;0;0;-1.5776e-06;
8.21444e-05;0;0;0;-1.57729e-06;
8.21544e-05;0;0;0;-1.57697e-06;
8.21644e-05;0;0;0;-1.57666e-06;
8.21744e-05;0;0;0;-1.57634e-06;
8.21844e-05;0;0;0;-1.57603e-06;
8.21944e-05;0;0;0;-1.57571e-06;
8.22044e-05;0;0;0;-1.5754e-06;
8.22144e-05;0;0;0;-1.57508e-06;
8.22244e-05;0;0;0;-1.57477e-06;
8.22344e-05;0;0;0;-1.57445e-06;
8.22444e-05;0;0;0;-1.57414e-06;
8.22544e-05;0;0;0;-1.57382e-06;
8.22644e-05;0;0;0;-1.57351e-06;
8.22744e-05;0;0;0;-1.57319e-06;
8.22844e-05;0;0;0;-1.57288e-06;
8.22944e-05;0;0;0;-1.57256e-06;
8.23044e-05;0;0;0;-1.57225e-06;
8.23144e-05;0;0;0;-1.57193e-06;
8.23244e-05;0;0;0;-1.57162e-06;
8.23344e-05;0;0;0;-1.5713e-06;
8.23444e-05;0;0;0;-1.57099e-06;
8.23544e-05;0;0;0;-1.57068e-06;
8.23644e-05;0;0;0;-1.57036e-06;
8.23744e-05;0;0;0;-1.57005e-06;
8.23844e-05;0;0;0;-1.56973e-06;
8.23944e-05;0;0;0;-1.56942e-06;
8.24044e-05;0;0;0;-1.5691e-06;
8.24144e-05;0;0;0;-1.56879e-06;
8.24244e-05;0;0;0;-1.56848e-06;
8.24344e-05;0;0;0;-1.56816e-06;
8.24444e-05;0;0;0;-1.56785e-06;
8.24544e-05;0;0;0;-1.56754e-06;
8.24644e-05;0;0;0;-1.56722e-06;
8.24744e-05;0;0;0;-1.56691e-06;
8.24844e-05;0;0;0;-1.5666e-06;
8.24944e-05;0;0;0;-1.56628e-06;
8.25044e-05;0;0;0;-1.56597e-06;
8.25144e-05;0;0;0;-1.56566e-06;
8.25244e-05;0;0;0;-1.56534e-06;
8.25344e-05;0;0;0;-1.56503e-06;
8.25444e-05;0;0;0;-1.56472e-06;
8.25544e-05;0;0;0;-1.5644e-06;
8.25644e-05;0;0;0;-1.56409e-06;
8.25744e-05;0;0;0;-1.56378e-06;
8.25844e-05;0;0;0;-1.56346e-06;
8.25944e-05;0;0;0;-1.56315e-06;
8.26044e-05;0;0;0;-1.56284e-06;
8.26144e-05;0;0;0;-1.56253e-06;
8.26244e-05;0;0;0;-1.56221e-06;
8.26344e-05;0;0;0;-1.5619e-06;
8.26444e-05;0;0;0;-1.56159e-06;
8.26544e-05;0;0;0;-1.56128e-06;
8.26644e-05;0;0;0;-1.56096e-06;
8.26744e-05;0;0;0;-1.56065e-06;
8.26844e-05;0;0;0;-1.56034e-06;
8.26944e-05;0;0;0;-1.56003e-06;
8.27044e-05;0;0;0;-1.55971e-06;
8.27144e-05;0;0;0;-1.5594e-06;
8.27244e-05;0;0;0;-1.55909e-06;
8.27344e-05;0;0;0;-1.55878e-06;
8.27444e-05;0;0;0;-1.55847e-06;
8.27544e-05;0;0;0;-1.55816e-06;
8.27644e-05;0;0;0;-1.55784e-06;
8.27744e-05;0;0;0;-1.55753e-06;
8.27844e-05;0;0;0;-1.55722e-06;
8.27944e-05;0;0;0;-1.55691e-06;
8.28044e-05;0;0;0;-1.5566e-06;
8.28144e-05;0;0;0;-1.55629e-06;
8.28244e-05;0;0;0;-1.55597e-06;
8.28344e-05;0;0;0;-1.55566e-06;
8.28444e-05;0;0;0;-1.55535e-06;
8.28544e-05;0;0;0;-1.55504e-06;
8.28644e-05;0;0;0;-1.55473e-06;
8.28744e-05;0;0;0;-1.55442e-06;
8.28844e-05;0;0;0;-1.55411e-06;
8.28944e-05;0;0;0;-1.5538e-06;
8.29044e-05;0;0;0;-1.55349e-06;
8.29144e-05;0;0;0;-1.55317e-06;
8.29244e-05;0;0;0;-1.55286e-06;
8.29344e-05;0;0;0;-1.55255e-06;
8.29444e-05;0;0;0;-1.55224e-06;
8.29544e-05;0;0;0;-1.55193e-06;
8.29644e-05;0;0;0;-1.55162e-06;
8.29744e-05;0;0;0;-1.55131e-06;
8.29844e-05;0;0;0;-1.551e-06;
8.29944e-05;0;0;0;-1.55069e-06;
8.30044e-05;0;0;0;-1.55038e-06;
8.30144e-05;0;0;0;-1.55007e-06;
8.30244e-05;0;0;0;-1.54976e-06;
8.30344e-05;0;0;0;-1.54945e-06;
8.30444e-05;0;0;0;-1.54914e-06;
8.30544e-05;0;0;0;-1.54883e-06;
8.30644e-05;0;0;0;-1.54852e-06;
8.30744e-05;0;0;0;-1.54821e-06;
8.30844e-05;0;0;0;-1.5479e-06;
8.30944e-05;0;0;0;-1.54759e-06;
8.31044e-05;0;0;0;-1.54728e-06;
8.31144e-05;0;0;0;-1.54697e-06;
8.31244e-05;0;0;0;-1.54666e-06;
8.31344e-05;0;0;0;-1.54635e-06;
8.31444e-05;0;0;0;-1.54604e-06;
8.31544e-05;0;0;0;-1.54573e-06;
8.31644e-05;0;0;0;-1.54543e-06;
8.31744e-05;0;0;0;-1.54512e-06;
8.31844e-05;0;0;0;-1.54481e-06;
8.31944e-05;0;0;0;-1.5445e-06;
8.32044e-05;0;0;0;-1.54419e-06;
8.32144e-05;0;0;0;-1.54388e-06;
8.32244e-05;0;0;0;-1.54357e-06;
8.32344e-05;0;0;0;-1.54326e-06;
8.32444e-05;0;0;0;-1.54295e-06;
8.32544e-05;0;0;0;-1.54265e-06;
8.32644e-05;0;0;0;-1.54234e-06;
8.32744e-05;0;0;0;-1.54203e-06;
8.32844e-05;0;0;0;-1.54172e-06;
8.32944e-05;0;0;0;-1.54141e-06;
8.33044e-05;0;0;0;-1.5411e-06;
8.33144e-05;0;0;0;-1.54079e-06;
8.33244e-05;0;0;0;-1.54049e-06;
8.33344e-05;0;0;0;-1.54018e-06;
8.33444e-05;0;0;0;-1.53987e-06;
8.33544e-05;0;0;0;-1.53956e-06;
8.33644e-05;0;0;0;-1.53925e-06;
8.33744e-05;0;0;0;-1.53895e-06;
8.33844e-05;0;0;0;-1.53864e-06;
8.33944e-05;0;0;0;-1.53833e-06;
8.34044e-05;0;0;0;-1.53802e-06;
8.34144e-05;0;0;0;-1.53771e-06;
8.34244e-05;0;0;0;-1.53741e-06;
8.34344e-05;0;0;0;-1.5371e-06;
8.34444e-05;0;0;0;-1.53679e-06;
8.34544e-05;0;0;0;-1.53648e-06;
8.34644e-05;0;0;0;-1.53618e-06;
8.34744e-05;0;0;0;-1.53587e-06;
8.34844e-05;0;0;0;-1.53556e-06;
8.34944e-05;0;0;0;-1.53526e-06;
8.35044e-05;0;0;0;-1.53495e-06;
8.35144e-05;0;0;0;-1.53464e-06;
8.35244e-05;0;0;0;-1.53433e-06;
8.35344e-05;0;0;0;-1.53403e-06;
8.35444e-05;0;0;0;-1.53372e-06;
8.35544e-05;0;0;0;-1.53341e-06;
8.35644e-05;0;0;0;-1.53311e-06;
8.35744e-05;0;0;0;-1.5328e-06;
8.35844e-05;0;0;0;-1.53249e-06;
8.35944e-05;0;0;0;-1.53219e-06;
8.36044e-05;0;0;0;-1.53188e-06;
8.36144e-05;0;0;0;-1.53157e-06;
8.36244e-05;0;0;0;-1.53127e-06;
8.36344e-05;0;0;0;-1.53096e-06;
8.36444e-05;0;0;0;-1.53065e-06;
8.36544e-05;0;0;0;-1.53035e-06;
8.36644e-05;0;0;0;-1.53004e-06;
8.36744e-05;0;0;0;-1.52974e-06;
8.36844e-05;0;0;0;-1.52943e-06;
8.36944e-05;0;0;0;-1.52912e-06;
8.37044e-05;0;0;0;-1.52882e-06;
8.37144e-05;0;0;0;-1.52851e-06;
8.37244e-05;0;0;0;-1.52821e-06;
8.37344e-05;0;0;0;-1.5279e-06;
8.37444e-05;0;0;0;-1.52759e-06;
8.37544e-05;0;0;0;-1.52729e-06;
8.37644e-05;0;0;0;-1.52698e-06;
8.37744e-05;0;0;0;-1.52668e-06;
8.37844e-05;0;0;0;-1.52637e-06;
8.37944e-05;0;0;0;-1.52607e-06;
8.38044e-05;0;0;0;-1.52576e-06;
8.38144e-05;0;0;0;-1.52546e-06;
8.38244e-05;0;0;0;-1.52515e-06;
8.38344e-05;0;0;0;-1.52485e-06;
8.38444e-05;0;0;0;-1.52454e-06;
8.38544e-05;0;0;0;-1.52424e-06;
8.38644e-05;0;0;0;-1.52393e-06;
8.38744e-05;0;0;0;-1.52363e-06;
8.38844e-05;0;0;0;-1.52332e-06;
8.38944e-05;0;0;0;-1.52302e-06;
8.39044e-05;0;0;0;-1.52271e-06;
8.39144e-05;0;0;0;-1.52241e-06;
8.39244e-05;0;0;0;-1.5221e-06;
8.39344e-05;0;0;0;-1.5218e-06;
8.39444e-05;0;0;0;-1.52149e-06;
8.39544e-05;0;0;0;-1.52119e-06;
8.39644e-05;0;0;0;-1.52089e-06;
8.39744e-05;0;0;0;-1.52058e-06;
8.39844e-05;0;0;0;-1.52028e-06;
8.39944e-05;0;0;0;-1.51997e-06;
8.40044e-05;0;0;0;-1.51967e-06;
8.40144e-05;0;0;0;-1.51936e-06;
8.40244e-05;0;0;0;-1.51906e-06;
8.40344e-05;0;0;0;-1.51876e-06;
8.40444e-05;0;0;0;-1.51845e-06;
8.40544e-05;0;0;0;-1.51815e-06;
8.40644e-05;0;0;0;-1.51785e-06;
8.40744e-05;0;0;0;-1.51754e-06;
8.40844e-05;0;0;0;-1.51724e-06;
8.40944e-05;0;0;0;-1.51693e-06;
8.41044e-05;0;0;0;-1.51663e-06;
8.41144e-05;0;0;0;-1.51633e-06;
8.41244e-05;0;0;0;-1.51602e-06;
8.41344e-05;0;0;0;-1.51572e-06;
8.41444e-05;0;0;0;-1.51542e-06;
8.41544e-05;0;0;0;-1.51511e-06;
8.41644e-05;0;0;0;-1.51481e-06;
8.41744e-05;0;0;0;-1.51451e-06;
8.41844e-05;0;0;0;-1.51421e-06;
8.41944e-05;0;0;0;-1.5139e-06;
8.42044e-05;0;0;0;-1.5136e-06;
8.42144e-05;0;0;0;-1.5133e-06;
8.42244e-05;0;0;0;-1.51299e-06;
8.42344e-05;0;0;0;-1.51269e-06;
8.42444e-05;0;0;0;-1.51239e-06;
8.42544e-05;0;0;0;-1.51209e-06;
8.42644e-05;0;0;0;-1.51178e-06;
8.42744e-05;0;0;0;-1.51148e-06;
8.42844e-05;0;0;0;-1.51118e-06;
8.42944e-05;0;0;0;-1.51088e-06;
8.43044e-05;0;0;0;-1.51057e-06;
8.43144e-05;0;0;0;-1.51027e-06;
8.43244e-05;0;0;0;-1.50997e-06;
8.43344e-05;0;0;0;-1.50967e-06;
8.43444e-05;0;0;0;-1.50937e-06;
8.43544e-05;0;0;0;-1.50906e-06;
8.43644e-05;0;0;0;-1.50876e-06;
8.43744e-05;0;0;0;-1.50846e-06;
8.43844e-05;0;0;0;-1.50816e-06;
8.43944e-05;0;0;0;-1.50786e-06;
8.44044e-05;0;0;0;-1.50756e-06;
8.44144e-05;0;0;0;-1.50725e-06;
8.44244e-05;0;0;0;-1.50695e-06;
8.44344e-05;0;0;0;-1.50665e-06;
8.44444e-05;0;0;0;-1.50635e-06;
8.44544e-05;0;0;0;-1.50605e-06;
8.44644e-05;0;0;0;-1.50575e-06;
8.44744e-05;0;0;0;-1.50545e-06;
8.44844e-05;0;0;0;-1.50514e-06;
8.44944e-05;0;0;0;-1.50484e-06;
8.45044e-05;0;0;0;-1.50454e-06;
8.45144e-05;0;0;0;-1.50424e-06;
8.45244e-05;0;0;0;-1.50394e-06;
8.45344e-05;0;0;0;-1.50364e-06;
8.45444e-05;0;0;0;-1.50334e-06;
8.45544e-05;0;0;0;-1.50304e-06;
8.45644e-05;0;0;0;-1.50274e-06;
8.45744e-05;0;0;0;-1.50244e-06;
8.45844e-05;0;0;0;-1.50214e-06;
8.45944e-05;0;0;0;-1.50184e-06;
8.46044e-05;0;0;0;-1.50153e-06;
8.46144e-05;0;0;0;-1.50123e-06;
8.46244e-05;0;0;0;-1.50093e-06;
8.46344e-05;0;0;0;-1.50063e-06;
8.46444e-05;0;0;0;-1.50033e-06;
8.46544e-05;0;0;0;-1.50003e-06;
8.46644e-05;0;0;0;-1.49973e-06;
8.46744e-05;0;0;0;-1.49943e-06;
8.46844e-05;0;0;0;-1.49913e-06;
8.46944e-05;0;0;0;-1.49883e-06;
8.47044e-05;0;0;0;-1.49853e-06;
8.47144e-05;0;0;0;-1.49823e-06;
8.47244e-05;0;0;0;-1.49793e-06;
8.47344e-05;0;0;0;-1.49763e-06;
8.47444e-05;0;0;0;-1.49733e-06;
8.47544e-05;0;0;0;-1.49704e-06;
8.47644e-05;0;0;0;-1.49674e-06;
8.47744e-05;0;0;0;-1.49644e-06;
8.47844e-05;0;0;0;-1.49614e-06;
8.47944e-05;0;0;0;-1.49584e-06;
8.48044e-05;0;0;0;-1.49554e-06;
8.48144e-05;0;0;0;-1.49524e-06;
8.48244e-05;0;0;0;-1.49494e-06;
8.48344e-05;0;0;0;-1.49464e-06;
8.48444e-05;0;0;0;-1.49434e-06;
8.48544e-05;0;0;0;-1.49404e-06;
8.48644e-05;0;0;0;-1.49374e-06;
8.48744e-05;0;0;0;-1.49345e-06;
8.48844e-05;0;0;0;-1.49315e-06;
8.48944e-05;0;0;0;-1.49285e-06;
8.49044e-05;0;0;0;-1.49255e-06;
8.49144e-05;0;0;0;-1.49225e-06;
8.49244e-05;0;0;0;-1.49195e-06;
8.49344e-05;0;0;0;-1.49165e-06;
8.49444e-05;0;0;0;-1.49135e-06;
8.49544e-05;0;0;0;-1.49106e-06;
8.49644e-05;0;0;0;-1.49076e-06;
8.49744e-05;0;0;0;-1.49046e-06;
8.49844e-05;0;0;0;-1.49016e-06;
8.49944e-05;0;0;0;-1.48986e-06;
8.50044e-05;0;0;0;-1.48957e-06;
8.50144e-05;0;0;0;-1.48927e-06;
8.50244e-05;0;0;0;-1.48897e-06;
8.50344e-05;0;0;0;-1.48867e-06;
8.50444e-05;0;0;0;-1.48837e-06;
8.50544e-05;0;0;0;-1.48808e-06;
8.50644e-05;0;0;0;-1.48778e-06;
8.50744e-05;0;0;0;-1.48748e-06;
8.50844e-05;0;0;0;-1.48718e-06;
8.50944e-05;0;0;0;-1.48689e-06;
8.51044e-05;0;0;0;-1.48659e-06;
8.51144e-05;0;0;0;-1.48629e-06;
8.51244e-05;0;0;0;-1.48599e-06;
8.51344e-05;0;0;0;-1.4857e-06;
8.51444e-05;0;0;0;-1.4854e-06;
8.51544e-05;0;0;0;-1.4851e-06;
8.51644e-05;0;0;0;-1.4848e-06;
8.51744e-05;0;0;0;-1.48451e-06;
8.51844e-05;0;0;0;-1.48421e-06;
8.51944e-05;0;0;0;-1.48391e-06;
8.52044e-05;0;0;0;-1.48362e-06;
8.52144e-05;0;0;0;-1.48332e-06;
8.52244e-05;0;0;0;-1.48302e-06;
8.52344e-05;0;0;0;-1.48273e-06;
8.52444e-05;0;0;0;-1.48243e-06;
8.52544e-05;0;0;0;-1.48213e-06;
8.52644e-05;0;0;0;-1.48184e-06;
8.52744e-05;0;0;0;-1.48154e-06;
8.52844e-05;0;0;0;-1.48124e-06;
8.52944e-05;0;0;0;-1.48095e-06;
8.53044e-05;0;0;0;-1.48065e-06;
8.53144e-05;0;0;0;-1.48036e-06;
8.53244e-05;0;0;0;-1.48006e-06;
8.53344e-05;0;0;0;-1.47976e-06;
8.53444e-05;0;0;0;-1.47947e-06;
8.53544e-05;0;0;0;-1.47917e-06;
8.53644e-05;0;0;0;-1.47888e-06;
8.53744e-05;0;0;0;-1.47858e-06;
8.53844e-05;0;0;0;-1.47828e-06;
8.53944e-05;0;0;0;-1.47799e-06;
8.54044e-05;0;0;0;-1.47769e-06;
8.54144e-05;0;0;0;-1.4774e-06;
8.54244e-05;0;0;0;-1.4771e-06;
8.54344e-05;0;0;0;-1.47681e-06;
8.54444e-05;0;0;0;-1.47651e-06;
8.54544e-05;0;0;0;-1.47621e-06;
8.54644e-05;0;0;0;-1.47592e-06;
8.54744e-05;0;0;0;-1.47562e-06;
8.54844e-05;0;0;0;-1.47533e-06;
8.54944e-05;0;0;0;-1.47503e-06;
8.55044e-05;0;0;0;-1.47474e-06;
8.55144e-05;0;0;0;-1.47444e-06;
8.55244e-05;0;0;0;-1.47415e-06;
8.55344e-05;0;0;0;-1.47385e-06;
8.55444e-05;0;0;0;-1.47356e-06;
8.55544e-05;0;0;0;-1.47326e-06;
8.55644e-05;0;0;0;-1.47297e-06;
8.55744e-05;0;0;0;-1.47267e-06;
8.55844e-05;0;0;0;-1.47238e-06;
8.55944e-05;0;0;0;-1.47209e-06;
8.56044e-05;0;0;0;-1.47179e-06;
8.56144e-05;0;0;0;-1.4715e-06;
8.56244e-05;0;0;0;-1.4712e-06;
8.56344e-05;0;0;0;-1.47091e-06;
8.56444e-05;0;0;0;-1.47061e-06;
8.56544e-05;0;0;0;-1.47032e-06;
8.56644e-05;0;0;0;-1.47002e-06;
8.56744e-05;0;0;0;-1.46973e-06;
8.56844e-05;0;0;0;-1.46944e-06;
8.56944e-05;0;0;0;-1.46914e-06;
8.57044e-05;0;0;0;-1.46885e-06;
8.57144e-05;0;0;0;-1.46856e-06;
8.57244e-05;0;0;0;-1.46826e-06;
8.57344e-05;0;0;0;-1.46797e-06;
8.57444e-05;0;0;0;-1.46767e-06;
8.57544e-05;0;0;0;-1.46738e-06;
8.57644e-05;0;0;0;-1.46709e-06;
8.57744e-05;0;0;0;-1.46679e-06;
8.57844e-05;0;0;0;-1.4665e-06;
8.57944e-05;0;0;0;-1.46621e-06;
8.58044e-05;0;0;0;-1.46591e-06;
8.58144e-05;0;0;0;-1.46562e-06;
8.58244e-05;0;0;0;-1.46533e-06;
8.58344e-05;0;0;0;-1.46503e-06;
8.58444e-05;0;0;0;-1.46474e-06;
8.58544e-05;0;0;0;-1.46445e-06;
8.58644e-05;0;0;0;-1.46415e-06;
8.58744e-05;0;0;0;-1.46386e-06;
8.58844e-05;0;0;0;-1.46357e-06;
8.58944e-05;0;0;0;-1.46328e-06;
8.59044e-05;0;0;0;-1.46298e-06;
8.59144e-05;0;0;0;-1.46269e-06;
8.59244e-05;0;0;0;-1.4624e-06;
8.59344e-05;0;0;0;-1.46211e-06;
8.59444e-05;0;0;0;-1.46181e-06;
8.59544e-05;0;0;0;-1.46152e-06;
8.59644e-05;0;0;0;-1.46123e-06;
8.59744e-05;0;0;0;-1.46094e-06;
8.59844e-05;0;0;0;-1.46064e-06;
8.59944e-05;0;0;0;-1.46035e-06;
8.60044e-05;0;0;0;-1.46006e-06;
8.60144e-05;0;0;0;-1.45977e-06;
8.60244e-05;0;0;0;-1.45947e-06;
8.60344e-05;0;0;0;-1.45918e-06;
8.60444e-05;0;0;0;-1.45889e-06;
8.60544e-05;0;0;0;-1.4586e-06;
8.60644e-05;0;0;0;-1.45831e-06;
8.60744e-05;0;0;0;-1.45802e-06;
8.60844e-05;0;0;0;-1.45772e-06;
8.60944e-05;0;0;0;-1.45743e-06;
8.61044e-05;0;0;0;-1.45714e-06;
8.61144e-05;0;0;0;-1.45685e-06;
8.61244e-05;0;0;0;-1.45656e-06;
8.61344e-05;0;0;0;-1.45627e-06;
8.61444e-05;0;0;0;-1.45597e-06;
8.61544e-05;0;0;0;-1.45568e-06;
8.61644e-05;0;0;0;-1.45539e-06;
8.61744e-05;0;0;0;-1.4551e-06;
8.61844e-05;0;0;0;-1.45481e-06;
8.61944e-05;0;0;0;-1.45452e-06;
8.62044e-05;0;0;0;-1.45423e-06;
8.62144e-05;0;0;0;-1.45394e-06;
8.62244e-05;0;0;0;-1.45365e-06;
8.62344e-05;0;0;0;-1.45336e-06;
8.62444e-05;0;0;0;-1.45306e-06;
8.62544e-05;0;0;0;-1.45277e-06;
8.62644e-05;0;0;0;-1.45248e-06;
8.62744e-05;0;0;0;-1.45219e-06;
8.62844e-05;0;0;0;-1.4519e-06;
8.62944e-05;0;0;0;-1.45161e-06;
8.63044e-05;0;0;0;-1.45132e-06;
8.63144e-05;0;0;0;-1.45103e-06;
8.63244e-05;0;0;0;-1.45074e-06;
8.63344e-05;0;0;0;-1.45045e-06;
8.63444e-05;0;0;0;-1.45016e-06;
8.63544e-05;0;0;0;-1.44987e-06;
8.63644e-05;0;0;0;-1.44958e-06;
8.63744e-05;0;0;0;-1.44929e-06;
8.63844e-05;0;0;0;-1.449e-06;
8.63944e-05;0;0;0;-1.44871e-06;
8.64044e-05;0;0;0;-1.44842e-06;
8.64144e-05;0;0;0;-1.44813e-06;
8.64244e-05;0;0;0;-1.44784e-06;
8.64344e-05;0;0;0;-1.44755e-06;
8.64444e-05;0;0;0;-1.44726e-06;
8.64544e-05;0;0;0;-1.44697e-06;
8.64644e-05;0;0;0;-1.44668e-06;
8.64744e-05;0;0;0;-1.44639e-06;
8.64844e-05;0;0;0;-1.4461e-06;
8.64944e-05;0;0;0;-1.44581e-06;
8.65044e-05;0;0;0;-1.44553e-06;
8.65144e-05;0;0;0;-1.44524e-06;
8.65244e-05;0;0;0;-1.44495e-06;
8.65344e-05;0;0;0;-1.44466e-06;
8.65444e-05;0;0;0;-1.44437e-06;
8.65544e-05;0;0;0;-1.44408e-06;
8.65644e-05;0;0;0;-1.44379e-06;
8.65744e-05;0;0;0;-1.4435e-06;
8.65844e-05;0;0;0;-1.44321e-06;
8.65944e-05;0;0;0;-1.44292e-06;
8.66044e-05;0;0;0;-1.44264e-06;
8.66144e-05;0;0;0;-1.44235e-06;
8.66244e-05;0;0;0;-1.44206e-06;
8.66344e-05;0;0;0;-1.44177e-06;
8.66444e-05;0;0;0;-1.44148e-06;
8.66544e-05;0;0;0;-1.44119e-06;
8.66644e-05;0;0;0;-1.44091e-06;
8.66744e-05;0;0;0;-1.44062e-06;
8.66844e-05;0;0;0;-1.44033e-06;
8.66944e-05;0;0;0;-1.44004e-06;
8.67044e-05;0;0;0;-1.43975e-06;
8.67144e-05;0;0;0;-1.43946e-06;
8.67244e-05;0;0;0;-1.43918e-06;
8.67344e-05;0;0;0;-1.43889e-06;
8.67444e-05;0;0;0;-1.4386e-06;
8.67544e-05;0;0;0;-1.43831e-06;
8.67644e-05;0;0;0;-1.43802e-06;
8.67744e-05;0;0;0;-1.43774e-06;
8.67844e-05;0;0;0;-1.43745e-06;
8.67944e-05;0;0;0;-1.43716e-06;
8.68044e-05;0;0;0;-1.43687e-06;
8.68144e-05;0;0;0;-1.43659e-06;
8.68244e-05;0;0;0;-1.4363e-06;
8.68344e-05;0;0;0;-1.43601e-06;
8.68444e-05;0;0;0;-1.43573e-06;
8.68544e-05;0;0;0;-1.43544e-06;
8.68644e-05;0;0;0;-1.43515e-06;
8.68744e-05;0;0;0;-1.43486e-06;
8.68844e-05;0;0;0;-1.43458e-06;
8.68944e-05;0;0;0;-1.43429e-06;
8.69044e-05;0;0;0;-1.434e-06;
8.69144e-05;0;0;0;-1.43372e-06;
8.69244e-05;0;0;0;-1.43343e-06;
8.69344e-05;0;0;0;-1.43314e-06;
8.69444e-05;0;0;0;-1.43286e-06;
8.69544e-05;0;0;0;-1.43257e-06;
8.69644e-05;0;0;0;-1.43228e-06;
8.69744e-05;0;0;0;-1.432e-06;
8.69844e-05;0;0;0;-1.43171e-06;
8.69944e-05;0;0;0;-1.43142e-06;
8.70044e-05;0;0;0;-1.43114e-06;
8.70144e-05;0;0;0;-1.43085e-06;
8.70244e-05;0;0;0;-1.43056e-06;
8.70344e-05;0;0;0;-1.43028e-06;
8.70444e-05;0;0;0;-1.42999e-06;
8.70544e-05;0;0;0;-1.42971e-06;
8.70644e-05;0;0;0;-1.42942e-06;
8.70744e-05;0;0;0;-1.42913e-06;
8.70844e-05;0;0;0;-1.42885e-06;
8.70944e-05;0;0;0;-1.42856e-06;
8.71044e-05;0;0;0;-1.42828e-06;
8.71144e-05;0;0;0;-1.42799e-06;
8.71244e-05;0;0;0;-1.4277e-06;
8.71344e-05;0;0;0;-1.42742e-06;
8.71444e-05;0;0;0;-1.42713e-06;
8.71544e-05;0;0;0;-1.42685e-06;
8.71644e-05;0;0;0;-1.42656e-06;
8.71744e-05;0;0;0;-1.42628e-06;
8.71844e-05;0;0;0;-1.42599e-06;
8.71944e-05;0;0;0;-1.42571e-06;
8.72044e-05;0;0;0;-1.42542e-06;
8.72144e-05;0;0;0;-1.42514e-06;
8.72244e-05;0;0;0;-1.42485e-06;
8.72344e-05;0;0;0;-1.42457e-06;
8.72444e-05;0;0;0;-1.42428e-06;
8.72544e-05;0;0;0;-1.424e-06;
8.72644e-05;0;0;0;-1.42371e-06;
8.72744e-05;0;0;0;-1.42343e-06;
8.72844e-05;0;0;0;-1.42314e-06;
8.72944e-05;0;0;0;-1.42286e-06;
8.73044e-05;0;0;0;-1.42257e-06;
8.73144e-05;0;0;0;-1.42229e-06;
8.73244e-05;0;0;0;-1.422e-06;
8.73344e-05;0;0;0;-1.42172e-06;
8.73444e-05;0;0;0;-1.42143e-06;
8.73544e-05;0;0;0;-1.42115e-06;
8.73644e-05;0;0;0;-1.42087e-06;
8.73744e-05;0;0;0;-1.42058e-06;
8.73844e-05;0;0;0;-1.4203e-06;
8.73944e-05;0;0;0;-1.42001e-06;
8.74044e-05;0;0;0;-1.41973e-06;
8.74144e-05;0;0;0;-1.41944e-06;
8.74244e-05;0;0;0;-1.41916e-06;
8.74344e-05;0;0;0;-1.41888e-06;
8.74444e-05;0;0;0;-1.41859e-06;
8.74544e-05;0;0;0;-1.41831e-06;
8.74644e-05;0;0;0;-1.41803e-06;
8.74744e-05;0;0;0;-1.41774e-06;
8.74844e-05;0;0;0;-1.41746e-06;
8.74944e-05;0;0;0;-1.41717e-06;
8.75044e-05;0;0;0;-1.41689e-06;
8.75144e-05;0;0;0;-1.41661e-06;
8.75244e-05;0;0;0;-1.41632e-06;
8.75344e-05;0;0;0;-1.41604e-06;
8.75444e-05;0;0;0;-1.41576e-06;
8.75544e-05;0;0;0;-1.41547e-06;
8.75644e-05;0;0;0;-1.41519e-06;
8.75744e-05;0;0;0;-1.41491e-06;
8.75844e-05;0;0;0;-1.41462e-06;
8.75944e-05;0;0;0;-1.41434e-06;
8.76044e-05;0;0;0;-1.41406e-06;
8.76144e-05;0;0;0;-1.41378e-06;
8.76244e-05;0;0;0;-1.41349e-06;
8.76344e-05;0;0;0;-1.41321e-06;
8.76444e-05;0;0;0;-1.41293e-06;
8.76544e-05;0;0;0;-1.41264e-06;
8.76644e-05;0;0;0;-1.41236e-06;
8.76744e-05;0;0;0;-1.41208e-06;
8.76844e-05;0;0;0;-1.4118e-06;
8.76944e-05;0;0;0;-1.41151e-06;
8.77044e-05;0;0;0;-1.41123e-06;
8.77144e-05;0;0;0;-1.41095e-06;
8.77244e-05;0;0;0;-1.41067e-06;
8.77344e-05;0;0;0;-1.41039e-06;
8.77444e-05;0;0;0;-1.4101e-06;
8.77544e-05;0;0;0;-1.40982e-06;
8.77644e-05;0;0;0;-1.40954e-06;
8.77744e-05;0;0;0;-1.40926e-06;
8.77844e-05;0;0;0;-1.40898e-06;
8.77944e-05;0;0;0;-1.40869e-06;
8.78044e-05;0;0;0;-1.40841e-06;
8.78144e-05;0;0;0;-1.40813e-06;
8.78244e-05;0;0;0;-1.40785e-06;
8.78344e-05;0;0;0;-1.40757e-06;
8.78444e-05;0;0;0;-1.40728e-06;
8.78544e-05;0;0;0;-1.407e-06;
8.78644e-05;0;0;0;-1.40672e-06;
8.78744e-05;0;0;0;-1.40644e-06;
8.78844e-05;0;0;0;-1.40616e-06;
8.78944e-05;0;0;0;-1.40588e-06;
8.79044e-05;0;0;0;-1.4056e-06;
8.79144e-05;0;0;0;-1.40532e-06;
8.79244e-05;0;0;0;-1.40503e-06;
8.79344e-05;0;0;0;-1.40475e-06;
8.79444e-05;0;0;0;-1.40447e-06;
8.79544e-05;0;0;0;-1.40419e-06;
8.79644e-05;0;0;0;-1.40391e-06;
8.79744e-05;0;0;0;-1.40363e-06;
8.79844e-05;0;0;0;-1.40335e-06;
8.79944e-05;0;0;0;-1.40307e-06;
8.80044e-05;0;0;0;-1.40279e-06;
8.80144e-05;0;0;0;-1.40251e-06;
8.80244e-05;0;0;0;-1.40223e-06;
8.80344e-05;0;0;0;-1.40194e-06;
8.80444e-05;0;0;0;-1.40166e-06;
8.80544e-05;0;0;0;-1.40138e-06;
8.80644e-05;0;0;0;-1.4011e-06;
8.80744e-05;0;0;0;-1.40082e-06;
8.80844e-05;0;0;0;-1.40054e-06;
8.80944e-05;0;0;0;-1.40026e-06;
8.81044e-05;0;0;0;-1.39998e-06;
8.81144e-05;0;0;0;-1.3997e-06;
8.81244e-05;0;0;0;-1.39942e-06;
8.81344e-05;0;0;0;-1.39914e-06;
8.81444e-05;0;0;0;-1.39886e-06;
8.81544e-05;0;0;0;-1.39858e-06;
8.81644e-05;0;0;0;-1.3983e-06;
8.81744e-05;0;0;0;-1.39802e-06;
8.81844e-05;0;0;0;-1.39774e-06;
8.81944e-05;0;0;0;-1.39746e-06;
8.82044e-05;0;0;0;-1.39718e-06;
8.82144e-05;0;0;0;-1.39691e-06;
8.82244e-05;0;0;0;-1.39663e-06;
8.82344e-05;0;0;0;-1.39635e-06;
8.82444e-05;0;0;0;-1.39607e-06;
8.82544e-05;0;0;0;-1.39579e-06;
8.82644e-05;0;0;0;-1.39551e-06;
8.82744e-05;0;0;0;-1.39523e-06;
8.82844e-05;0;0;0;-1.39495e-06;
8.82944e-05;0;0;0;-1.39467e-06;
8.83044e-05;0;0;0;-1.39439e-06;
8.83144e-05;0;0;0;-1.39411e-06;
8.83244e-05;0;0;0;-1.39383e-06;
8.83344e-05;0;0;0;-1.39356e-06;
8.83444e-05;0;0;0;-1.39328e-06;
8.83544e-05;0;0;0;-1.393e-06;
8.83644e-05;0;0;0;-1.39272e-06;
8.83744e-05;0;0;0;-1.39244e-06;
8.83844e-05;0;0;0;-1.39216e-06;
8.83944e-05;0;0;0;-1.39188e-06;
8.84044e-05;0;0;0;-1.3916e-06;
8.84144e-05;0;0;0;-1.39133e-06;
8.84244e-05;0;0;0;-1.39105e-06;
8.84344e-05;0;0;0;-1.39077e-06;
8.84444e-05;0;0;0;-1.39049e-06;
8.84544e-05;0;0;0;-1.39021e-06;
8.84644e-05;0;0;0;-1.38994e-06;
8.84744e-05;0;0;0;-1.38966e-06;
8.84844e-05;0;0;0;-1.38938e-06;
8.84944e-05;0;0;0;-1.3891e-06;
8.85044e-05;0;0;0;-1.38882e-06;
8.85144e-05;0;0;0;-1.38855e-06;
8.85244e-05;0;0;0;-1.38827e-06;
8.85344e-05;0;0;0;-1.38799e-06;
8.85444e-05;0;0;0;-1.38771e-06;
8.85544e-05;0;0;0;-1.38743e-06;
8.85644e-05;0;0;0;-1.38716e-06;
8.85744e-05;0;0;0;-1.38688e-06;
8.85844e-05;0;0;0;-1.3866e-06;
8.85944e-05;0;0;0;-1.38632e-06;
8.86044e-05;0;0;0;-1.38605e-06;
8.86144e-05;0;0;0;-1.38577e-06;
8.86244e-05;0;0;0;-1.38549e-06;
8.86344e-05;0;0;0;-1.38522e-06;
8.86444e-05;0;0;0;-1.38494e-06;
8.86544e-05;0;0;0;-1.38466e-06;
8.86644e-05;0;0;0;-1.38438e-06;
8.86744e-05;0;0;0;-1.38411e-06;
8.86844e-05;0;0;0;-1.38383e-06;
8.86944e-05;0;0;0;-1.38355e-06;
8.87044e-05;0;0;0;-1.38328e-06;
8.87144e-05;0;0;0;-1.383e-06;
8.87244e-05;0;0;0;-1.38272e-06;
8.87344e-05;0;0;0;-1.38245e-06;
8.87444e-05;0;0;0;-1.38217e-06;
8.87544e-05;0;0;0;-1.38189e-06;
8.87644e-05;0;0;0;-1.38162e-06;
8.87744e-05;0;0;0;-1.38134e-06;
8.87844e-05;0;0;0;-1.38106e-06;
8.87944e-05;0;0;0;-1.38079e-06;
8.88044e-05;0;0;0;-1.38051e-06;
8.88144e-05;0;0;0;-1.38024e-06;
8.88244e-05;0;0;0;-1.37996e-06;
8.88344e-05;0;0;0;-1.37968e-06;
8.88444e-05;0;0;0;-1.37941e-06;
8.88544e-05;0;0;0;-1.37913e-06;
8.88644e-05;0;0;0;-1.37886e-06;
8.88744e-05;0;0;0;-1.37858e-06;
8.88844e-05;0;0;0;-1.3783e-06;
8.88944e-05;0;0;0;-1.37803e-06;
8.89044e-05;0;0;0;-1.37775e-06;
8.89144e-05;0;0;0;-1.37748e-06;
8.89244e-05;0;0;0;-1.3772e-06;
8.89344e-05;0;0;0;-1.37693e-06;
8.89444e-05;0;0;0;-1.37665e-06;
8.89544e-05;0;0;0;-1.37638e-06;
8.89644e-05;0;0;0;-1.3761e-06;
8.89744e-05;0;0;0;-1.37582e-06;
8.89844e-05;0;0;0;-1.37555e-06;
8.89944e-05;0;0;0;-1.37527e-06;
8.90044e-05;0;0;0;-1.375e-06;
8.90144e-05;0;0;0;-1.37472e-06;
8.90244e-05;0;0;0;-1.37445e-06;
8.90344e-05;0;0;0;-1.37417e-06;
8.90444e-05;0;0;0;-1.3739e-06;
8.90544e-05;0;0;0;-1.37362e-06;
8.90644e-05;0;0;0;-1.37335e-06;
8.90744e-05;0;0;0;-1.37307e-06;
8.90844e-05;0;0;0;-1.3728e-06;
8.90944e-05;0;0;0;-1.37253e-06;
8.91044e-05;0;0;0;-1.37225e-06;
8.91144e-05;0;0;0;-1.37198e-06;
8.91244e-05;0;0;0;-1.3717e-06;
8.91344e-05;0;0;0;-1.37143e-06;
8.91444e-05;0;0;0;-1.37115e-06;
8.91544e-05;0;0;0;-1.37088e-06;
8.91644e-05;0;0;0;-1.3706e-06;
8.91744e-05;0;0;0;-1.37033e-06;
8.91844e-05;0;0;0;-1.37006e-06;
8.91944e-05;0;0;0;-1.36978e-06;
8.92044e-05;0;0;0;-1.36951e-06;
8.92144e-05;0;0;0;-1.36923e-06;
8.92244e-05;0;0;0;-1.36896e-06;
8.92344e-05;0;0;0;-1.36869e-06;
8.92444e-05;0;0;0;-1.36841e-06;
8.92544e-05;0;0;0;-1.36814e-06;
8.92644e-05;0;0;0;-1.36786e-06;
8.92744e-05;0;0;0;-1.36759e-06;
8.92844e-05;0;0;0;-1.36732e-06;
8.92944e-05;0;0;0;-1.36704e-06;
8.93044e-05;0;0;0;-1.36677e-06;
8.93144e-05;0;0;0;-1.3665e-06;
8.93244e-05;0;0;0;-1.36622e-06;
8.93344e-05;0;0;0;-1.36595e-06;
8.93444e-05;0;0;0;-1.36568e-06;
8.93544e-05;0;0;0;-1.3654e-06;
8.93644e-05;0;0;0;-1.36513e-06;
8.93744e-05;0;0;0;-1.36486e-06;
8.93844e-05;0;0;0;-1.36458e-06;
8.93944e-05;0;0;0;-1.36431e-06;
8.94044e-05;0;0;0;-1.36404e-06;
8.94144e-05;0;0;0;-1.36377e-06;
8.94244e-05;0;0;0;-1.36349e-06;
8.94344e-05;0;0;0;-1.36322e-06;
8.94444e-05;0;0;0;-1.36295e-06;
8.94544e-05;0;0;0;-1.36267e-06;
8.94644e-05;0;0;0;-1.3624e-06;
8.94744e-05;0;0;0;-1.36213e-06;
8.94844e-05;0;0;0;-1.36186e-06;
8.94944e-05;0;0;0;-1.36158e-06;
8.95044e-05;0;0;0;-1.36131e-06;
8.95144e-05;0;0;0;-1.36104e-06;
8.95244e-05;0;0;0;-1.36077e-06;
8.95344e-05;0;0;0;-1.3605e-06;
8.95444e-05;0;0;0;-1.36022e-06;
8.95544e-05;0;0;0;-1.35995e-06;
8.95644e-05;0;0;0;-1.35968e-06;
8.95744e-05;0;0;0;-1.35941e-06;
8.95844e-05;0;0;0;-1.35913e-06;
8.95944e-05;0;0;0;-1.35886e-06;
8.96044e-05;0;0;0;-1.35859e-06;
8.96144e-05;0;0;0;-1.35832e-06;
8.96244e-05;0;0;0;-1.35805e-06;
8.96344e-05;0;0;0;-1.35778e-06;
8.96444e-05;0;0;0;-1.3575e-06;
8.96544e-05;0;0;0;-1.35723e-06;
8.96644e-05;0;0;0;-1.35696e-06;
8.96744e-05;0;0;0;-1.35669e-06;
8.96844e-05;0;0;0;-1.35642e-06;
8.96944e-05;0;0;0;-1.35615e-06;
8.97044e-05;0;0;0;-1.35588e-06;
8.97144e-05;0;0;0;-1.3556e-06;
8.97244e-05;0;0;0;-1.35533e-06;
8.97344e-05;0;0;0;-1.35506e-06;
8.97444e-05;0;0;0;-1.35479e-06;
8.97544e-05;0;0;0;-1.35452e-06;
8.97644e-05;0;0;0;-1.35425e-06;
8.97744e-05;0;0;0;-1.35398e-06;
8.97844e-05;0;0;0;-1.35371e-06;
8.97944e-05;0;0;0;-1.35344e-06;
8.98044e-05;0;0;0;-1.35317e-06;
8.98144e-05;0;0;0;-1.35289e-06;
8.98244e-05;0;0;0;-1.35262e-06;
8.98344e-05;0;0;0;-1.35235e-06;
8.98444e-05;0;0;0;-1.35208e-06;
8.98544e-05;0;0;0;-1.35181e-06;
8.98644e-05;0;0;0;-1.35154e-06;
8.98744e-05;0;0;0;-1.35127e-06;
8.98844e-05;0;0;0;-1.351e-06;
8.98944e-05;0;0;0;-1.35073e-06;
8.99044e-05;0;0;0;-1.35046e-06;
8.99144e-05;0;0;0;-1.35019e-06;
8.99244e-05;0;0;0;-1.34992e-06;
8.99344e-05;0;0;0;-1.34965e-06;
8.99444e-05;0;0;0;-1.34938e-06;
8.99544e-05;0;0;0;-1.34911e-06;
8.99644e-05;0;0;0;-1.34884e-06;
8.99744e-05;0;0;0;-1.34857e-06;
8.99844e-05;0;0;0;-1.3483e-06;
8.99944e-05;0;0;0;-1.34803e-06;
9.00044e-05;0;0;0;-1.34776e-06;
9.00144e-05;0;0;0;-1.34749e-06;
9.00244e-05;0;0;0;-1.34722e-06;
9.00344e-05;0;0;0;-1.34695e-06;
9.00444e-05;0;0;0;-1.34668e-06;
9.00544e-05;0;0;0;-1.34641e-06;
9.00644e-05;0;0;0;-1.34614e-06;
9.00744e-05;0;0;0;-1.34587e-06;
9.00844e-05;0;0;0;-1.34561e-06;
9.00944e-05;0;0;0;-1.34534e-06;
9.01044e-05;0;0;0;-1.34507e-06;
9.01144e-05;0;0;0;-1.3448e-06;
9.01244e-05;0;0;0;-1.34453e-06;
9.01344e-05;0;0;0;-1.34426e-06;
9.01444e-05;0;0;0;-1.34399e-06;
9.01544e-05;0;0;0;-1.34372e-06;
9.01644e-05;0;0;0;-1.34345e-06;
9.01744e-05;0;0;0;-1.34318e-06;
9.01844e-05;0;0;0;-1.34292e-06;
9.01944e-05;0;0;0;-1.34265e-06;
9.02044e-05;0;0;0;-1.34238e-06;
9.02144e-05;0;0;0;-1.34211e-06;
9.02244e-05;0;0;0;-1.34184e-06;
9.02344e-05;0;0;0;-1.34157e-06;
9.02444e-05;0;0;0;-1.3413e-06;
9.02544e-05;0;0;0;-1.34104e-06;
9.02644e-05;0;0;0;-1.34077e-06;
9.02744e-05;0;0;0;-1.3405e-06;
9.02844e-05;0;0;0;-1.34023e-06;
9.02944e-05;0;0;0;-1.33996e-06;
9.03044e-05;0;0;0;-1.3397e-06;
9.03144e-05;0;0;0;-1.33943e-06;
9.03244e-05;0;0;0;-1.33916e-06;
9.03344e-05;0;0;0;-1.33889e-06;
9.03444e-05;0;0;0;-1.33862e-06;
9.03544e-05;0;0;0;-1.33836e-06;
9.03644e-05;0;0;0;-1.33809e-06;
9.03744e-05;0;0;0;-1.33782e-06;
9.03844e-05;0;0;0;-1.33755e-06;
9.03944e-05;0;0;0;-1.33729e-06;
9.04044e-05;0;0;0;-1.33702e-06;
9.04144e-05;0;0;0;-1.33675e-06;
9.04244e-05;0;0;0;-1.33648e-06;
9.04344e-05;0;0;0;-1.33622e-06;
9.04444e-05;0;0;0;-1.33595e-06;
9.04544e-05;0;0;0;-1.33568e-06;
9.04644e-05;0;0;0;-1.33541e-06;
9.04744e-05;0;0;0;-1.33515e-06;
9.04844e-05;0;0;0;-1.33488e-06;
9.04944e-05;0;0;0;-1.33461e-06;
9.05044e-05;0;0;0;-1.33435e-06;
9.05144e-05;0;0;0;-1.33408e-06;
9.05244e-05;0;0;0;-1.33381e-06;
9.05344e-05;0;0;0;-1.33354e-06;
9.05444e-05;0;0;0;-1.33328e-06;
9.05544e-05;0;0;0;-1.33301e-06;
9.05644e-05;0;0;0;-1.33274e-06;
9.05744e-05;0;0;0;-1.33248e-06;
9.05844e-05;0;0;0;-1.33221e-06;
9.05944e-05;0;0;0;-1.33194e-06;
9.06044e-05;0;0;0;-1.33168e-06;
9.06144e-05;0;0;0;-1.33141e-06;
9.06244e-05;0;0;0;-1.33115e-06;
9.06344e-05;0;0;0;-1.33088e-06;
9.06444e-05;0;0;0;-1.33061e-06;
9.06544e-05;0;0;0;-1.33035e-06;
9.06644e-05;0;0;0;-1.33008e-06;
9.06744e-05;0;0;0;-1.32981e-06;
9.06844e-05;0;0;0;-1.32955e-06;
9.06944e-05;0;0;0;-1.32928e-06;
9.07044e-05;0;0;0;-1.32902e-06;
9.07144e-05;0;0;0;-1.32875e-06;
9.07244e-05;0;0;0;-1.32848e-06;
9.07344e-05;0;0;0;-1.32822e-06;
9.07444e-05;0;0;0;-1.32795e-06;
9.07544e-05;0;0;0;-1.32769e-06;
9.07644e-05;0;0;0;-1.32742e-06;
9.07744e-05;0;0;0;-1.32716e-06;
9.07844e-05;0;0;0;-1.32689e-06;
9.07944e-05;0;0;0;-1.32663e-06;
9.08044e-05;0;0;0;-1.32636e-06;
9.08144e-05;0;0;0;-1.32609e-06;
9.08244e-05;0;0;0;-1.32583e-06;
9.08344e-05;0;0;0;-1.32556e-06;
9.08444e-05;0;0;0;-1.3253e-06;
9.08544e-05;0;0;0;-1.32503e-06;
9.08644e-05;0;0;0;-1.32477e-06;
9.08744e-05;0;0;0;-1.3245e-06;
9.08844e-05;0;0;0;-1.32424e-06;
9.08944e-05;0;0;0;-1.32397e-06;
9.09044e-05;0;0;0;-1.32371e-06;
9.09144e-05;0;0;0;-1.32344e-06;
9.09244e-05;0;0;0;-1.32318e-06;
9.09344e-05;0;0;0;-1.32291e-06;
9.09444e-05;0;0;0;-1.32265e-06;
9.09544e-05;0;0;0;-1.32239e-06;
9.09644e-05;0;0;0;-1.32212e-06;
9.09744e-05;0;0;0;-1.32186e-06;
9.09844e-05;0;0;0;-1.32159e-06;
9.09944e-05;0;0;0;-1.32133e-06;
9.10044e-05;0;0;0;-1.32106e-06;
9.10144e-05;0;0;0;-1.3208e-06;
9.10244e-05;0;0;0;-1.32053e-06;
9.10344e-05;0;0;0;-1.32027e-06;
9.10444e-05;0;0;0;-1.32001e-06;
9.10544e-05;0;0;0;-1.31974e-06;
9.10644e-05;0;0;0;-1.31948e-06;
9.10744e-05;0;0;0;-1.31921e-06;
9.10844e-05;0;0;0;-1.31895e-06;
9.10944e-05;0;0;0;-1.31869e-06;
9.11044e-05;0;0;0;-1.31842e-06;
9.11144e-05;0;0;0;-1.31816e-06;
9.11244e-05;0;0;0;-1.3179e-06;
9.11344e-05;0;0;0;-1.31763e-06;
9.11444e-05;0;0;0;-1.31737e-06;
9.11544e-05;0;0;0;-1.3171e-06;
9.11644e-05;0;0;0;-1.31684e-06;
9.11744e-05;0;0;0;-1.31658e-06;
9.11844e-05;0;0;0;-1.31631e-06;
9.11944e-05;0;0;0;-1.31605e-06;
9.12044e-05;0;0;0;-1.31579e-06;
9.12144e-05;0;0;0;-1.31552e-06;
9.12244e-05;0;0;0;-1.31526e-06;
9.12344e-05;0;0;0;-1.315e-06;
9.12444e-05;0;0;0;-1.31473e-06;
9.12544e-05;0;0;0;-1.31447e-06;
9.12644e-05;0;0;0;-1.31421e-06;
9.12744e-05;0;0;0;-1.31395e-06;
9.12844e-05;0;0;0;-1.31368e-06;
9.12944e-05;0;0;0;-1.31342e-06;
9.13044e-05;0;0;0;-1.31316e-06;
9.13144e-05;0;0;0;-1.31289e-06;
9.13244e-05;0;0;0;-1.31263e-06;
9.13344e-05;0;0;0;-1.31237e-06;
9.13444e-05;0;0;0;-1.31211e-06;
9.13544e-05;0;0;0;-1.31184e-06;
9.13644e-05;0;0;0;-1.31158e-06;
9.13744e-05;0;0;0;-1.31132e-06;
9.13844e-05;0;0;0;-1.31106e-06;
9.13944e-05;0;0;0;-1.3108e-06;
9.14044e-05;0;0;0;-1.31053e-06;
9.14144e-05;0;0;0;-1.31027e-06;
9.14244e-05;0;0;0;-1.31001e-06;
9.14344e-05;0;0;0;-1.30975e-06;
9.14444e-05;0;0;0;-1.30948e-06;
9.14544e-05;0;0;0;-1.30922e-06;
9.14644e-05;0;0;0;-1.30896e-06;
9.14744e-05;0;0;0;-1.3087e-06;
9.14844e-05;0;0;0;-1.30844e-06;
9.14944e-05;0;0;0;-1.30818e-06;
9.15044e-05;0;0;0;-1.30791e-06;
9.15144e-05;0;0;0;-1.30765e-06;
9.15244e-05;0;0;0;-1.30739e-06;
9.15344e-05;0;0;0;-1.30713e-06;
9.15444e-05;0;0;0;-1.30687e-06;
9.15544e-05;0;0;0;-1.30661e-06;
9.15644e-05;0;0;0;-1.30634e-06;
9.15744e-05;0;0;0;-1.30608e-06;
9.15844e-05;0;0;0;-1.30582e-06;
9.15944e-05;0;0;0;-1.30556e-06;
9.16044e-05;0;0;0;-1.3053e-06;
9.16144e-05;0;0;0;-1.30504e-06;
9.16244e-05;0;0;0;-1.30478e-06;
9.16344e-05;0;0;0;-1.30452e-06;
9.16444e-05;0;0;0;-1.30425e-06;
9.16544e-05;0;0;0;-1.30399e-06;
9.16644e-05;0;0;0;-1.30373e-06;
9.16744e-05;0;0;0;-1.30347e-06;
9.16844e-05;0;0;0;-1.30321e-06;
9.16944e-05;0;0;0;-1.30295e-06;
9.17044e-05;0;0;0;-1.30269e-06;
9.17144e-05;0;0;0;-1.30243e-06;
9.17244e-05;0;0;0;-1.30217e-06;
9.17344e-05;0;0;0;-1.30191e-06;
9.17444e-05;0;0;0;-1.30165e-06;
9.17544e-05;0;0;0;-1.30139e-06;
9.17644e-05;0;0;0;-1.30113e-06;
9.17744e-05;0;0;0;-1.30087e-06;
9.17844e-05;0;0;0;-1.30061e-06;
9.17944e-05;0;0;0;-1.30035e-06;
9.18044e-05;0;0;0;-1.30009e-06;
9.18144e-05;0;0;0;-1.29983e-06;
9.18244e-05;0;0;0;-1.29957e-06;
9.18344e-05;0;0;0;-1.29931e-06;
9.18444e-05;0;0;0;-1.29905e-06;
9.18544e-05;0;0;0;-1.29879e-06;
9.18644e-05;0;0;0;-1.29853e-06;
9.18744e-05;0;0;0;-1.29827e-06;
9.18844e-05;0;0;0;-1.29801e-06;
9.18944e-05;0;0;0;-1.29775e-06;
9.19044e-05;0;0;0;-1.29749e-06;
9.19144e-05;0;0;0;-1.29723e-06;
9.19244e-05;0;0;0;-1.29697e-06;
9.19344e-05;0;0;0;-1.29671e-06;
9.19444e-05;0;0;0;-1.29645e-06;
9.19544e-05;0;0;0;-1.29619e-06;
9.19644e-05;0;0;0;-1.29593e-06;
9.19744e-05;0;0;0;-1.29567e-06;
9.19844e-05;0;0;0;-1.29541e-06;
9.19944e-05;0;0;0;-1.29515e-06;
9.20044e-05;0;0;0;-1.29489e-06;
9.20144e-05;0;0;0;-1.29464e-06;
9.20244e-05;0;0;0;-1.29438e-06;
9.20344e-05;0;0;0;-1.29412e-06;
9.20444e-05;0;0;0;-1.29386e-06;
9.20544e-05;0;0;0;-1.2936e-06;
9.20644e-05;0;0;0;-1.29334e-06;
9.20744e-05;0;0;0;-1.29308e-06;
9.20844e-05;0;0;0;-1.29282e-06;
9.20944e-05;0;0;0;-1.29256e-06;
9.21044e-05;0;0;0;-1.29231e-06;
9.21144e-05;0;0;0;-1.29205e-06;
9.21244e-05;0;0;0;-1.29179e-06;
9.21344e-05;0;0;0;-1.29153e-06;
9.21444e-05;0;0;0;-1.29127e-06;
9.21544e-05;0;0;0;-1.29101e-06;
9.21644e-05;0;0;0;-1.29076e-06;
9.21744e-05;0;0;0;-1.2905e-06;
9.21844e-05;0;0;0;-1.29024e-06;
9.21944e-05;0;0;0;-1.28998e-06;
9.22044e-05;0;0;0;-1.28972e-06;
9.22144e-05;0;0;0;-1.28946e-06;
9.22244e-05;0;0;0;-1.28921e-06;
9.22344e-05;0;0;0;-1.28895e-06;
9.22444e-05;0;0;0;-1.28869e-06;
9.22544e-05;0;0;0;-1.28843e-06;
9.22644e-05;0;0;0;-1.28818e-06;
9.22744e-05;0;0;0;-1.28792e-06;
9.22844e-05;0;0;0;-1.28766e-06;
9.22944e-05;0;0;0;-1.2874e-06;
9.23044e-05;0;0;0;-1.28715e-06;
9.23144e-05;0;0;0;-1.28689e-06;
9.23244e-05;0;0;0;-1.28663e-06;
9.23344e-05;0;0;0;-1.28637e-06;
9.23444e-05;0;0;0;-1.28612e-06;
9.23544e-05;0;0;0;-1.28586e-06;
9.23644e-05;0;0;0;-1.2856e-06;
9.23744e-05;0;0;0;-1.28534e-06;
9.23844e-05;0;0;0;-1.28509e-06;
9.23944e-05;0;0;0;-1.28483e-06;
9.24044e-05;0;0;0;-1.28457e-06;
9.24144e-05;0;0;0;-1.28432e-06;
9.24244e-05;0;0;0;-1.28406e-06;
9.24344e-05;0;0;0;-1.2838e-06;
9.24444e-05;0;0;0;-1.28354e-06;
9.24544e-05;0;0;0;-1.28329e-06;
9.24644e-05;0;0;0;-1.28303e-06;
9.24744e-05;0;0;0;-1.28277e-06;
9.24844e-05;0;0;0;-1.28252e-06;
9.24944e-05;0;0;0;-1.28226e-06;
9.25044e-05;0;0;0;-1.282e-06;
9.25144e-05;0;0;0;-1.28175e-06;
9.25244e-05;0;0;0;-1.28149e-06;
9.25344e-05;0;0;0;-1.28124e-06;
9.25444e-05;0;0;0;-1.28098e-06;
9.25544e-05;0;0;0;-1.28072e-06;
9.25644e-05;0;0;0;-1.28047e-06;
9.25744e-05;0;0;0;-1.28021e-06;
9.25844e-05;0;0;0;-1.27995e-06;
9.25944e-05;0;0;0;-1.2797e-06;
9.26044e-05;0;0;0;-1.27944e-06;
9.26144e-05;0;0;0;-1.27919e-06;
9.26244e-05;0;0;0;-1.27893e-06;
9.26344e-05;0;0;0;-1.27867e-06;
9.26444e-05;0;0;0;-1.27842e-06;
9.26544e-05;0;0;0;-1.27816e-06;
9.26644e-05;0;0;0;-1.27791e-06;
9.26744e-05;0;0;0;-1.27765e-06;
9.26844e-05;0;0;0;-1.2774e-06;
9.26944e-05;0;0;0;-1.27714e-06;
9.27044e-05;0;0;0;-1.27688e-06;
9.27144e-05;0;0;0;-1.27663e-06;
9.27244e-05;0;0;0;-1.27637e-06;
9.27344e-05;0;0;0;-1.27612e-06;
9.27444e-05;0;0;0;-1.27586e-06;
9.27544e-05;0;0;0;-1.27561e-06;
9.27644e-05;0;0;0;-1.27535e-06;
9.27744e-05;0;0;0;-1.2751e-06;
9.27844e-05;0;0;0;-1.27484e-06;
9.27944e-05;0;0;0;-1.27459e-06;
9.28044e-05;0;0;0;-1.27433e-06;
9.28144e-05;0;0;0;-1.27408e-06;
9.28244e-05;0;0;0;-1.27382e-06;
9.28344e-05;0;0;0;-1.27357e-06;
9.28444e-05;0;0;0;-1.27331e-06;
9.28544e-05;0;0;0;-1.27306e-06;
9.28644e-05;0;0;0;-1.2728e-06;
9.28744e-05;0;0;0;-1.27255e-06;
9.28844e-05;0;0;0;-1.27229e-06;
9.28944e-05;0;0;0;-1.27204e-06;
9.29044e-05;0;0;0;-1.27179e-06;
9.29144e-05;0;0;0;-1.27153e-06;
9.29244e-05;0;0;0;-1.27128e-06;
9.29344e-05;0;0;0;-1.27102e-06;
9.29444e-05;0;0;0;-1.27077e-06;
9.29544e-05;0;0;0;-1.27051e-06;
9.29644e-05;0;0;0;-1.27026e-06;
9.29744e-05;0;0;0;-1.27001e-06;
9.29844e-05;0;0;0;-1.26975e-06;
9.29944e-05;0;0;0;-1.2695e-06;
9.30044e-05;0;0;0;-1.26924e-06;
9.30144e-05;0;0;0;-1.26899e-06;
9.30244e-05;0;0;0;-1.26874e-06;
9.30344e-05;0;0;0;-1.26848e-06;
9.30444e-05;0;0;0;-1.26823e-06;
9.30544e-05;0;0;0;-1.26797e-06;
9.30644e-05;0;0;0;-1.26772e-06;
9.30744e-05;0;0;0;-1.26747e-06;
9.30844e-05;0;0;0;-1.26721e-06;
9.30944e-05;0;0;0;-1.26696e-06;
9.31044e-05;0;0;0;-1.26671e-06;
9.31144e-05;0;0;0;-1.26645e-06;
9.31244e-05;0;0;0;-1.2662e-06;
9.31344e-05;0;0;0;-1.26595e-06;
9.31444e-05;0;0;0;-1.26569e-06;
9.31544e-05;0;0;0;-1.26544e-06;
9.31644e-05;0;0;0;-1.26519e-06;
9.31744e-05;0;0;0;-1.26493e-06;
9.31844e-05;0;0;0;-1.26468e-06;
9.31944e-05;0;0;0;-1.26443e-06;
9.32044e-05;0;0;0;-1.26417e-06;
9.32144e-05;0;0;0;-1.26392e-06;
9.32244e-05;0;0;0;-1.26367e-06;
9.32344e-05;0;0;0;-1.26342e-06;
9.32444e-05;0;0;0;-1.26316e-06;
9.32544e-05;0;0;0;-1.26291e-06;
9.32644e-05;0;0;0;-1.26266e-06;
9.32744e-05;0;0;0;-1.26241e-06;
9.32844e-05;0;0;0;-1.26215e-06;
9.32944e-05;0;0;0;-1.2619e-06;
9.33044e-05;0;0;0;-1.26165e-06;
9.33144e-05;0;0;0;-1.2614e-06;
9.33244e-05;0;0;0;-1.26114e-06;
9.33344e-05;0;0;0;-1.26089e-06;
9.33444e-05;0;0;0;-1.26064e-06;
9.33544e-05;0;0;0;-1.26039e-06;
9.33644e-05;0;0;0;-1.26013e-06;
9.33744e-05;0;0;0;-1.25988e-06;
9.33844e-05;0;0;0;-1.25963e-06;
9.33944e-05;0;0;0;-1.25938e-06;
9.34044e-05;0;0;0;-1.25913e-06;
9.34144e-05;0;0;0;-1.25887e-06;
9.34244e-05;0;0;0;-1.25862e-06;
9.34344e-05;0;0;0;-1.25837e-06;
9.34444e-05;0;0;0;-1.25812e-06;
9.34544e-05;0;0;0;-1.25787e-06;
9.34644e-05;0;0;0;-1.25762e-06;
9.34744e-05;0;0;0;-1.25736e-06;
9.34844e-05;0;0;0;-1.25711e-06;
9.34944e-05;0;0;0;-1.25686e-06;
9.35044e-05;0;0;0;-1.25661e-06;
9.35144e-05;0;0;0;-1.25636e-06;
9.35244e-05;0;0;0;-1.25611e-06;
9.35344e-05;0;0;0;-1.25586e-06;
9.35444e-05;0;0;0;-1.2556e-06;
9.35544e-05;0;0;0;-1.25535e-06;
9.35644e-05;0;0;0;-1.2551e-06;
9.35744e-05;0;0;0;-1.25485e-06;
9.35844e-05;0;0;0;-1.2546e-06;
9.35944e-05;0;0;0;-1.25435e-06;
9.36044e-05;0;0;0;-1.2541e-06;
9.36144e-05;0;0;0;-1.25385e-06;
9.36244e-05;0;0;0;-1.2536e-06;
9.36344e-05;0;0;0;-1.25335e-06;
9.36444e-05;0;0;0;-1.25309e-06;
9.36544e-05;0;0;0;-1.25284e-06;
9.36644e-05;0;0;0;-1.25259e-06;
9.36744e-05;0;0;0;-1.25234e-06;
9.36844e-05;0;0;0;-1.25209e-06;
9.36944e-05;0;0;0;-1.25184e-06;
9.37044e-05;0;0;0;-1.25159e-06;
9.37144e-05;0;0;0;-1.25134e-06;
9.37244e-05;0;0;0;-1.25109e-06;
9.37344e-05;0;0;0;-1.25084e-06;
9.37444e-05;0;0;0;-1.25059e-06;
9.37544e-05;0;0;0;-1.25034e-06;
9.37644e-05;0;0;0;-1.25009e-06;
9.37744e-05;0;0;0;-1.24984e-06;
9.37844e-05;0;0;0;-1.24959e-06;
9.37944e-05;0;0;0;-1.24934e-06;
9.38044e-05;0;0;0;-1.24909e-06;
9.38144e-05;0;0;0;-1.24884e-06;
9.38244e-05;0;0;0;-1.24859e-06;
9.38344e-05;0;0;0;-1.24834e-06;
9.38444e-05;0;0;0;-1.24809e-06;
9.38544e-05;0;0;0;-1.24784e-06;
9.38644e-05;0;0;0;-1.24759e-06;
9.38744e-05;0;0;0;-1.24734e-06;
9.38844e-05;0;0;0;-1.24709e-06;
9.38944e-05;0;0;0;-1.24684e-06;
9.39044e-05;0;0;0;-1.24659e-06;
9.39144e-05;0;0;0;-1.24634e-06;
9.39244e-05;0;0;0;-1.24609e-06;
9.39344e-05;0;0;0;-1.24584e-06;
9.39444e-05;0;0;0;-1.2456e-06;
9.39544e-05;0;0;0;-1.24535e-06;
9.39644e-05;0;0;0;-1.2451e-06;
9.39744e-05;0;0;0;-1.24485e-06;
9.39844e-05;0;0;0;-1.2446e-06;
9.39944e-05;0;0;0;-1.24435e-06;
9.40044e-05;0;0;0;-1.2441e-06;
9.40144e-05;0;0;0;-1.24385e-06;
9.40244e-05;0;0;0;-1.2436e-06;
9.40344e-05;0;0;0;-1.24335e-06;
9.40444e-05;0;0;0;-1.24311e-06;
9.40544e-05;0;0;0;-1.24286e-06;
9.40644e-05;0;0;0;-1.24261e-06;
9.40744e-05;0;0;0;-1.24236e-06;
9.40844e-05;0;0;0;-1.24211e-06;
9.40944e-05;0;0;0;-1.24186e-06;
9.41044e-05;0;0;0;-1.24161e-06;
9.41144e-05;0;0;0;-1.24137e-06;
9.41244e-05;0;0;0;-1.24112e-06;
9.41344e-05;0;0;0;-1.24087e-06;
9.41444e-05;0;0;0;-1.24062e-06;
9.41544e-05;0;0;0;-1.24037e-06;
9.41644e-05;0;0;0;-1.24012e-06;
9.41744e-05;0;0;0;-1.23988e-06;
9.41844e-05;0;0;0;-1.23963e-06;
9.41944e-05;0;0;0;-1.23938e-06;
9.42044e-05;0;0;0;-1.23913e-06;
9.42144e-05;0;0;0;-1.23888e-06;
9.42244e-05;0;0;0;-1.23864e-06;
9.42344e-05;0;0;0;-1.23839e-06;
9.42444e-05;0;0;0;-1.23814e-06;
9.42544e-05;0;0;0;-1.23789e-06;
9.42644e-05;0;0;0;-1.23765e-06;
9.42744e-05;0;0;0;-1.2374e-06;
9.42844e-05;0;0;0;-1.23715e-06;
9.42944e-05;0;0;0;-1.2369e-06;
9.43044e-05;0;0;0;-1.23666e-06;
9.43144e-05;0;0;0;-1.23641e-06;
9.43244e-05;0;0;0;-1.23616e-06;
9.43344e-05;0;0;0;-1.23591e-06;
9.43444e-05;0;0;0;-1.23567e-06;
9.43544e-05;0;0;0;-1.23542e-06;
9.43644e-05;0;0;0;-1.23517e-06;
9.43744e-05;0;0;0;-1.23492e-06;
9.43844e-05;0;0;0;-1.23468e-06;
9.43944e-05;0;0;0;-1.23443e-06;
9.44044e-05;0;0;0;-1.23418e-06;
9.44144e-05;0;0;0;-1.23394e-06;
9.44244e-05;0;0;0;-1.23369e-06;
9.44344e-05;0;0;0;-1.23344e-06;
9.44444e-05;0;0;0;-1.2332e-06;
9.44544e-05;0;0;0;-1.23295e-06;
9.44644e-05;0;0;0;-1.2327e-06;
9.44744e-05;0;0;0;-1.23246e-06;
9.44844e-05;0;0;0;-1.23221e-06;
9.44944e-05;0;0;0;-1.23196e-06;
9.45044e-05;0;0;0;-1.23172e-06;
9.45144e-05;0;0;0;-1.23147e-06;
9.45244e-05;0;0;0;-1.23122e-06;
9.45344e-05;0;0;0;-1.23098e-06;
9.45444e-05;0;0;0;-1.23073e-06;
9.45544e-05;0;0;0;-1.23049e-06;
9.45644e-05;0;0;0;-1.23024e-06;
9.45744e-05;0;0;0;-1.22999e-06;
9.45844e-05;0;0;0;-1.22975e-06;
9.45944e-05;0;0;0;-1.2295e-06;
9.46044e-05;0;0;0;-1.22926e-06;
9.46144e-05;0;0;0;-1.22901e-06;
9.46244e-05;0;0;0;-1.22876e-06;
9.46344e-05;0;0;0;-1.22852e-06;
9.46444e-05;0;0;0;-1.22827e-06;
9.46544e-05;0;0;0;-1.22803e-06;
9.46644e-05;0;0;0;-1.22778e-06;
9.46744e-05;0;0;0;-1.22753e-06;
9.46844e-05;0;0;0;-1.22729e-06;
9.46944e-05;0;0;0;-1.22704e-06;
9.47044e-05;0;0;0;-1.2268e-06;
9.47144e-05;0;0;0;-1.22655e-06;
9.47244e-05;0;0;0;-1.22631e-06;
9.47344e-05;0;0;0;-1.22606e-06;
9.47444e-05;0;0;0;-1.22582e-06;
9.47544e-05;0;0;0;-1.22557e-06;
9.47644e-05;0;0;0;-1.22533e-06;
9.47744e-05;0;0;0;-1.22508e-06;
9.47844e-05;0;0;0;-1.22484e-06;
9.47944e-05;0;0;0;-1.22459e-06;
9.48044e-05;0;0;0;-1.22435e-06;
9.48144e-05;0;0;0;-1.2241e-06;
9.48244e-05;0;0;0;-1.22386e-06;
9.48344e-05;0;0;0;-1.22361e-06;
9.48444e-05;0;0;0;-1.22337e-06;
9.48544e-05;0;0;0;-1.22312e-06;
9.48644e-05;0;0;0;-1.22288e-06;
9.48744e-05;0;0;0;-1.22263e-06;
9.48844e-05;0;0;0;-1.22239e-06;
9.48944e-05;0;0;0;-1.22214e-06;
9.49044e-05;0;0;0;-1.2219e-06;
9.49144e-05;0;0;0;-1.22165e-06;
9.49244e-05;0;0;0;-1.22141e-06;
9.49344e-05;0;0;0;-1.22117e-06;
9.49444e-05;0;0;0;-1.22092e-06;
9.49544e-05;0;0;0;-1.22068e-06;
9.49644e-05;0;0;0;-1.22043e-06;
9.49744e-05;0;0;0;-1.22019e-06;
9.49844e-05;0;0;0;-1.21994e-06;
9.49944e-05;0;0;0;-1.2197e-06;
9.50044e-05;0;0;0;-1.21946e-06;
9.50144e-05;0;0;0;-1.21921e-06;
9.50244e-05;0;0;0;-1.21897e-06;
9.50344e-05;0;0;0;-1.21872e-06;
9.50444e-05;0;0;0;-1.21848e-06;
9.50544e-05;0;0;0;-1.21824e-06;
9.50644e-05;0;0;0;-1.21799e-06;
9.50744e-05;0;0;0;-1.21775e-06;
9.50844e-05;0;0;0;-1.21751e-06;
9.50944e-05;0;0;0;-1.21726e-06;
9.51044e-05;0;0;0;-1.21702e-06;
9.51144e-05;0;0;0;-1.21678e-06;
9.51244e-05;0;0;0;-1.21653e-06;
9.51344e-05;0;0;0;-1.21629e-06;
9.51444e-05;0;0;0;-1.21605e-06;
9.51544e-05;0;0;0;-1.2158e-06;
9.51644e-05;0;0;0;-1.21556e-06;
9.51744e-05;0;0;0;-1.21532e-06;
9.51844e-05;0;0;0;-1.21507e-06;
9.51944e-05;0;0;0;-1.21483e-06;
9.52044e-05;0;0;0;-1.21459e-06;
9.52144e-05;0;0;0;-1.21434e-06;
9.52244e-05;0;0;0;-1.2141e-06;
9.52344e-05;0;0;0;-1.21386e-06;
9.52444e-05;0;0;0;-1.21361e-06;
9.52544e-05;0;0;0;-1.21337e-06;
9.52644e-05;0;0;0;-1.21313e-06;
9.52744e-05;0;0;0;-1.21289e-06;
9.52844e-05;0;0;0;-1.21264e-06;
9.52944e-05;0;0;0;-1.2124e-06;
9.53044e-05;0;0;0;-1.21216e-06;
9.53144e-05;0;0;0;-1.21192e-06;
9.53244e-05;0;0;0;-1.21167e-06;
9.53344e-05;0;0;0;-1.21143e-06;
9.53444e-05;0;0;0;-1.21119e-06;
9.53544e-05;0;0;0;-1.21095e-06;
9.53644e-05;0;0;0;-1.2107e-06;
9.53744e-05;0;0;0;-1.21046e-06;
9.53844e-05;0;0;0;-1.21022e-06;
9.53944e-05;0;0;0;-1.20998e-06;
9.54044e-05;0;0;0;-1.20974e-06;
9.54144e-05;0;0;0;-1.20949e-06;
9.54244e-05;0;0;0;-1.20925e-06;
9.54344e-05;0;0;0;-1.20901e-06;
9.54444e-05;0;0;0;-1.20877e-06;
9.54544e-05;0;0;0;-1.20853e-06;
9.54644e-05;0;0;0;-1.20828e-06;
9.54744e-05;0;0;0;-1.20804e-06;
9.54844e-05;0;0;0;-1.2078e-06;
9.54944e-05;0;0;0;-1.20756e-06;
9.55044e-05;0;0;0;-1.20732e-06;
9.55144e-05;0;0;0;-1.20708e-06;
9.55244e-05;0;0;0;-1.20683e-06;
9.55344e-05;0;0;0;-1.20659e-06;
9.55444e-05;0;0;0;-1.20635e-06;
9.55544e-05;0;0;0;-1.20611e-06;
9.55644e-05;0;0;0;-1.20587e-06;
9.55744e-05;0;0;0;-1.20563e-06;
9.55844e-05;0;0;0;-1.20539e-06;
9.55944e-05;0;0;0;-1.20515e-06;
9.56044e-05;0;0;0;-1.2049e-06;
9.56144e-05;0;0;0;-1.20466e-06;
9.56244e-05;0;0;0;-1.20442e-06;
9.56344e-05;0;0;0;-1.20418e-06;
9.56444e-05;0;0;0;-1.20394e-06;
9.56544e-05;0;0;0;-1.2037e-06;
9.56644e-05;0;0;0;-1.20346e-06;
9.56744e-05;0;0;0;-1.20322e-06;
9.56844e-05;0;0;0;-1.20298e-06;
9.56944e-05;0;0;0;-1.20274e-06;
9.57044e-05;0;0;0;-1.2025e-06;
9.57144e-05;0;0;0;-1.20226e-06;
9.57244e-05;0;0;0;-1.20202e-06;
9.57344e-05;0;0;0;-1.20177e-06;
9.57444e-05;0;0;0;-1.20153e-06;
9.57544e-05;0;0;0;-1.20129e-06;
9.57644e-05;0;0;0;-1.20105e-06;
9.57744e-05;0;0;0;-1.20081e-06;
9.57844e-05;0;0;0;-1.20057e-06;
9.57944e-05;0;0;0;-1.20033e-06;
9.58044e-05;0;0;0;-1.20009e-06;
9.58144e-05;0;0;0;-1.19985e-06;
9.58244e-05;0;0;0;-1.19961e-06;
9.58344e-05;0;0;0;-1.19937e-06;
9.58444e-05;0;0;0;-1.19913e-06;
9.58544e-05;0;0;0;-1.19889e-06;
9.58644e-05;0;0;0;-1.19865e-06;
9.58744e-05;0;0;0;-1.19841e-06;
9.58844e-05;0;0;0;-1.19817e-06;
9.58944e-05;0;0;0;-1.19793e-06;
9.59044e-05;0;0;0;-1.19769e-06;
9.59144e-05;0;0;0;-1.19745e-06;
9.59244e-05;0;0;0;-1.19721e-06;
9.59344e-05;0;0;0;-1.19698e-06;
9.59444e-05;0;0;0;-1.19674e-06;
9.59544e-05;0;0;0;-1.1965e-06;
9.59644e-05;0;0;0;-1.19626e-06;
9.59744e-05;0;0;0;-1.19602e-06;
9.59844e-05;0;0;0;-1.19578e-06;
9.59944e-05;0;0;0;-1.19554e-06;
9.60044e-05;0;0;0;-1.1953e-06;
9.60144e-05;0;0;0;-1.19506e-06;
9.60244e-05;0;0;0;-1.19482e-06;
9.60344e-05;0;0;0;-1.19458e-06;
9.60444e-05;0;0;0;-1.19434e-06;
9.60544e-05;0;0;0;-1.1941e-06;
9.60644e-05;0;0;0;-1.19387e-06;
9.60744e-05;0;0;0;-1.19363e-06;
9.60844e-05;0;0;0;-1.19339e-06;
9.60944e-05;0;0;0;-1.19315e-06;
9.61044e-05;0;0;0;-1.19291e-06;
9.61144e-05;0;0;0;-1.19267e-06;
9.61244e-05;0;0;0;-1.19243e-06;
9.61344e-05;0;0;0;-1.1922e-06;
9.61444e-05;0;0;0;-1.19196e-06;
9.61544e-05;0;0;0;-1.19172e-06;
9.61644e-05;0;0;0;-1.19148e-06;
9.61744e-05;0;0;0;-1.19124e-06;
9.61844e-05;0;0;0;-1.191e-06;
9.61944e-05;0;0;0;-1.19076e-06;
9.62044e-05;0;0;0;-1.19053e-06;
9.62144e-05;0;0;0;-1.19029e-06;
9.62244e-05;0;0;0;-1.19005e-06;
9.62344e-05;0;0;0;-1.18981e-06;
9.62444e-05;0;0;0;-1.18957e-06;
9.62544e-05;0;0;0;-1.18934e-06;
9.62644e-05;0;0;0;-1.1891e-06;
9.62744e-05;0;0;0;-1.18886e-06;
9.62844e-05;0;0;0;-1.18862e-06;
9.62944e-05;0;0;0;-1.18838e-06;
9.63044e-05;0;0;0;-1.18815e-06;
9.63144e-05;0;0;0;-1.18791e-06;
9.63244e-05;0;0;0;-1.18767e-06;
9.63344e-05;0;0;0;-1.18743e-06;
9.63444e-05;0;0;0;-1.1872e-06;
9.63544e-05;0;0;0;-1.18696e-06;
9.63644e-05;0;0;0;-1.18672e-06;
9.63744e-05;0;0;0;-1.18648e-06;
9.63844e-05;0;0;0;-1.18625e-06;
9.63944e-05;0;0;0;-1.18601e-06;
9.64044e-05;0;0;0;-1.18577e-06;
9.64144e-05;0;0;0;-1.18553e-06;
9.64244e-05;0;0;0;-1.1853e-06;
9.64344e-05;0;0;0;-1.18506e-06;
9.64444e-05;0;0;0;-1.18482e-06;
9.64544e-05;0;0;0;-1.18459e-06;
9.64644e-05;0;0;0;-1.18435e-06;
9.64744e-05;0;0;0;-1.18411e-06;
9.64844e-05;0;0;0;-1.18388e-06;
9.64944e-05;0;0;0;-1.18364e-06;
9.65044e-05;0;0;0;-1.1834e-06;
9.65144e-05;0;0;0;-1.18317e-06;
9.65244e-05;0;0;0;-1.18293e-06;
9.65344e-05;0;0;0;-1.18269e-06;
9.65444e-05;0;0;0;-1.18246e-06;
9.65544e-05;0;0;0;-1.18222e-06;
9.65644e-05;0;0;0;-1.18198e-06;
9.65744e-05;0;0;0;-1.18175e-06;
9.65844e-05;0;0;0;-1.18151e-06;
9.65944e-05;0;0;0;-1.18127e-06;
9.66044e-05;0;0;0;-1.18104e-06;
9.66144e-05;0;0;0;-1.1808e-06;
9.66244e-05;0;0;0;-1.18056e-06;
9.66344e-05;0;0;0;-1.18033e-06;
9.66444e-05;0;0;0;-1.18009e-06;
9.66544e-05;0;0;0;-1.17986e-06;
9.66644e-05;0;0;0;-1.17962e-06;
9.66744e-05;0;0;0;-1.17938e-06;
9.66844e-05;0;0;0;-1.17915e-06;
9.66944e-05;0;0;0;-1.17891e-06;
9.67044e-05;0;0;0;-1.17868e-06;
9.67144e-05;0;0;0;-1.17844e-06;
9.67244e-05;0;0;0;-1.1782e-06;
9.67344e-05;0;0;0;-1.17797e-06;
9.67444e-05;0;0;0;-1.17773e-06;
9.67544e-05;0;0;0;-1.1775e-06;
9.67644e-05;0;0;0;-1.17726e-06;
9.67744e-05;0;0;0;-1.17703e-06;
9.67844e-05;0;0;0;-1.17679e-06;
9.67944e-05;0;0;0;-1.17656e-06;
9.68044e-05;0;0;0;-1.17632e-06;
9.68144e-05;0;0;0;-1.17608e-06;
9.68244e-05;0;0;0;-1.17585e-06;
9.68344e-05;0;0;0;-1.17561e-06;
9.68444e-05;0;0;0;-1.17538e-06;
9.68544e-05;0;0;0;-1.17514e-06;
9.68644e-05;0;0;0;-1.17491e-06;
9.68744e-05;0;0;0;-1.17467e-06;
9.68844e-05;0;0;0;-1.17444e-06;
9.68944e-05;0;0;0;-1.1742e-06;
9.69044e-05;0;0;0;-1.17397e-06;
9.69144e-05;0;0;0;-1.17373e-06;
9.69244e-05;0;0;0;-1.1735e-06;
9.69344e-05;0;0;0;-1.17326e-06;
9.69444e-05;0;0;0;-1.17303e-06;
9.69544e-05;0;0;0;-1.17279e-06;
9.69644e-05;0;0;0;-1.17256e-06;
9.69744e-05;0;0;0;-1.17233e-06;
9.69844e-05;0;0;0;-1.17209e-06;
9.69944e-05;0;0;0;-1.17186e-06;
9.70044e-05;0;0;0;-1.17162e-06;
9.70144e-05;0;0;0;-1.17139e-06;
9.70244e-05;0;0;0;-1.17115e-06;
9.70344e-05;0;0;0;-1.17092e-06;
9.70444e-05;0;0;0;-1.17068e-06;
9.70544e-05;0;0;0;-1.17045e-06;
9.70644e-05;0;0;0;-1.17022e-06;
9.70744e-05;0;0;0;-1.16998e-06;
9.70844e-05;0;0;0;-1.16975e-06;
9.70944e-05;0;0;0;-1.16951e-06;
9.71044e-05;0;0;0;-1.16928e-06;
9.71144e-05;0;0;0;-1.16905e-06;
9.71244e-05;0;0;0;-1.16881e-06;
9.71344e-05;0;0;0;-1.16858e-06;
9.71444e-05;0;0;0;-1.16835e-06;
9.71544e-05;0;0;0;-1.16811e-06;
9.71644e-05;0;0;0;-1.16788e-06;
9.71744e-05;0;0;0;-1.16764e-06;
9.71844e-05;0;0;0;-1.16741e-06;
9.71944e-05;0;0;0;-1.16718e-06;
9.72044e-05;0;0;0;-1.16694e-06;
9.72144e-05;0;0;0;-1.16671e-06;
9.72244e-05;0;0;0;-1.16648e-06;
9.72344e-05;0;0;0;-1.16624e-06;
9.72444e-05;0;0;0;-1.16601e-06;
9.72544e-05;0;0;0;-1.16578e-06;
9.72644e-05;0;0;0;-1.16554e-06;
9.72744e-05;0;0;0;-1.16531e-06;
9.72844e-05;0;0;0;-1.16508e-06;
9.72944e-05;0;0;0;-1.16484e-06;
9.73044e-05;0;0;0;-1.16461e-06;
9.73144e-05;0;0;0;-1.16438e-06;
9.73244e-05;0;0;0;-1.16414e-06;
9.73344e-05;0;0;0;-1.16391e-06;
9.73444e-05;0;0;0;-1.16368e-06;
9.73544e-05;0;0;0;-1.16345e-06;
9.73644e-05;0;0;0;-1.16321e-06;
9.73744e-05;0;0;0;-1.16298e-06;
9.73844e-05;0;0;0;-1.16275e-06;
9.73944e-05;0;0;0;-1.16252e-06;
9.74044e-05;0;0;0;-1.16228e-06;
9.74144e-05;0;0;0;-1.16205e-06;
9.74244e-05;0;0;0;-1.16182e-06;
9.74344e-05;0;0;0;-1.16159e-06;
9.74444e-05;0;0;0;-1.16135e-06;
9.74544e-05;0;0;0;-1.16112e-06;
9.74644e-05;0;0;0;-1.16089e-06;
9.74744e-05;0;0;0;-1.16066e-06;
9.74844e-05;0;0;0;-1.16042e-06;
9.74944e-05;0;0;0;-1.16019e-06;
9.75044e-05;0;0;0;-1.15996e-06;
9.75144e-05;0;0;0;-1.15973e-06;
9.75244e-05;0;0;0;-1.1595e-06;
9.75344e-05;0;0;0;-1.15926e-06;
9.75444e-05;0;0;0;-1.15903e-06;
9.75544e-05;0;0;0;-1.1588e-06;
9.75644e-05;0;0;0;-1.15857e-06;
9.75744e-05;0;0;0;-1.15834e-06;
9.75844e-05;0;0;0;-1.1581e-06;
9.75944e-05;0;0;0;-1.15787e-06;
9.76044e-05;0;0;0;-1.15764e-06;
9.76144e-05;0;0;0;-1.15741e-06;
9.76244e-05;0;0;0;-1.15718e-06;
9.76344e-05;0;0;0;-1.15695e-06;
9.76444e-05;0;0;0;-1.15672e-06;
9.76544e-05;0;0;0;-1.15648e-06;
9.76644e-05;0;0;0;-1.15625e-06;
9.76744e-05;0;0;0;-1.15602e-06;
9.76844e-05;0;0;0;-1.15579e-06;
9.76944e-05;0;0;0;-1.15556e-06;
9.77044e-05;0;0;0;-1.15533e-06;
9.77144e-05;0;0;0;-1.1551e-06;
9.77244e-05;0;0;0;-1.15487e-06;
9.77344e-05;0;0;0;-1.15463e-06;
9.77444e-05;0;0;0;-1.1544e-06;
9.77544e-05;0;0;0;-1.15417e-06;
9.77644e-05;0;0;0;-1.15394e-06;
9.77744e-05;0;0;0;-1.15371e-06;
9.77844e-05;0;0;0;-1.15348e-06;
9.77944e-05;0;0;0;-1.15325e-06;
9.78044e-05;0;0;0;-1.15302e-06;
9.78144e-05;0;0;0;-1.15279e-06;
9.78244e-05;0;0;0;-1.15256e-06;
9.78344e-05;0;0;0;-1.15233e-06;
9.78444e-05;0;0;0;-1.1521e-06;
9.78544e-05;0;0;0;-1.15187e-06;
9.78644e-05;0;0;0;-1.15163e-06;
9.78744e-05;0;0;0;-1.1514e-06;
9.78844e-05;0;0;0;-1.15117e-06;
9.78944e-05;0;0;0;-1.15094e-06;
9.79044e-05;0;0;0;-1.15071e-06;
9.79144e-05;0;0;0;-1.15048e-06;
9.79244e-05;0;0;0;-1.15025e-06;
9.79344e-05;0;0;0;-1.15002e-06;
9.79444e-05;0;0;0;-1.14979e-06;
9.79544e-05;0;0;0;-1.14956e-06;
9.79644e-05;0;0;0;-1.14933e-06;
9.79744e-05;0;0;0;-1.1491e-06;
9.79844e-05;0;0;0;-1.14887e-06;
9.79944e-05;0;0;0;-1.14864e-06;
9.80044e-05;0;0;0;-1.14841e-06;
9.80144e-05;0;0;0;-1.14818e-06;
9.80244e-05;0;0;0;-1.14795e-06;
9.80344e-05;0;0;0;-1.14772e-06;
9.80444e-05;0;0;0;-1.14749e-06;
9.80544e-05;0;0;0;-1.14727e-06;
9.80644e-05;0;0;0;-1.14704e-06;
9.80744e-05;0;0;0;-1.14681e-06;
9.80844e-05;0;0;0;-1.14658e-06;
9.80944e-05;0;0;0;-1.14635e-06;
9.81044e-05;0;0;0;-1.14612e-06;
9.81144e-05;0;0;0;-1.14589e-06;
9.81244e-05;0;0;0;-1.14566e-06;
9.81344e-05;0;0;0;-1.14543e-06;
9.81444e-05;0;0;0;-1.1452e-06;
9.81544e-05;0;0;0;-1.14497e-06;
9.81644e-05;0;0;0;-1.14474e-06;
9.81744e-05;0;0;0;-1.14451e-06;
9.81844e-05;0;0;0;-1.14428e-06;
9.81944e-05;0;0;0;-1.14406e-06;
9.82044e-05;0;0;0;-1.14383e-06;
9.82144e-05;0;0;0;-1.1436e-06;
9.82244e-05;0;0;0;-1.14337e-06;
9.82344e-05;0;0;0;-1.14314e-06;
9.82444e-05;0;0;0;-1.14291e-06;
9.82544e-05;0;0;0;-1.14268e-06;
9.82644e-05;0;0;0;-1.14245e-06;
9.82744e-05;0;0;0;-1.14223e-06;
9.82844e-05;0;0;0;-1.142e-06;
9.82944e-05;0;0;0;-1.14177e-06;
9.83044e-05;0;0;0;-1.14154e-06;
9.83144e-05;0;0;0;-1.14131e-06;
9.83244e-05;0;0;0;-1.14108e-06;
9.83344e-05;0;0;0;-1.14086e-06;
9.83444e-05;0;0;0;-1.14063e-06;
9.83544e-05;0;0;0;-1.1404e-06;
9.83644e-05;0;0;0;-1.14017e-06;
9.83744e-05;0;0;0;-1.13994e-06;
9.83844e-05;0;0;0;-1.13972e-06;
9.83944e-05;0;0;0;-1.13949e-06;
9.84044e-05;0;0;0;-1.13926e-06;
9.84144e-05;0;0;0;-1.13903e-06;
9.84244e-05;0;0;0;-1.1388e-06;
9.84344e-05;0;0;0;-1.13858e-06;
9.84444e-05;0;0;0;-1.13835e-06;
9.84544e-05;0;0;0;-1.13812e-06;
9.84644e-05;0;0;0;-1.13789e-06;
9.84744e-05;0;0;0;-1.13766e-06;
9.84844e-05;0;0;0;-1.13744e-06;
9.84944e-05;0;0;0;-1.13721e-06;
9.85044e-05;0;0;0;-1.13698e-06;
9.85144e-05;0;0;0;-1.13675e-06;
9.85244e-05;0;0;0;-1.13653e-06;
9.85344e-05;0;0;0;-1.1363e-06;
9.85444e-05;0;0;0;-1.13607e-06;
9.85544e-05;0;0;0;-1.13585e-06;
9.85644e-05;0;0;0;-1.13562e-06;
9.85744e-05;0;0;0;-1.13539e-06;
9.85844e-05;0;0;0;-1.13516e-06;
9.85944e-05;0;0;0;-1.13494e-06;
9.86044e-05;0;0;0;-1.13471e-06;
9.86144e-05;0;0;0;-1.13448e-06;
9.86244e-05;0;0;0;-1.13426e-06;
9.86344e-05;0;0;0;-1.13403e-06;
9.86444e-05;0;0;0;-1.1338e-06;
9.86544e-05;0;0;0;-1.13357e-06;
9.86644e-05;0;0;0;-1.13335e-06;
9.86744e-05;0;0;0;-1.13312e-06;
9.86844e-05;0;0;0;-1.13289e-06;
9.86944e-05;0;0;0;-1.13267e-06;
9.87044e-05;0;0;0;-1.13244e-06;
9.87144e-05;0;0;0;-1.13221e-06;
9.87244e-05;0;0;0;-1.13199e-06;
9.87344e-05;0;0;0;-1.13176e-06;
9.87444e-05;0;0;0;-1.13154e-06;
9.87544e-05;0;0;0;-1.13131e-06;
9.87644e-05;0;0;0;-1.13108e-06;
9.87744e-05;0;0;0;-1.13086e-06;
9.87844e-05;0;0;0;-1.13063e-06;
9.87944e-05;0;0;0;-1.1304e-06;
9.88044e-05;0;0;0;-1.13018e-06;
9.88144e-05;0;0;0;-1.12995e-06;
9.88244e-05;0;0;0;-1.12973e-06;
9.88344e-05;0;0;0;-1.1295e-06;
9.88444e-05;0;0;0;-1.12927e-06;
9.88544e-05;0;0;0;-1.12905e-06;
9.88644e-05;0;0;0;-1.12882e-06;
9.88744e-05;0;0;0;-1.1286e-06;
9.88844e-05;0;0;0;-1.12837e-06;
9.88944e-05;0;0;0;-1.12814e-06;
9.89044e-05;0;0;0;-1.12792e-06;
9.89144e-05;0;0;0;-1.12769e-06;
9.89244e-05;0;0;0;-1.12747e-06;
9.89344e-05;0;0;0;-1.12724e-06;
9.89444e-05;0;0;0;-1.12702e-06;
9.89544e-05;0;0;0;-1.12679e-06;
9.89644e-05;0;0;0;-1.12657e-06;
9.89744e-05;0;0;0;-1.12634e-06;
9.89844e-05;0;0;0;-1.12611e-06;
9.89944e-05;0;0;0;-1.12589e-06;
9.90044e-05;0;0;0;-1.12566e-06;
9.90144e-05;0;0;0;-1.12544e-06;
9.90244e-05;0;0;0;-1.12521e-06;
9.90344e-05;0;0;0;-1.12499e-06;
9.90444e-05;0;0;0;-1.12476e-06;
9.90544e-05;0;0;0;-1.12454e-06;
9.90644e-05;0;0;0;-1.12431e-06;
9.90744e-05;0;0;0;-1.12409e-06;
9.90844e-05;0;0;0;-1.12386e-06;
9.90944e-05;0;0;0;-1.12364e-06;
9.91044e-05;0;0;0;-1.12341e-06;
9.91144e-05;0;0;0;-1.12319e-06;
9.91244e-05;0;0;0;-1.12297e-06;
9.91344e-05;0;0;0;-1.12274e-06;
9.91444e-05;0;0;0;-1.12252e-06;
9.91544e-05;0;0;0;-1.12229e-06;
9.91644e-05;0;0;0;-1.12207e-06;
9.91744e-05;0;0;0;-1.12184e-06;
9.91844e-05;0;0;0;-1.12162e-06;
9.91944e-05;0;0;0;-1.12139e-06;
9.92044e-05;0;0;0;-1.12117e-06;
9.92144e-05;0;0;0;-1.12094e-06;
9.92244e-05;0;0;0;-1.12072e-06;
9.92344e-05;0;0;0;-1.1205e-06;
9.92444e-05;0;0;0;-1.12027e-06;
9.92544e-05;0;0;0;-1.12005e-06;
9.92644e-05;0;0;0;-1.11982e-06;
9.92744e-05;0;0;0;-1.1196e-06;
9.92844e-05;0;0;0;-1.11938e-06;
9.92944e-05;0;0;0;-1.11915e-06;
9.93044e-05;0;0;0;-1.11893e-06;
9.93144e-05;0;0;0;-1.1187e-06;
9.93244e-05;0;0;0;-1.11848e-06;
9.93344e-05;0;0;0;-1.11826e-06;
9.93444e-05;0;0;0;-1.11803e-06;
9.93544e-05;0;0;0;-1.11781e-06;
9.93644e-05;0;0;0;-1.11759e-06;
9.93744e-05;0;0;0;-1.11736e-06;
9.93844e-05;0;0;0;-1.11714e-06;
9.93944e-05;0;0;0;-1.11691e-06;
9.94044e-05;0;0;0;-1.11669e-06;
9.94144e-05;0;0;0;-1.11647e-06;
9.94244e-05;0;0;0;-1.11624e-06;
9.94344e-05;0;0;0;-1.11602e-06;
9.94444e-05;0;0;0;-1.1158e-06;
9.94544e-05;0;0;0;-1.11557e-06;
9.94644e-05;0;0;0;-1.11535e-06;
9.94744e-05;0;0;0;-1.11513e-06;
9.94844e-05;0;0;0;-1.11491e-06;
9.94944e-05;0;0;0;-1.11468e-06;
9.95044e-05;0;0;0;-1.11446e-06;
9.95144e-05;0;0;0;-1.11424e-06;
9.95244e-05;0;0;0;-1.11401e-06;
9.95344e-05;0;0;0;-1.11379e-06;
9.95444e-05;0;0;0;-1.11357e-06;
9.95544e-05;0;0;0;-1.11335e-06;
9.95644e-05;0;0;0;-1.11312e-06;
9.95744e-05;0;0;0;-1.1129e-06;
9.95844e-05;0;0;0;-1.11268e-06;
9.95944e-05;0;0;0;-1.11245e-06;
9.96044e-05;0;0;0;-1.11223e-06;
9.96144e-05;0;0;0;-1.11201e-06;
9.96244e-05;0;0;0;-1.11179e-06;
9.96344e-05;0;0;0;-1.11156e-06;
9.96444e-05;0;0;0;-1.11134e-06;
9.96544e-05;0;0;0;-1.11112e-06;
9.96644e-05;0;0;0;-1.1109e-06;
9.96744e-05;0;0;0;-1.11068e-06;
9.96844e-05;0;0;0;-1.11045e-06;
9.96944e-05;0;0;0;-1.11023e-06;
9.97044e-05;0;0;0;-1.11001e-06;
9.97144e-05;0;0;0;-1.10979e-06;
9.97244e-05;0;0;0;-1.10956e-06;
9.97344e-05;0;0;0;-1.10934e-06;
9.97444e-05;0;0;0;-1.10912e-06;
9.97544e-05;0;0;0;-1.1089e-06;
9.97644e-05;0;0;0;-1.10868e-06;
9.97744e-05;0;0;0;-1.10846e-06;
9.97844e-05;0;0;0;-1.10823e-06;
9.97944e-05;0;0;0;-1.10801e-06;
9.98044e-05;0;0;0;-1.10779e-06;
9.98144e-05;0;0;0;-1.10757e-06;
9.98244e-05;0;0;0;-1.10735e-06;
9.98344e-05;0;0;0;-1.10713e-06;
9.98444e-05;0;0;0;-1.1069e-06;
9.98544e-05;0;0;0;-1.10668e-06;
9.98644e-05;0;0;0;-1.10646e-06;
9.98744e-05;0;0;0;-1.10624e-06;
9.98844e-05;0;0;0;-1.10602e-06;
9.98944e-05;0;0;0;-1.1058e-06;
9.99044e-05;0;0;0;-1.10558e-06;
9.99144e-05;0;0;0;-1.10535e-06;
9.99244e-05;0;0;0;-1.10513e-06;
9.99344e-05;0;0;0;-1.10491e-06;
9.99444e-05;0;0;0;-1.10469e-06;
9.99544e-05;0;0;0;-1.10447e-06;
9.99644e-05;0;0;0;-1.10425e-06;
9.99744e-05;0;0;0;-1.10403e-06;
9.99844e-05;0;0;0;-1.10381e-06;
9.99944e-05;0;0;0;-1.10359e-06;
0.0001;0;0;0;-1.10346e-06;
