                                kicad schematic
                                Transient Analysis  Mon Jun 22 20:01:16  2026
--------------------------------------------------------------------------------
Index   time            /vin            /vout           net-_r1-pad1_   
--------------------------------------------------------------------------------
0	0.000000e+00	0.000000e+00	0.000000e+00	0.000000e+00	
1	1.000000e-11	6.283185e-05	5.665721e-07	2.833642e-07	
2	1.449680e-11	9.108610e-05	9.356815e-07	4.679540e-07	
3	2.349041e-11	1.475946e-04	1.902102e-06	9.512342e-07	
4	4.147763e-11	2.606113e-04	5.198594e-06	2.599620e-06	
5	7.745207e-11	4.866438e-04	1.719107e-05	8.596132e-06	
6	1.494009e-10	9.387000e-04	6.234084e-05	3.117155e-05	
7	2.932987e-10	1.842746e-03	2.339553e-04	1.169798e-04	
8	5.810942e-10	3.650311e-03	8.774949e-04	4.387515e-04	
9	1.156685e-09	7.261271e-03	3.191582e-03	1.595798e-03	
10	2.156685e-09	1.350942e-02	9.683046e-03	4.841534e-03	
11	3.156685e-09	1.970425e-02	1.837217e-02	9.186099e-03	
12	4.156685e-09	2.582132e-02	2.839899e-02	1.419951e-02	
13	5.156685e-09	3.183648e-02	3.920316e-02	1.960160e-02	
14	6.156685e-09	3.772600e-02	5.041360e-02	2.520682e-02	
15	7.156685e-09	4.346664e-02	6.177889e-02	3.088946e-02	
16	8.156685e-09	4.903573e-02	7.312353e-02	3.656178e-02	
17	9.156685e-09	5.441129e-02	8.432033e-02	4.216018e-02	
18	1.015669e-08	5.957213e-02	9.527313e-02	4.763658e-02	
19	1.115669e-08	6.449785e-02	1.059059e-01	5.295298e-02	
20	1.215669e-08	6.916904e-02	1.161561e-01	5.807805e-02	
21	1.315669e-08	7.356724e-02	1.259701e-01	6.298505e-02	
22	1.415669e-08	7.767511e-02	1.353010e-01	6.765050e-02	
23	1.515669e-08	8.147643e-02	1.441068e-01	7.205339e-02	
24	1.615669e-08	8.495620e-02	1.523494e-01	7.617472e-02	
25	1.715669e-08	8.810069e-02	1.599943e-01	7.999718e-02	
26	1.815669e-08	9.089749e-02	1.670101e-01	8.350504e-02	
27	1.915669e-08	9.333555e-02	1.733681e-01	8.668405e-02	
28	2.015669e-08	9.540526e-02	1.790428e-01	8.952140e-02	
29	2.115669e-08	9.709845e-02	1.840114e-01	9.200572e-02	
30	2.215669e-08	9.840844e-02	1.882542e-01	9.412712e-02	
31	2.315669e-08	9.933005e-02	1.917543e-01	9.587715e-02	
32	2.415669e-08	9.985965e-02	1.944977e-01	9.724886e-02	
33	2.515669e-08	9.999515e-02	1.964737e-01	9.823683e-02	
34	2.615669e-08	9.973602e-02	1.976742e-01	9.883713e-02	
35	2.715669e-08	9.908328e-02	1.980947e-01	9.904737e-02	
36	2.815669e-08	9.803949e-02	1.977335e-01	9.886674e-02	
37	2.915669e-08	9.660880e-02	1.965919e-01	9.829593e-02	
38	3.015669e-08	9.479683e-02	1.946744e-01	9.733720e-02	
39	3.115669e-08	9.261074e-02	1.919886e-01	9.599432e-02	
40	3.215669e-08	9.005916e-02	1.885452e-01	9.427260e-02	
41	3.315669e-08	8.715215e-02	1.843577e-01	9.217883e-02	
42	3.415669e-08	8.390120e-02	1.794426e-01	8.972127e-02	
43	3.515669e-08	8.031912e-02	1.738193e-01	8.690962e-02	
44	3.615669e-08	7.642007e-02	1.675100e-01	8.375499e-02	
45	3.715669e-08	7.221942e-02	1.605396e-01	8.026980e-02	
46	3.815669e-08	6.773375e-02	1.529357e-01	7.646784e-02	
47	3.915669e-08	6.298077e-02	1.447282e-01	7.236408e-02	
48	4.015669e-08	5.797923e-02	1.359495e-01	6.797474e-02	
49	4.115669e-08	5.274887e-02	1.266343e-01	6.331714e-02	
50	4.215669e-08	4.731034e-02	1.168193e-01	5.840965e-02	
51	4.315669e-08	4.168509e-02	1.065433e-01	5.327164e-02	
52	4.415669e-08	3.589534e-02	9.584683e-02	4.792340e-02	
53	4.515669e-08	2.996392e-02	8.477207e-02	4.238602e-02	
54	4.615669e-08	2.391425e-02	7.336277e-02	3.668137e-02	

Index   time            /vin            /vout           net-_r1-pad1_   
--------------------------------------------------------------------------------
55	4.715669e-08	1.777020e-02	6.166393e-02	3.083195e-02	
56	4.815669e-08	1.155601e-02	4.972173e-02	2.486085e-02	
57	4.915669e-08	5.296224e-03	3.758331e-02	1.879164e-02	
58	5.015669e-08	-9.84466e-04	2.529656e-02	1.264826e-02	
59	5.115669e-08	-7.26127e-03	1.290997e-02	6.454968e-03	
60	5.215669e-08	-1.35094e-02	4.724376e-04	2.362016e-04	
61	5.315669e-08	-1.97043e-02	-1.19670e-02	-5.98350e-03	
62	5.415669e-08	-2.58213e-02	-2.43591e-02	-1.21796e-02	
63	5.515669e-08	-3.18365e-02	-3.66552e-02	-1.83276e-02	
64	5.615669e-08	-3.77260e-02	-4.88065e-02	-2.44033e-02	
65	5.715669e-08	-4.34666e-02	-6.07653e-02	-3.03827e-02	
66	5.815669e-08	-4.90357e-02	-7.24842e-02	-3.62421e-02	
67	5.915669e-08	-5.44113e-02	-8.39171e-02	-4.19586e-02	
68	6.015669e-08	-5.95721e-02	-9.50188e-02	-4.75094e-02	
69	6.115669e-08	-6.44979e-02	-1.05746e-01	-5.28728e-02	
70	6.215669e-08	-6.91690e-02	-1.16055e-01	-5.80275e-02	
71	6.315669e-08	-7.35672e-02	-1.25906e-01	-6.29531e-02	
72	6.415669e-08	-7.76751e-02	-1.35261e-01	-6.76304e-02	
73	6.515669e-08	-8.14764e-02	-1.44081e-01	-7.20407e-02	
74	6.615669e-08	-8.49562e-02	-1.52333e-01	-7.61667e-02	
75	6.715669e-08	-8.81007e-02	-1.59984e-01	-7.99921e-02	
76	6.815669e-08	-9.08975e-02	-1.67004e-01	-8.35019e-02	
77	6.915669e-08	-9.33355e-02	-1.73364e-01	-8.66820e-02	
78	7.015669e-08	-9.54053e-02	-1.79040e-01	-8.95201e-02	
79	7.115669e-08	-9.70984e-02	-1.84010e-01	-9.20049e-02	
80	7.215669e-08	-9.84084e-02	-1.88253e-01	-9.41266e-02	
81	7.315669e-08	-9.93300e-02	-1.91754e-01	-9.58768e-02	
82	7.415669e-08	-9.98597e-02	-1.94497e-01	-9.72487e-02	
83	7.515669e-08	-9.99952e-02	-1.96473e-01	-9.82367e-02	
84	7.615669e-08	-9.97360e-02	-1.97674e-01	-9.88370e-02	
85	7.715669e-08	-9.90833e-02	-1.98095e-01	-9.90473e-02	
86	7.815669e-08	-9.80395e-02	-1.97733e-01	-9.88667e-02	
87	7.915669e-08	-9.66088e-02	-1.96592e-01	-9.82959e-02	
88	8.015669e-08	-9.47968e-02	-1.94674e-01	-9.73372e-02	
89	8.115669e-08	-9.26107e-02	-1.91989e-01	-9.59943e-02	
90	8.215669e-08	-9.00592e-02	-1.88545e-01	-9.42726e-02	
91	8.315669e-08	-8.71522e-02	-1.84358e-01	-9.21788e-02	
92	8.415669e-08	-8.39012e-02	-1.79443e-01	-8.97213e-02	
93	8.515669e-08	-8.03191e-02	-1.73819e-01	-8.69096e-02	
94	8.615669e-08	-7.64201e-02	-1.67510e-01	-8.37550e-02	
95	8.715669e-08	-7.22194e-02	-1.60540e-01	-8.02698e-02	
96	8.815669e-08	-6.77337e-02	-1.52936e-01	-7.64678e-02	
97	8.915669e-08	-6.29808e-02	-1.44728e-01	-7.23641e-02	
98	9.015669e-08	-5.79792e-02	-1.35950e-01	-6.79747e-02	
99	9.115669e-08	-5.27489e-02	-1.26634e-01	-6.33171e-02	
100	9.215669e-08	-4.73103e-02	-1.16819e-01	-5.84096e-02	
101	9.315669e-08	-4.16851e-02	-1.06543e-01	-5.32716e-02	
102	9.415669e-08	-3.58953e-02	-9.58468e-02	-4.79234e-02	
103	9.515669e-08	-2.99639e-02	-8.47721e-02	-4.23860e-02	
104	9.615669e-08	-2.39142e-02	-7.33628e-02	-3.66814e-02	
105	9.715669e-08	-1.77702e-02	-6.16639e-02	-3.08319e-02	
106	9.815669e-08	-1.15560e-02	-4.97217e-02	-2.48608e-02	
107	9.915669e-08	-5.29622e-03	-3.75833e-02	-1.87916e-02	
108	1.001567e-07	9.844659e-04	-2.52966e-02	-1.26483e-02	
109	1.011567e-07	7.261271e-03	-1.29100e-02	-6.45497e-03	
110	1.021567e-07	1.350942e-02	-4.72438e-04	-2.36202e-04	
111	1.031567e-07	1.970425e-02	1.196696e-02	5.983497e-03	
112	1.041567e-07	2.582132e-02	2.435913e-02	1.217958e-02	

Index   time            /vin            /vout           net-_r1-pad1_   
--------------------------------------------------------------------------------
113	1.051567e-07	3.183648e-02	3.665517e-02	1.832760e-02	
114	1.061567e-07	3.772600e-02	4.880654e-02	2.440329e-02	
115	1.071567e-07	4.346664e-02	6.076530e-02	3.038267e-02	
116	1.081567e-07	4.903573e-02	7.248424e-02	3.624214e-02	
117	1.091567e-07	5.441129e-02	8.391712e-02	4.195858e-02	
118	1.101567e-07	5.957213e-02	9.501882e-02	4.750943e-02	
119	1.111567e-07	6.449785e-02	1.057455e-01	5.287278e-02	
120	1.121567e-07	6.916904e-02	1.160549e-01	5.802747e-02	
121	1.131567e-07	7.356724e-02	1.259063e-01	6.295314e-02	
122	1.141567e-07	7.767511e-02	1.352607e-01	6.763038e-02	
123	1.151567e-07	8.147643e-02	1.440814e-01	7.204070e-02	
124	1.161567e-07	8.495620e-02	1.523334e-01	7.616671e-02	
125	1.171567e-07	8.810069e-02	1.599842e-01	7.999213e-02	
126	1.181567e-07	9.089749e-02	1.670037e-01	8.350186e-02	
127	1.191567e-07	9.333555e-02	1.733641e-01	8.668204e-02	
128	1.201567e-07	9.540526e-02	1.790402e-01	8.952013e-02	
129	1.211567e-07	9.709845e-02	1.840098e-01	9.200492e-02	
130	1.221567e-07	9.840844e-02	1.882532e-01	9.412661e-02	
131	1.231567e-07	9.933005e-02	1.917537e-01	9.587683e-02	
132	1.241567e-07	9.985965e-02	1.944973e-01	9.724866e-02	
133	1.251567e-07	9.999515e-02	1.964734e-01	9.823670e-02	
134	1.261567e-07	9.973602e-02	1.976741e-01	9.883705e-02	
135	1.271567e-07	9.908328e-02	1.980946e-01	9.904732e-02	
136	1.281567e-07	9.803949e-02	1.977334e-01	9.886671e-02	
137	1.291567e-07	9.660880e-02	1.965918e-01	9.829591e-02	
138	1.301567e-07	9.479683e-02	1.946744e-01	9.733718e-02	
139	1.311567e-07	9.261074e-02	1.919886e-01	9.599431e-02	
140	1.321567e-07	9.005916e-02	1.885452e-01	9.427259e-02	
141	1.331567e-07	8.715215e-02	1.843577e-01	9.217882e-02	
142	1.341567e-07	8.390120e-02	1.794426e-01	8.972127e-02	
143	1.351567e-07	8.031912e-02	1.738193e-01	8.690962e-02	
144	1.361567e-07	7.642007e-02	1.675100e-01	8.375499e-02	
145	1.371567e-07	7.221942e-02	1.605396e-01	8.026980e-02	
146	1.381567e-07	6.773375e-02	1.529357e-01	7.646784e-02	
147	1.391567e-07	6.298077e-02	1.447282e-01	7.236408e-02	
148	1.401567e-07	5.797923e-02	1.359495e-01	6.797474e-02	
149	1.411567e-07	5.274887e-02	1.266343e-01	6.331714e-02	
150	1.421567e-07	4.731034e-02	1.168193e-01	5.840965e-02	
151	1.431567e-07	4.168509e-02	1.065433e-01	5.327164e-02	
152	1.441567e-07	3.589534e-02	9.584683e-02	4.792340e-02	
153	1.451567e-07	2.996392e-02	8.477207e-02	4.238602e-02	
154	1.461567e-07	2.391425e-02	7.336277e-02	3.668137e-02	
155	1.471567e-07	1.777020e-02	6.166393e-02	3.083195e-02	
156	1.481567e-07	1.155601e-02	4.972173e-02	2.486085e-02	
157	1.491567e-07	5.296224e-03	3.758331e-02	1.879164e-02	
158	1.501567e-07	-9.84466e-04	2.529656e-02	1.264826e-02	
159	1.511567e-07	-7.26127e-03	1.290997e-02	6.454968e-03	
160	1.521567e-07	-1.35094e-02	4.724376e-04	2.362016e-04	
161	1.531567e-07	-1.97043e-02	-1.19670e-02	-5.98350e-03	
162	1.541567e-07	-2.58213e-02	-2.43591e-02	-1.21796e-02	
163	1.551567e-07	-3.18365e-02	-3.66552e-02	-1.83276e-02	
164	1.561567e-07	-3.77260e-02	-4.88065e-02	-2.44033e-02	
165	1.571567e-07	-4.34666e-02	-6.07653e-02	-3.03827e-02	
166	1.581567e-07	-4.90357e-02	-7.24842e-02	-3.62421e-02	
167	1.591567e-07	-5.44113e-02	-8.39171e-02	-4.19586e-02	
168	1.601567e-07	-5.95721e-02	-9.50188e-02	-4.75094e-02	
169	1.611567e-07	-6.44979e-02	-1.05746e-01	-5.28728e-02	
170	1.621567e-07	-6.91690e-02	-1.16055e-01	-5.80275e-02	

Index   time            /vin            /vout           net-_r1-pad1_   
--------------------------------------------------------------------------------
171	1.631567e-07	-7.35672e-02	-1.25906e-01	-6.29531e-02	
172	1.641567e-07	-7.76751e-02	-1.35261e-01	-6.76304e-02	
173	1.651567e-07	-8.14764e-02	-1.44081e-01	-7.20407e-02	
174	1.661567e-07	-8.49562e-02	-1.52333e-01	-7.61667e-02	
175	1.671567e-07	-8.81007e-02	-1.59984e-01	-7.99921e-02	
176	1.681567e-07	-9.08975e-02	-1.67004e-01	-8.35019e-02	
177	1.691567e-07	-9.33355e-02	-1.73364e-01	-8.66820e-02	
178	1.701567e-07	-9.54053e-02	-1.79040e-01	-8.95201e-02	
179	1.711567e-07	-9.70984e-02	-1.84010e-01	-9.20049e-02	
180	1.721567e-07	-9.84084e-02	-1.88253e-01	-9.41266e-02	
181	1.731567e-07	-9.93300e-02	-1.91754e-01	-9.58768e-02	
182	1.741567e-07	-9.98597e-02	-1.94497e-01	-9.72487e-02	
183	1.751567e-07	-9.99952e-02	-1.96473e-01	-9.82367e-02	
184	1.761567e-07	-9.97360e-02	-1.97674e-01	-9.88370e-02	
185	1.771567e-07	-9.90833e-02	-1.98095e-01	-9.90473e-02	
186	1.781567e-07	-9.80395e-02	-1.97733e-01	-9.88667e-02	
187	1.791567e-07	-9.66088e-02	-1.96592e-01	-9.82959e-02	
188	1.801567e-07	-9.47968e-02	-1.94674e-01	-9.73372e-02	
189	1.811567e-07	-9.26107e-02	-1.91989e-01	-9.59943e-02	
190	1.821567e-07	-9.00592e-02	-1.88545e-01	-9.42726e-02	
191	1.831567e-07	-8.71522e-02	-1.84358e-01	-9.21788e-02	
192	1.841567e-07	-8.39012e-02	-1.79443e-01	-8.97213e-02	
193	1.851567e-07	-8.03191e-02	-1.73819e-01	-8.69096e-02	
194	1.861567e-07	-7.64201e-02	-1.67510e-01	-8.37550e-02	
195	1.871567e-07	-7.22194e-02	-1.60540e-01	-8.02698e-02	
196	1.881567e-07	-6.77337e-02	-1.52936e-01	-7.64678e-02	
197	1.891567e-07	-6.29808e-02	-1.44728e-01	-7.23641e-02	
198	1.901567e-07	-5.79792e-02	-1.35950e-01	-6.79747e-02	
199	1.911567e-07	-5.27489e-02	-1.26634e-01	-6.33171e-02	
200	1.921567e-07	-4.73103e-02	-1.16819e-01	-5.84096e-02	
201	1.931567e-07	-4.16851e-02	-1.06543e-01	-5.32716e-02	
202	1.941567e-07	-3.58953e-02	-9.58468e-02	-4.79234e-02	
203	1.951567e-07	-2.99639e-02	-8.47721e-02	-4.23860e-02	
204	1.961567e-07	-2.39142e-02	-7.33628e-02	-3.66814e-02	
205	1.971567e-07	-1.77702e-02	-6.16639e-02	-3.08319e-02	
206	1.981567e-07	-1.15560e-02	-4.97217e-02	-2.48608e-02	
207	1.991567e-07	-5.29622e-03	-3.75833e-02	-1.87916e-02	
208	2.001567e-07	9.844659e-04	-2.52966e-02	-1.26483e-02	
209	2.011567e-07	7.261271e-03	-1.29100e-02	-6.45497e-03	
210	2.021567e-07	1.350942e-02	-4.72438e-04	-2.36202e-04	
211	2.031567e-07	1.970425e-02	1.196696e-02	5.983497e-03	
212	2.041567e-07	2.582132e-02	2.435913e-02	1.217958e-02	
213	2.051567e-07	3.183648e-02	3.665517e-02	1.832760e-02	
214	2.061567e-07	3.772600e-02	4.880654e-02	2.440329e-02	
215	2.071567e-07	4.346664e-02	6.076530e-02	3.038267e-02	
216	2.081567e-07	4.903573e-02	7.248424e-02	3.624214e-02	
217	2.091567e-07	5.441129e-02	8.391712e-02	4.195858e-02	
218	2.101567e-07	5.957213e-02	9.501882e-02	4.750943e-02	
219	2.111567e-07	6.449785e-02	1.057455e-01	5.287278e-02	
220	2.121567e-07	6.916904e-02	1.160549e-01	5.802747e-02	
221	2.131567e-07	7.356724e-02	1.259063e-01	6.295314e-02	
222	2.141567e-07	7.767511e-02	1.352607e-01	6.763038e-02	
223	2.151567e-07	8.147643e-02	1.440814e-01	7.204070e-02	
224	2.161567e-07	8.495620e-02	1.523334e-01	7.616671e-02	
225	2.171567e-07	8.810069e-02	1.599842e-01	7.999213e-02	
226	2.181567e-07	9.089749e-02	1.670037e-01	8.350186e-02	
227	2.191567e-07	9.333555e-02	1.733641e-01	8.668204e-02	
228	2.201567e-07	9.540526e-02	1.790402e-01	8.952013e-02	

Index   time            /vin            /vout           net-_r1-pad1_   
--------------------------------------------------------------------------------
229	2.211567e-07	9.709845e-02	1.840098e-01	9.200492e-02	
230	2.221567e-07	9.840844e-02	1.882532e-01	9.412661e-02	
231	2.231567e-07	9.933005e-02	1.917537e-01	9.587683e-02	
232	2.241567e-07	9.985965e-02	1.944973e-01	9.724866e-02	
233	2.251567e-07	9.999515e-02	1.964734e-01	9.823670e-02	
234	2.261567e-07	9.973602e-02	1.976741e-01	9.883705e-02	
235	2.271567e-07	9.908328e-02	1.980946e-01	9.904732e-02	
236	2.281567e-07	9.803949e-02	1.977334e-01	9.886671e-02	
237	2.291567e-07	9.660880e-02	1.965918e-01	9.829591e-02	
238	2.301567e-07	9.479683e-02	1.946744e-01	9.733718e-02	
239	2.311567e-07	9.261074e-02	1.919886e-01	9.599431e-02	
240	2.321567e-07	9.005916e-02	1.885452e-01	9.427259e-02	
241	2.331567e-07	8.715215e-02	1.843577e-01	9.217882e-02	
242	2.341567e-07	8.390120e-02	1.794426e-01	8.972127e-02	
243	2.351567e-07	8.031912e-02	1.738193e-01	8.690962e-02	
244	2.361567e-07	7.642007e-02	1.675100e-01	8.375499e-02	
245	2.371567e-07	7.221942e-02	1.605396e-01	8.026980e-02	
246	2.381567e-07	6.773375e-02	1.529357e-01	7.646784e-02	
247	2.391567e-07	6.298077e-02	1.447282e-01	7.236408e-02	
248	2.401567e-07	5.797923e-02	1.359495e-01	6.797474e-02	
249	2.411567e-07	5.274887e-02	1.266343e-01	6.331714e-02	
250	2.421567e-07	4.731034e-02	1.168193e-01	5.840965e-02	
251	2.431567e-07	4.168509e-02	1.065433e-01	5.327164e-02	
252	2.441567e-07	3.589534e-02	9.584683e-02	4.792340e-02	
253	2.451567e-07	2.996392e-02	8.477207e-02	4.238602e-02	
254	2.461567e-07	2.391425e-02	7.336277e-02	3.668137e-02	
255	2.471567e-07	1.777020e-02	6.166393e-02	3.083195e-02	
256	2.481567e-07	1.155601e-02	4.972173e-02	2.486085e-02	
257	2.491567e-07	5.296224e-03	3.758331e-02	1.879164e-02	
258	2.501567e-07	-9.84466e-04	2.529656e-02	1.264826e-02	
259	2.511567e-07	-7.26127e-03	1.290997e-02	6.454968e-03	
260	2.521567e-07	-1.35094e-02	4.724376e-04	2.362016e-04	
261	2.531567e-07	-1.97043e-02	-1.19670e-02	-5.98350e-03	
262	2.541567e-07	-2.58213e-02	-2.43591e-02	-1.21796e-02	
263	2.551567e-07	-3.18365e-02	-3.66552e-02	-1.83276e-02	
264	2.561567e-07	-3.77260e-02	-4.88065e-02	-2.44033e-02	
265	2.571567e-07	-4.34666e-02	-6.07653e-02	-3.03827e-02	
266	2.581567e-07	-4.90357e-02	-7.24842e-02	-3.62421e-02	
267	2.591567e-07	-5.44113e-02	-8.39171e-02	-4.19586e-02	
268	2.601567e-07	-5.95721e-02	-9.50188e-02	-4.75094e-02	
269	2.611567e-07	-6.44979e-02	-1.05746e-01	-5.28728e-02	
270	2.621567e-07	-6.91690e-02	-1.16055e-01	-5.80275e-02	
271	2.631567e-07	-7.35672e-02	-1.25906e-01	-6.29531e-02	
272	2.641567e-07	-7.76751e-02	-1.35261e-01	-6.76304e-02	
273	2.651567e-07	-8.14764e-02	-1.44081e-01	-7.20407e-02	
274	2.661567e-07	-8.49562e-02	-1.52333e-01	-7.61667e-02	
275	2.671567e-07	-8.81007e-02	-1.59984e-01	-7.99921e-02	
276	2.681567e-07	-9.08975e-02	-1.67004e-01	-8.35019e-02	
277	2.691567e-07	-9.33355e-02	-1.73364e-01	-8.66820e-02	
278	2.701567e-07	-9.54053e-02	-1.79040e-01	-8.95201e-02	
279	2.711567e-07	-9.70984e-02	-1.84010e-01	-9.20049e-02	
280	2.721567e-07	-9.84084e-02	-1.88253e-01	-9.41266e-02	
281	2.731567e-07	-9.93300e-02	-1.91754e-01	-9.58768e-02	
282	2.741567e-07	-9.98597e-02	-1.94497e-01	-9.72487e-02	
283	2.751567e-07	-9.99952e-02	-1.96473e-01	-9.82367e-02	
284	2.761567e-07	-9.97360e-02	-1.97674e-01	-9.88370e-02	
285	2.771567e-07	-9.90833e-02	-1.98095e-01	-9.90473e-02	
286	2.781567e-07	-9.80395e-02	-1.97733e-01	-9.88667e-02	

Index   time            /vin            /vout           net-_r1-pad1_   
--------------------------------------------------------------------------------
287	2.791567e-07	-9.66088e-02	-1.96592e-01	-9.82959e-02	
288	2.801567e-07	-9.47968e-02	-1.94674e-01	-9.73372e-02	
289	2.811567e-07	-9.26107e-02	-1.91989e-01	-9.59943e-02	
290	2.821567e-07	-9.00592e-02	-1.88545e-01	-9.42726e-02	
291	2.831567e-07	-8.71522e-02	-1.84358e-01	-9.21788e-02	
292	2.841567e-07	-8.39012e-02	-1.79443e-01	-8.97213e-02	
293	2.851567e-07	-8.03191e-02	-1.73819e-01	-8.69096e-02	
294	2.861567e-07	-7.64201e-02	-1.67510e-01	-8.37550e-02	
295	2.871567e-07	-7.22194e-02	-1.60540e-01	-8.02698e-02	
296	2.881567e-07	-6.77337e-02	-1.52936e-01	-7.64678e-02	
297	2.891567e-07	-6.29808e-02	-1.44728e-01	-7.23641e-02	
298	2.901567e-07	-5.79792e-02	-1.35950e-01	-6.79747e-02	
299	2.911567e-07	-5.27489e-02	-1.26634e-01	-6.33171e-02	
300	2.921567e-07	-4.73103e-02	-1.16819e-01	-5.84096e-02	
301	2.931567e-07	-4.16851e-02	-1.06543e-01	-5.32716e-02	
302	2.941567e-07	-3.58953e-02	-9.58468e-02	-4.79234e-02	
303	2.951567e-07	-2.99639e-02	-8.47721e-02	-4.23860e-02	
304	2.961567e-07	-2.39142e-02	-7.33628e-02	-3.66814e-02	
305	2.971567e-07	-1.77702e-02	-6.16639e-02	-3.08319e-02	
306	2.981567e-07	-1.15560e-02	-4.97217e-02	-2.48608e-02	
307	2.991567e-07	-5.29622e-03	-3.75833e-02	-1.87916e-02	
308	3.001567e-07	9.844659e-04	-2.52966e-02	-1.26483e-02	
309	3.011567e-07	7.261271e-03	-1.29100e-02	-6.45497e-03	
310	3.021567e-07	1.350942e-02	-4.72438e-04	-2.36202e-04	
311	3.031567e-07	1.970425e-02	1.196696e-02	5.983497e-03	
312	3.041567e-07	2.582132e-02	2.435913e-02	1.217958e-02	
313	3.051567e-07	3.183648e-02	3.665517e-02	1.832760e-02	
314	3.061567e-07	3.772600e-02	4.880654e-02	2.440329e-02	
315	3.071567e-07	4.346664e-02	6.076530e-02	3.038267e-02	
316	3.081567e-07	4.903573e-02	7.248424e-02	3.624214e-02	
317	3.091567e-07	5.441129e-02	8.391712e-02	4.195858e-02	
318	3.101567e-07	5.957213e-02	9.501882e-02	4.750943e-02	
319	3.111567e-07	6.449785e-02	1.057455e-01	5.287278e-02	
320	3.121567e-07	6.916904e-02	1.160549e-01	5.802747e-02	
321	3.131567e-07	7.356724e-02	1.259063e-01	6.295314e-02	
322	3.141567e-07	7.767511e-02	1.352607e-01	6.763038e-02	
323	3.151567e-07	8.147643e-02	1.440814e-01	7.204070e-02	
324	3.161567e-07	8.495620e-02	1.523334e-01	7.616671e-02	
325	3.171567e-07	8.810069e-02	1.599842e-01	7.999213e-02	
326	3.181567e-07	9.089749e-02	1.670037e-01	8.350186e-02	
327	3.191567e-07	9.333555e-02	1.733641e-01	8.668204e-02	
328	3.201567e-07	9.540526e-02	1.790402e-01	8.952013e-02	
329	3.211567e-07	9.709845e-02	1.840098e-01	9.200492e-02	
330	3.221567e-07	9.840844e-02	1.882532e-01	9.412661e-02	
331	3.231567e-07	9.933005e-02	1.917537e-01	9.587683e-02	
332	3.241567e-07	9.985965e-02	1.944973e-01	9.724866e-02	
333	3.251567e-07	9.999515e-02	1.964734e-01	9.823670e-02	
334	3.261567e-07	9.973602e-02	1.976741e-01	9.883705e-02	
335	3.271567e-07	9.908328e-02	1.980946e-01	9.904732e-02	
336	3.281567e-07	9.803949e-02	1.977334e-01	9.886671e-02	
337	3.291567e-07	9.660880e-02	1.965918e-01	9.829591e-02	
338	3.301567e-07	9.479683e-02	1.946744e-01	9.733718e-02	
339	3.311567e-07	9.261074e-02	1.919886e-01	9.599431e-02	
340	3.321567e-07	9.005916e-02	1.885452e-01	9.427259e-02	
341	3.331567e-07	8.715215e-02	1.843577e-01	9.217882e-02	
342	3.341567e-07	8.390120e-02	1.794426e-01	8.972127e-02	
343	3.351567e-07	8.031912e-02	1.738193e-01	8.690962e-02	
344	3.361567e-07	7.642007e-02	1.675100e-01	8.375499e-02	

Index   time            /vin            /vout           net-_r1-pad1_   
--------------------------------------------------------------------------------
345	3.371567e-07	7.221942e-02	1.605396e-01	8.026980e-02	
346	3.381567e-07	6.773375e-02	1.529357e-01	7.646784e-02	
347	3.391567e-07	6.298077e-02	1.447282e-01	7.236408e-02	
348	3.401567e-07	5.797923e-02	1.359495e-01	6.797474e-02	
349	3.411567e-07	5.274887e-02	1.266343e-01	6.331714e-02	
350	3.421567e-07	4.731034e-02	1.168193e-01	5.840965e-02	
351	3.431567e-07	4.168509e-02	1.065433e-01	5.327164e-02	
352	3.441567e-07	3.589534e-02	9.584683e-02	4.792340e-02	
353	3.451567e-07	2.996392e-02	8.477207e-02	4.238602e-02	
354	3.461567e-07	2.391425e-02	7.336277e-02	3.668137e-02	
355	3.471567e-07	1.777020e-02	6.166393e-02	3.083195e-02	
356	3.481567e-07	1.155601e-02	4.972173e-02	2.486085e-02	
357	3.491567e-07	5.296224e-03	3.758331e-02	1.879164e-02	
358	3.501567e-07	-9.84466e-04	2.529656e-02	1.264826e-02	
359	3.511567e-07	-7.26127e-03	1.290997e-02	6.454968e-03	
360	3.521567e-07	-1.35094e-02	4.724376e-04	2.362016e-04	
361	3.531567e-07	-1.97043e-02	-1.19670e-02	-5.98350e-03	
362	3.541567e-07	-2.58213e-02	-2.43591e-02	-1.21796e-02	
363	3.551567e-07	-3.18365e-02	-3.66552e-02	-1.83276e-02	
364	3.561567e-07	-3.77260e-02	-4.88065e-02	-2.44033e-02	
365	3.571567e-07	-4.34666e-02	-6.07653e-02	-3.03827e-02	
366	3.581567e-07	-4.90357e-02	-7.24842e-02	-3.62421e-02	
367	3.591567e-07	-5.44113e-02	-8.39171e-02	-4.19586e-02	
368	3.601567e-07	-5.95721e-02	-9.50188e-02	-4.75094e-02	
369	3.611567e-07	-6.44979e-02	-1.05746e-01	-5.28728e-02	
370	3.621567e-07	-6.91690e-02	-1.16055e-01	-5.80275e-02	
371	3.631567e-07	-7.35672e-02	-1.25906e-01	-6.29531e-02	
372	3.641567e-07	-7.76751e-02	-1.35261e-01	-6.76304e-02	
373	3.651567e-07	-8.14764e-02	-1.44081e-01	-7.20407e-02	
374	3.661567e-07	-8.49562e-02	-1.52333e-01	-7.61667e-02	
375	3.671567e-07	-8.81007e-02	-1.59984e-01	-7.99921e-02	
376	3.681567e-07	-9.08975e-02	-1.67004e-01	-8.35019e-02	
377	3.691567e-07	-9.33355e-02	-1.73364e-01	-8.66820e-02	
378	3.701567e-07	-9.54053e-02	-1.79040e-01	-8.95201e-02	
379	3.711567e-07	-9.70984e-02	-1.84010e-01	-9.20049e-02	
380	3.721567e-07	-9.84084e-02	-1.88253e-01	-9.41266e-02	
381	3.731567e-07	-9.93300e-02	-1.91754e-01	-9.58768e-02	
382	3.741567e-07	-9.98597e-02	-1.94497e-01	-9.72487e-02	
383	3.751567e-07	-9.99952e-02	-1.96473e-01	-9.82367e-02	
384	3.761567e-07	-9.97360e-02	-1.97674e-01	-9.88370e-02	
385	3.771567e-07	-9.90833e-02	-1.98095e-01	-9.90473e-02	
386	3.781567e-07	-9.80395e-02	-1.97733e-01	-9.88667e-02	
387	3.791567e-07	-9.66088e-02	-1.96592e-01	-9.82959e-02	
388	3.801567e-07	-9.47968e-02	-1.94674e-01	-9.73372e-02	
389	3.811567e-07	-9.26107e-02	-1.91989e-01	-9.59943e-02	
390	3.821567e-07	-9.00592e-02	-1.88545e-01	-9.42726e-02	
391	3.831567e-07	-8.71522e-02	-1.84358e-01	-9.21788e-02	
392	3.841567e-07	-8.39012e-02	-1.79443e-01	-8.97213e-02	
393	3.851567e-07	-8.03191e-02	-1.73819e-01	-8.69096e-02	
394	3.861567e-07	-7.64201e-02	-1.67510e-01	-8.37550e-02	
395	3.871567e-07	-7.22194e-02	-1.60540e-01	-8.02698e-02	
396	3.881567e-07	-6.77337e-02	-1.52936e-01	-7.64678e-02	
397	3.891567e-07	-6.29808e-02	-1.44728e-01	-7.23641e-02	
398	3.901567e-07	-5.79792e-02	-1.35950e-01	-6.79747e-02	
399	3.911567e-07	-5.27489e-02	-1.26634e-01	-6.33171e-02	
400	3.921567e-07	-4.73103e-02	-1.16819e-01	-5.84096e-02	
401	3.931567e-07	-4.16851e-02	-1.06543e-01	-5.32716e-02	
402	3.941567e-07	-3.58953e-02	-9.58468e-02	-4.79234e-02	

Index   time            /vin            /vout           net-_r1-pad1_   
--------------------------------------------------------------------------------
403	3.951567e-07	-2.99639e-02	-8.47721e-02	-4.23860e-02	
404	3.961567e-07	-2.39142e-02	-7.33628e-02	-3.66814e-02	
405	3.971567e-07	-1.77702e-02	-6.16639e-02	-3.08319e-02	
406	3.981567e-07	-1.15560e-02	-4.97217e-02	-2.48608e-02	
407	3.991567e-07	-5.29622e-03	-3.75833e-02	-1.87916e-02	
408	4.001567e-07	9.844659e-04	-2.52966e-02	-1.26483e-02	
409	4.011567e-07	7.261271e-03	-1.29100e-02	-6.45497e-03	
410	4.021567e-07	1.350942e-02	-4.72438e-04	-2.36202e-04	
411	4.031567e-07	1.970425e-02	1.196696e-02	5.983497e-03	
412	4.041567e-07	2.582132e-02	2.435913e-02	1.217958e-02	
413	4.051567e-07	3.183648e-02	3.665517e-02	1.832760e-02	
414	4.061567e-07	3.772600e-02	4.880654e-02	2.440329e-02	
415	4.071567e-07	4.346664e-02	6.076530e-02	3.038267e-02	
416	4.081567e-07	4.903573e-02	7.248424e-02	3.624214e-02	
417	4.091567e-07	5.441129e-02	8.391712e-02	4.195858e-02	
418	4.101567e-07	5.957213e-02	9.501882e-02	4.750943e-02	
419	4.111567e-07	6.449785e-02	1.057455e-01	5.287278e-02	
420	4.121567e-07	6.916904e-02	1.160549e-01	5.802747e-02	
421	4.131567e-07	7.356724e-02	1.259063e-01	6.295314e-02	
422	4.141567e-07	7.767511e-02	1.352607e-01	6.763038e-02	
423	4.151567e-07	8.147643e-02	1.440814e-01	7.204070e-02	
424	4.161567e-07	8.495620e-02	1.523334e-01	7.616671e-02	
425	4.171567e-07	8.810069e-02	1.599842e-01	7.999213e-02	
426	4.181567e-07	9.089749e-02	1.670037e-01	8.350186e-02	
427	4.191567e-07	9.333555e-02	1.733641e-01	8.668204e-02	
428	4.201567e-07	9.540526e-02	1.790402e-01	8.952013e-02	
429	4.211567e-07	9.709845e-02	1.840098e-01	9.200492e-02	
430	4.221567e-07	9.840844e-02	1.882532e-01	9.412661e-02	
431	4.231567e-07	9.933005e-02	1.917537e-01	9.587683e-02	
432	4.241567e-07	9.985965e-02	1.944973e-01	9.724866e-02	
433	4.251567e-07	9.999515e-02	1.964734e-01	9.823670e-02	
434	4.261567e-07	9.973602e-02	1.976741e-01	9.883705e-02	
435	4.271567e-07	9.908328e-02	1.980946e-01	9.904732e-02	
436	4.281567e-07	9.803949e-02	1.977334e-01	9.886671e-02	
437	4.291567e-07	9.660880e-02	1.965918e-01	9.829591e-02	
438	4.301567e-07	9.479683e-02	1.946744e-01	9.733718e-02	
439	4.311567e-07	9.261074e-02	1.919886e-01	9.599431e-02	
440	4.321567e-07	9.005916e-02	1.885452e-01	9.427259e-02	
441	4.331567e-07	8.715215e-02	1.843577e-01	9.217882e-02	
442	4.341567e-07	8.390120e-02	1.794426e-01	8.972127e-02	
443	4.351567e-07	8.031912e-02	1.738193e-01	8.690962e-02	
444	4.361567e-07	7.642007e-02	1.675100e-01	8.375499e-02	
445	4.371567e-07	7.221942e-02	1.605396e-01	8.026980e-02	
446	4.381567e-07	6.773375e-02	1.529357e-01	7.646784e-02	
447	4.391567e-07	6.298077e-02	1.447282e-01	7.236408e-02	
448	4.401567e-07	5.797923e-02	1.359495e-01	6.797474e-02	
449	4.411567e-07	5.274887e-02	1.266343e-01	6.331714e-02	
450	4.421567e-07	4.731034e-02	1.168193e-01	5.840965e-02	
451	4.431567e-07	4.168509e-02	1.065433e-01	5.327164e-02	
452	4.441567e-07	3.589534e-02	9.584683e-02	4.792340e-02	
453	4.451567e-07	2.996392e-02	8.477207e-02	4.238602e-02	
454	4.461567e-07	2.391425e-02	7.336277e-02	3.668137e-02	
455	4.471567e-07	1.777020e-02	6.166393e-02	3.083195e-02	
456	4.481567e-07	1.155601e-02	4.972173e-02	2.486085e-02	
457	4.491567e-07	5.296224e-03	3.758331e-02	1.879164e-02	
458	4.501567e-07	-9.84466e-04	2.529656e-02	1.264826e-02	
459	4.511567e-07	-7.26127e-03	1.290997e-02	6.454968e-03	
460	4.521567e-07	-1.35094e-02	4.724376e-04	2.362016e-04	

Index   time            /vin            /vout           net-_r1-pad1_   
--------------------------------------------------------------------------------
461	4.531567e-07	-1.97043e-02	-1.19670e-02	-5.98350e-03	
462	4.541567e-07	-2.58213e-02	-2.43591e-02	-1.21796e-02	
463	4.551567e-07	-3.18365e-02	-3.66552e-02	-1.83276e-02	
464	4.561567e-07	-3.77260e-02	-4.88065e-02	-2.44033e-02	
465	4.571567e-07	-4.34666e-02	-6.07653e-02	-3.03827e-02	
466	4.581567e-07	-4.90357e-02	-7.24842e-02	-3.62421e-02	
467	4.591567e-07	-5.44113e-02	-8.39171e-02	-4.19586e-02	
468	4.601567e-07	-5.95721e-02	-9.50188e-02	-4.75094e-02	
469	4.611567e-07	-6.44979e-02	-1.05746e-01	-5.28728e-02	
470	4.621567e-07	-6.91690e-02	-1.16055e-01	-5.80275e-02	
471	4.631567e-07	-7.35672e-02	-1.25906e-01	-6.29531e-02	
472	4.641567e-07	-7.76751e-02	-1.35261e-01	-6.76304e-02	
473	4.651567e-07	-8.14764e-02	-1.44081e-01	-7.20407e-02	
474	4.661567e-07	-8.49562e-02	-1.52333e-01	-7.61667e-02	
475	4.671567e-07	-8.81007e-02	-1.59984e-01	-7.99921e-02	
476	4.681567e-07	-9.08975e-02	-1.67004e-01	-8.35019e-02	
477	4.691567e-07	-9.33355e-02	-1.73364e-01	-8.66820e-02	
478	4.701567e-07	-9.54053e-02	-1.79040e-01	-8.95201e-02	
479	4.711567e-07	-9.70984e-02	-1.84010e-01	-9.20049e-02	
480	4.721567e-07	-9.84084e-02	-1.88253e-01	-9.41266e-02	
481	4.731567e-07	-9.93300e-02	-1.91754e-01	-9.58768e-02	
482	4.741567e-07	-9.98597e-02	-1.94497e-01	-9.72487e-02	
483	4.751567e-07	-9.99952e-02	-1.96473e-01	-9.82367e-02	
484	4.761567e-07	-9.97360e-02	-1.97674e-01	-9.88370e-02	
485	4.771567e-07	-9.90833e-02	-1.98095e-01	-9.90473e-02	
486	4.781567e-07	-9.80395e-02	-1.97733e-01	-9.88667e-02	
487	4.791567e-07	-9.66088e-02	-1.96592e-01	-9.82959e-02	
488	4.801567e-07	-9.47968e-02	-1.94674e-01	-9.73372e-02	
489	4.811567e-07	-9.26107e-02	-1.91989e-01	-9.59943e-02	
490	4.821567e-07	-9.00592e-02	-1.88545e-01	-9.42726e-02	
491	4.831567e-07	-8.71522e-02	-1.84358e-01	-9.21788e-02	
492	4.841567e-07	-8.39012e-02	-1.79443e-01	-8.97213e-02	
493	4.851567e-07	-8.03191e-02	-1.73819e-01	-8.69096e-02	
494	4.861567e-07	-7.64201e-02	-1.67510e-01	-8.37550e-02	
495	4.871567e-07	-7.22194e-02	-1.60540e-01	-8.02698e-02	
496	4.881567e-07	-6.77337e-02	-1.52936e-01	-7.64678e-02	
497	4.891567e-07	-6.29808e-02	-1.44728e-01	-7.23641e-02	
498	4.901567e-07	-5.79792e-02	-1.35950e-01	-6.79747e-02	
499	4.911567e-07	-5.27489e-02	-1.26634e-01	-6.33171e-02	
500	4.921567e-07	-4.73103e-02	-1.16819e-01	-5.84096e-02	
501	4.931567e-07	-4.16851e-02	-1.06543e-01	-5.32716e-02	
502	4.941567e-07	-3.58953e-02	-9.58468e-02	-4.79234e-02	
503	4.951567e-07	-2.99639e-02	-8.47721e-02	-4.23860e-02	
504	4.961567e-07	-2.39142e-02	-7.33628e-02	-3.66814e-02	
505	4.971567e-07	-1.77702e-02	-6.16639e-02	-3.08319e-02	
506	4.981567e-07	-1.15560e-02	-4.97217e-02	-2.48608e-02	
507	4.991567e-07	-5.29622e-03	-3.75833e-02	-1.87916e-02	
508	5.001567e-07	9.844659e-04	-2.52966e-02	-1.26483e-02	
509	5.011567e-07	7.261271e-03	-1.29100e-02	-6.45497e-03	
510	5.021567e-07	1.350942e-02	-4.72438e-04	-2.36202e-04	
511	5.031567e-07	1.970425e-02	1.196696e-02	5.983497e-03	
512	5.041567e-07	2.582132e-02	2.435913e-02	1.217958e-02	
513	5.051567e-07	3.183648e-02	3.665517e-02	1.832760e-02	
514	5.061567e-07	3.772600e-02	4.880654e-02	2.440329e-02	
515	5.071567e-07	4.346664e-02	6.076530e-02	3.038267e-02	
516	5.081567e-07	4.903573e-02	7.248424e-02	3.624214e-02	
517	5.091567e-07	5.441129e-02	8.391712e-02	4.195858e-02	
518	5.101567e-07	5.957213e-02	9.501882e-02	4.750943e-02	

Index   time            /vin            /vout           net-_r1-pad1_   
--------------------------------------------------------------------------------
519	5.111567e-07	6.449785e-02	1.057455e-01	5.287278e-02	
520	5.121567e-07	6.916904e-02	1.160549e-01	5.802747e-02	
521	5.131567e-07	7.356724e-02	1.259063e-01	6.295314e-02	
522	5.141567e-07	7.767511e-02	1.352607e-01	6.763038e-02	
523	5.151567e-07	8.147643e-02	1.440814e-01	7.204070e-02	
524	5.161567e-07	8.495620e-02	1.523334e-01	7.616671e-02	
525	5.171567e-07	8.810069e-02	1.599842e-01	7.999213e-02	
526	5.181567e-07	9.089749e-02	1.670037e-01	8.350186e-02	
527	5.191567e-07	9.333555e-02	1.733641e-01	8.668204e-02	
528	5.201567e-07	9.540526e-02	1.790402e-01	8.952013e-02	
529	5.211567e-07	9.709845e-02	1.840098e-01	9.200492e-02	
530	5.221567e-07	9.840844e-02	1.882532e-01	9.412661e-02	
531	5.231567e-07	9.933005e-02	1.917537e-01	9.587683e-02	
532	5.241567e-07	9.985965e-02	1.944973e-01	9.724866e-02	
533	5.251567e-07	9.999515e-02	1.964734e-01	9.823670e-02	
534	5.261567e-07	9.973602e-02	1.976741e-01	9.883705e-02	
535	5.271567e-07	9.908328e-02	1.980946e-01	9.904732e-02	
536	5.281567e-07	9.803949e-02	1.977334e-01	9.886671e-02	
537	5.291567e-07	9.660880e-02	1.965918e-01	9.829591e-02	
538	5.301567e-07	9.479683e-02	1.946744e-01	9.733718e-02	
539	5.311567e-07	9.261074e-02	1.919886e-01	9.599431e-02	
540	5.321567e-07	9.005916e-02	1.885452e-01	9.427259e-02	
541	5.331567e-07	8.715215e-02	1.843577e-01	9.217882e-02	
542	5.341567e-07	8.390120e-02	1.794426e-01	8.972127e-02	
543	5.351567e-07	8.031912e-02	1.738193e-01	8.690962e-02	
544	5.361567e-07	7.642007e-02	1.675100e-01	8.375499e-02	
545	5.371567e-07	7.221942e-02	1.605396e-01	8.026980e-02	
546	5.381567e-07	6.773375e-02	1.529357e-01	7.646784e-02	
547	5.391567e-07	6.298077e-02	1.447282e-01	7.236408e-02	
548	5.401567e-07	5.797923e-02	1.359495e-01	6.797474e-02	
549	5.411567e-07	5.274887e-02	1.266343e-01	6.331714e-02	
550	5.421567e-07	4.731034e-02	1.168193e-01	5.840965e-02	
551	5.431567e-07	4.168509e-02	1.065433e-01	5.327164e-02	
552	5.441567e-07	3.589534e-02	9.584683e-02	4.792340e-02	
553	5.451567e-07	2.996392e-02	8.477207e-02	4.238602e-02	
554	5.461567e-07	2.391425e-02	7.336277e-02	3.668137e-02	
555	5.471567e-07	1.777020e-02	6.166393e-02	3.083195e-02	
556	5.481567e-07	1.155601e-02	4.972173e-02	2.486085e-02	
557	5.491567e-07	5.296224e-03	3.758331e-02	1.879164e-02	
558	5.501567e-07	-9.84466e-04	2.529656e-02	1.264826e-02	
559	5.511567e-07	-7.26127e-03	1.290997e-02	6.454968e-03	
560	5.521567e-07	-1.35094e-02	4.724376e-04	2.362016e-04	
561	5.531567e-07	-1.97043e-02	-1.19670e-02	-5.98350e-03	
562	5.541567e-07	-2.58213e-02	-2.43591e-02	-1.21796e-02	
563	5.551567e-07	-3.18365e-02	-3.66552e-02	-1.83276e-02	
564	5.561567e-07	-3.77260e-02	-4.88065e-02	-2.44033e-02	
565	5.571567e-07	-4.34666e-02	-6.07653e-02	-3.03827e-02	
566	5.581567e-07	-4.90357e-02	-7.24842e-02	-3.62421e-02	
567	5.591567e-07	-5.44113e-02	-8.39171e-02	-4.19586e-02	
568	5.601567e-07	-5.95721e-02	-9.50188e-02	-4.75094e-02	
569	5.611567e-07	-6.44979e-02	-1.05746e-01	-5.28728e-02	
570	5.621567e-07	-6.91690e-02	-1.16055e-01	-5.80275e-02	
571	5.631567e-07	-7.35672e-02	-1.25906e-01	-6.29531e-02	
572	5.641567e-07	-7.76751e-02	-1.35261e-01	-6.76304e-02	
573	5.651567e-07	-8.14764e-02	-1.44081e-01	-7.20407e-02	
574	5.661567e-07	-8.49562e-02	-1.52333e-01	-7.61667e-02	
575	5.671567e-07	-8.81007e-02	-1.59984e-01	-7.99921e-02	
576	5.681567e-07	-9.08975e-02	-1.67004e-01	-8.35019e-02	

Index   time            /vin            /vout           net-_r1-pad1_   
--------------------------------------------------------------------------------
577	5.691567e-07	-9.33355e-02	-1.73364e-01	-8.66820e-02	
578	5.701567e-07	-9.54053e-02	-1.79040e-01	-8.95201e-02	
579	5.711567e-07	-9.70984e-02	-1.84010e-01	-9.20049e-02	
580	5.721567e-07	-9.84084e-02	-1.88253e-01	-9.41266e-02	
581	5.731567e-07	-9.93300e-02	-1.91754e-01	-9.58768e-02	
582	5.741567e-07	-9.98597e-02	-1.94497e-01	-9.72487e-02	
583	5.751567e-07	-9.99952e-02	-1.96473e-01	-9.82367e-02	
584	5.761567e-07	-9.97360e-02	-1.97674e-01	-9.88370e-02	
585	5.771567e-07	-9.90833e-02	-1.98095e-01	-9.90473e-02	
586	5.781567e-07	-9.80395e-02	-1.97733e-01	-9.88667e-02	
587	5.791567e-07	-9.66088e-02	-1.96592e-01	-9.82959e-02	
588	5.801567e-07	-9.47968e-02	-1.94674e-01	-9.73372e-02	
589	5.811567e-07	-9.26107e-02	-1.91989e-01	-9.59943e-02	
590	5.821567e-07	-9.00592e-02	-1.88545e-01	-9.42726e-02	
591	5.831567e-07	-8.71522e-02	-1.84358e-01	-9.21788e-02	
592	5.841567e-07	-8.39012e-02	-1.79443e-01	-8.97213e-02	
593	5.851567e-07	-8.03191e-02	-1.73819e-01	-8.69096e-02	
594	5.861567e-07	-7.64201e-02	-1.67510e-01	-8.37550e-02	
595	5.871567e-07	-7.22194e-02	-1.60540e-01	-8.02698e-02	
596	5.881567e-07	-6.77337e-02	-1.52936e-01	-7.64678e-02	
597	5.891567e-07	-6.29808e-02	-1.44728e-01	-7.23641e-02	
598	5.901567e-07	-5.79792e-02	-1.35950e-01	-6.79747e-02	
599	5.911567e-07	-5.27489e-02	-1.26634e-01	-6.33171e-02	
600	5.921567e-07	-4.73103e-02	-1.16819e-01	-5.84096e-02	
601	5.931567e-07	-4.16851e-02	-1.06543e-01	-5.32716e-02	
602	5.941567e-07	-3.58953e-02	-9.58468e-02	-4.79234e-02	
603	5.951567e-07	-2.99639e-02	-8.47721e-02	-4.23860e-02	
604	5.961567e-07	-2.39142e-02	-7.33628e-02	-3.66814e-02	
605	5.971567e-07	-1.77702e-02	-6.16639e-02	-3.08319e-02	
606	5.981567e-07	-1.15560e-02	-4.97217e-02	-2.48608e-02	
607	5.991567e-07	-5.29622e-03	-3.75833e-02	-1.87916e-02	
608	6.001567e-07	9.844659e-04	-2.52966e-02	-1.26483e-02	
609	6.011567e-07	7.261271e-03	-1.29100e-02	-6.45497e-03	
610	6.021567e-07	1.350942e-02	-4.72438e-04	-2.36202e-04	
611	6.031567e-07	1.970425e-02	1.196696e-02	5.983497e-03	
612	6.041567e-07	2.582132e-02	2.435913e-02	1.217958e-02	
613	6.051567e-07	3.183648e-02	3.665517e-02	1.832760e-02	
614	6.061567e-07	3.772600e-02	4.880654e-02	2.440329e-02	
615	6.071567e-07	4.346664e-02	6.076530e-02	3.038267e-02	
616	6.081567e-07	4.903573e-02	7.248424e-02	3.624214e-02	
617	6.091567e-07	5.441129e-02	8.391712e-02	4.195858e-02	
618	6.101567e-07	5.957213e-02	9.501882e-02	4.750943e-02	
619	6.111567e-07	6.449785e-02	1.057455e-01	5.287278e-02	
620	6.121567e-07	6.916904e-02	1.160549e-01	5.802747e-02	
621	6.131567e-07	7.356724e-02	1.259063e-01	6.295314e-02	
622	6.141567e-07	7.767511e-02	1.352607e-01	6.763038e-02	
623	6.151567e-07	8.147643e-02	1.440814e-01	7.204070e-02	
624	6.161567e-07	8.495620e-02	1.523334e-01	7.616671e-02	
625	6.171567e-07	8.810069e-02	1.599842e-01	7.999213e-02	
626	6.181567e-07	9.089749e-02	1.670037e-01	8.350186e-02	
627	6.191567e-07	9.333555e-02	1.733641e-01	8.668204e-02	
628	6.201567e-07	9.540526e-02	1.790402e-01	8.952013e-02	
629	6.211567e-07	9.709845e-02	1.840098e-01	9.200492e-02	
630	6.221567e-07	9.840844e-02	1.882532e-01	9.412661e-02	
631	6.231567e-07	9.933005e-02	1.917537e-01	9.587683e-02	
632	6.241567e-07	9.985965e-02	1.944973e-01	9.724866e-02	
633	6.251567e-07	9.999515e-02	1.964734e-01	9.823670e-02	
634	6.261567e-07	9.973602e-02	1.976741e-01	9.883705e-02	

Index   time            /vin            /vout           net-_r1-pad1_   
--------------------------------------------------------------------------------
635	6.271567e-07	9.908328e-02	1.980946e-01	9.904732e-02	
636	6.281567e-07	9.803949e-02	1.977334e-01	9.886671e-02	
637	6.291567e-07	9.660880e-02	1.965918e-01	9.829591e-02	
638	6.301567e-07	9.479683e-02	1.946744e-01	9.733718e-02	
639	6.311567e-07	9.261074e-02	1.919886e-01	9.599431e-02	
640	6.321567e-07	9.005916e-02	1.885452e-01	9.427259e-02	
641	6.331567e-07	8.715215e-02	1.843577e-01	9.217882e-02	
642	6.341567e-07	8.390120e-02	1.794426e-01	8.972127e-02	
643	6.351567e-07	8.031912e-02	1.738193e-01	8.690962e-02	
644	6.361567e-07	7.642007e-02	1.675100e-01	8.375499e-02	
645	6.371567e-07	7.221942e-02	1.605396e-01	8.026980e-02	
646	6.381567e-07	6.773375e-02	1.529357e-01	7.646784e-02	
647	6.391567e-07	6.298077e-02	1.447282e-01	7.236408e-02	
648	6.401567e-07	5.797923e-02	1.359495e-01	6.797474e-02	
649	6.411567e-07	5.274887e-02	1.266343e-01	6.331714e-02	
650	6.421567e-07	4.731034e-02	1.168193e-01	5.840965e-02	
651	6.431567e-07	4.168509e-02	1.065433e-01	5.327164e-02	
652	6.441567e-07	3.589534e-02	9.584683e-02	4.792340e-02	
653	6.451567e-07	2.996392e-02	8.477207e-02	4.238602e-02	
654	6.461567e-07	2.391425e-02	7.336277e-02	3.668137e-02	
655	6.471567e-07	1.777020e-02	6.166393e-02	3.083195e-02	
656	6.481567e-07	1.155601e-02	4.972173e-02	2.486085e-02	
657	6.491567e-07	5.296224e-03	3.758331e-02	1.879164e-02	
658	6.501567e-07	-9.84466e-04	2.529656e-02	1.264826e-02	
659	6.511567e-07	-7.26127e-03	1.290997e-02	6.454968e-03	
660	6.521567e-07	-1.35094e-02	4.724376e-04	2.362016e-04	
661	6.531567e-07	-1.97043e-02	-1.19670e-02	-5.98350e-03	
662	6.541567e-07	-2.58213e-02	-2.43591e-02	-1.21796e-02	
663	6.551567e-07	-3.18365e-02	-3.66552e-02	-1.83276e-02	
664	6.561567e-07	-3.77260e-02	-4.88065e-02	-2.44033e-02	
665	6.571567e-07	-4.34666e-02	-6.07653e-02	-3.03827e-02	
666	6.581567e-07	-4.90357e-02	-7.24842e-02	-3.62421e-02	
667	6.591567e-07	-5.44113e-02	-8.39171e-02	-4.19586e-02	
668	6.601567e-07	-5.95721e-02	-9.50188e-02	-4.75094e-02	
669	6.611567e-07	-6.44979e-02	-1.05746e-01	-5.28728e-02	
670	6.621567e-07	-6.91690e-02	-1.16055e-01	-5.80275e-02	
671	6.631567e-07	-7.35672e-02	-1.25906e-01	-6.29531e-02	
672	6.641567e-07	-7.76751e-02	-1.35261e-01	-6.76304e-02	
673	6.651567e-07	-8.14764e-02	-1.44081e-01	-7.20407e-02	
674	6.661567e-07	-8.49562e-02	-1.52333e-01	-7.61667e-02	
675	6.671567e-07	-8.81007e-02	-1.59984e-01	-7.99921e-02	
676	6.681567e-07	-9.08975e-02	-1.67004e-01	-8.35019e-02	
677	6.691567e-07	-9.33355e-02	-1.73364e-01	-8.66820e-02	
678	6.701567e-07	-9.54053e-02	-1.79040e-01	-8.95201e-02	
679	6.711567e-07	-9.70984e-02	-1.84010e-01	-9.20049e-02	
680	6.721567e-07	-9.84084e-02	-1.88253e-01	-9.41266e-02	
681	6.731567e-07	-9.93300e-02	-1.91754e-01	-9.58768e-02	
682	6.741567e-07	-9.98597e-02	-1.94497e-01	-9.72487e-02	
683	6.751567e-07	-9.99952e-02	-1.96473e-01	-9.82367e-02	
684	6.761567e-07	-9.97360e-02	-1.97674e-01	-9.88370e-02	
685	6.771567e-07	-9.90833e-02	-1.98095e-01	-9.90473e-02	
686	6.781567e-07	-9.80395e-02	-1.97733e-01	-9.88667e-02	
687	6.791567e-07	-9.66088e-02	-1.96592e-01	-9.82959e-02	
688	6.801567e-07	-9.47968e-02	-1.94674e-01	-9.73372e-02	
689	6.811567e-07	-9.26107e-02	-1.91989e-01	-9.59943e-02	
690	6.821567e-07	-9.00592e-02	-1.88545e-01	-9.42726e-02	
691	6.831567e-07	-8.71522e-02	-1.84358e-01	-9.21788e-02	
692	6.841567e-07	-8.39012e-02	-1.79443e-01	-8.97213e-02	

Index   time            /vin            /vout           net-_r1-pad1_   
--------------------------------------------------------------------------------
693	6.851567e-07	-8.03191e-02	-1.73819e-01	-8.69096e-02	
694	6.861567e-07	-7.64201e-02	-1.67510e-01	-8.37550e-02	
695	6.871567e-07	-7.22194e-02	-1.60540e-01	-8.02698e-02	
696	6.881567e-07	-6.77337e-02	-1.52936e-01	-7.64678e-02	
697	6.891567e-07	-6.29808e-02	-1.44728e-01	-7.23641e-02	
698	6.901567e-07	-5.79792e-02	-1.35950e-01	-6.79747e-02	
699	6.911567e-07	-5.27489e-02	-1.26634e-01	-6.33171e-02	
700	6.921567e-07	-4.73103e-02	-1.16819e-01	-5.84096e-02	
701	6.931567e-07	-4.16851e-02	-1.06543e-01	-5.32716e-02	
702	6.941567e-07	-3.58953e-02	-9.58468e-02	-4.79234e-02	
703	6.951567e-07	-2.99639e-02	-8.47721e-02	-4.23860e-02	
704	6.961567e-07	-2.39142e-02	-7.33628e-02	-3.66814e-02	
705	6.971567e-07	-1.77702e-02	-6.16639e-02	-3.08319e-02	
706	6.981567e-07	-1.15560e-02	-4.97217e-02	-2.48608e-02	
707	6.991567e-07	-5.29622e-03	-3.75833e-02	-1.87916e-02	
708	7.001567e-07	9.844659e-04	-2.52966e-02	-1.26483e-02	
709	7.011567e-07	7.261271e-03	-1.29100e-02	-6.45497e-03	
710	7.021567e-07	1.350942e-02	-4.72438e-04	-2.36202e-04	
711	7.031567e-07	1.970425e-02	1.196696e-02	5.983497e-03	
712	7.041567e-07	2.582132e-02	2.435913e-02	1.217958e-02	
713	7.051567e-07	3.183648e-02	3.665517e-02	1.832760e-02	
714	7.061567e-07	3.772600e-02	4.880654e-02	2.440329e-02	
715	7.071567e-07	4.346664e-02	6.076530e-02	3.038267e-02	
716	7.081567e-07	4.903573e-02	7.248424e-02	3.624214e-02	
717	7.091567e-07	5.441129e-02	8.391712e-02	4.195858e-02	
718	7.101567e-07	5.957213e-02	9.501882e-02	4.750943e-02	
719	7.111567e-07	6.449785e-02	1.057455e-01	5.287278e-02	
720	7.121567e-07	6.916904e-02	1.160549e-01	5.802747e-02	
721	7.131567e-07	7.356724e-02	1.259063e-01	6.295314e-02	
722	7.141567e-07	7.767511e-02	1.352607e-01	6.763038e-02	
723	7.151567e-07	8.147643e-02	1.440814e-01	7.204070e-02	
724	7.161567e-07	8.495620e-02	1.523334e-01	7.616671e-02	
725	7.171567e-07	8.810069e-02	1.599842e-01	7.999213e-02	
726	7.181567e-07	9.089749e-02	1.670037e-01	8.350186e-02	
727	7.191567e-07	9.333555e-02	1.733641e-01	8.668204e-02	
728	7.201567e-07	9.540526e-02	1.790402e-01	8.952013e-02	
729	7.211567e-07	9.709845e-02	1.840098e-01	9.200492e-02	
730	7.221567e-07	9.840844e-02	1.882532e-01	9.412661e-02	
731	7.231567e-07	9.933005e-02	1.917537e-01	9.587683e-02	
732	7.241567e-07	9.985965e-02	1.944973e-01	9.724866e-02	
733	7.251567e-07	9.999515e-02	1.964734e-01	9.823670e-02	
734	7.261567e-07	9.973602e-02	1.976741e-01	9.883705e-02	
735	7.271567e-07	9.908328e-02	1.980946e-01	9.904732e-02	
736	7.281567e-07	9.803949e-02	1.977334e-01	9.886671e-02	
737	7.291567e-07	9.660880e-02	1.965918e-01	9.829591e-02	
738	7.301567e-07	9.479683e-02	1.946744e-01	9.733718e-02	
739	7.311567e-07	9.261074e-02	1.919886e-01	9.599431e-02	
740	7.321567e-07	9.005916e-02	1.885452e-01	9.427259e-02	
741	7.331567e-07	8.715215e-02	1.843577e-01	9.217882e-02	
742	7.341567e-07	8.390120e-02	1.794426e-01	8.972127e-02	
743	7.351567e-07	8.031912e-02	1.738193e-01	8.690962e-02	
744	7.361567e-07	7.642007e-02	1.675100e-01	8.375499e-02	
745	7.371567e-07	7.221942e-02	1.605396e-01	8.026980e-02	
746	7.381567e-07	6.773375e-02	1.529357e-01	7.646784e-02	
747	7.391567e-07	6.298077e-02	1.447282e-01	7.236408e-02	
748	7.401567e-07	5.797923e-02	1.359495e-01	6.797474e-02	
749	7.411567e-07	5.274887e-02	1.266343e-01	6.331714e-02	
750	7.421567e-07	4.731034e-02	1.168193e-01	5.840965e-02	

Index   time            /vin            /vout           net-_r1-pad1_   
--------------------------------------------------------------------------------
751	7.431567e-07	4.168509e-02	1.065433e-01	5.327164e-02	
752	7.441567e-07	3.589534e-02	9.584683e-02	4.792340e-02	
753	7.451567e-07	2.996392e-02	8.477207e-02	4.238602e-02	
754	7.461567e-07	2.391425e-02	7.336277e-02	3.668137e-02	
755	7.471567e-07	1.777020e-02	6.166393e-02	3.083195e-02	
756	7.481567e-07	1.155601e-02	4.972173e-02	2.486085e-02	
757	7.491567e-07	5.296224e-03	3.758331e-02	1.879164e-02	
758	7.501567e-07	-9.84466e-04	2.529656e-02	1.264826e-02	
759	7.511567e-07	-7.26127e-03	1.290997e-02	6.454968e-03	
760	7.521567e-07	-1.35094e-02	4.724376e-04	2.362016e-04	
761	7.531567e-07	-1.97043e-02	-1.19670e-02	-5.98350e-03	
762	7.541567e-07	-2.58213e-02	-2.43591e-02	-1.21796e-02	
763	7.551567e-07	-3.18365e-02	-3.66552e-02	-1.83276e-02	
764	7.561567e-07	-3.77260e-02	-4.88065e-02	-2.44033e-02	
765	7.571567e-07	-4.34666e-02	-6.07653e-02	-3.03827e-02	
766	7.581567e-07	-4.90357e-02	-7.24842e-02	-3.62421e-02	
767	7.591567e-07	-5.44113e-02	-8.39171e-02	-4.19586e-02	
768	7.601567e-07	-5.95721e-02	-9.50188e-02	-4.75094e-02	
769	7.611567e-07	-6.44979e-02	-1.05746e-01	-5.28728e-02	
770	7.621567e-07	-6.91690e-02	-1.16055e-01	-5.80275e-02	
771	7.631567e-07	-7.35672e-02	-1.25906e-01	-6.29531e-02	
772	7.641567e-07	-7.76751e-02	-1.35261e-01	-6.76304e-02	
773	7.651567e-07	-8.14764e-02	-1.44081e-01	-7.20407e-02	
774	7.661567e-07	-8.49562e-02	-1.52333e-01	-7.61667e-02	
775	7.671567e-07	-8.81007e-02	-1.59984e-01	-7.99921e-02	
776	7.681567e-07	-9.08975e-02	-1.67004e-01	-8.35019e-02	
777	7.691567e-07	-9.33355e-02	-1.73364e-01	-8.66820e-02	
778	7.701567e-07	-9.54053e-02	-1.79040e-01	-8.95201e-02	
779	7.711567e-07	-9.70984e-02	-1.84010e-01	-9.20049e-02	
780	7.721567e-07	-9.84084e-02	-1.88253e-01	-9.41266e-02	
781	7.731567e-07	-9.93300e-02	-1.91754e-01	-9.58768e-02	
782	7.741567e-07	-9.98597e-02	-1.94497e-01	-9.72487e-02	
783	7.751567e-07	-9.99952e-02	-1.96473e-01	-9.82367e-02	
784	7.761567e-07	-9.97360e-02	-1.97674e-01	-9.88370e-02	
785	7.771567e-07	-9.90833e-02	-1.98095e-01	-9.90473e-02	
786	7.781567e-07	-9.80395e-02	-1.97733e-01	-9.88667e-02	
787	7.791567e-07	-9.66088e-02	-1.96592e-01	-9.82959e-02	
788	7.801567e-07	-9.47968e-02	-1.94674e-01	-9.73372e-02	
789	7.811567e-07	-9.26107e-02	-1.91989e-01	-9.59943e-02	
790	7.821567e-07	-9.00592e-02	-1.88545e-01	-9.42726e-02	
791	7.831567e-07	-8.71522e-02	-1.84358e-01	-9.21788e-02	
792	7.841567e-07	-8.39012e-02	-1.79443e-01	-8.97213e-02	
793	7.851567e-07	-8.03191e-02	-1.73819e-01	-8.69096e-02	
794	7.861567e-07	-7.64201e-02	-1.67510e-01	-8.37550e-02	
795	7.871567e-07	-7.22194e-02	-1.60540e-01	-8.02698e-02	
796	7.881567e-07	-6.77337e-02	-1.52936e-01	-7.64678e-02	
797	7.891567e-07	-6.29808e-02	-1.44728e-01	-7.23641e-02	
798	7.901567e-07	-5.79792e-02	-1.35950e-01	-6.79747e-02	
799	7.911567e-07	-5.27489e-02	-1.26634e-01	-6.33171e-02	
800	7.921567e-07	-4.73103e-02	-1.16819e-01	-5.84096e-02	
801	7.931567e-07	-4.16851e-02	-1.06543e-01	-5.32716e-02	
802	7.941567e-07	-3.58953e-02	-9.58468e-02	-4.79234e-02	
803	7.951567e-07	-2.99639e-02	-8.47721e-02	-4.23860e-02	
804	7.961567e-07	-2.39142e-02	-7.33628e-02	-3.66814e-02	
805	7.971567e-07	-1.77702e-02	-6.16639e-02	-3.08319e-02	
806	7.981567e-07	-1.15560e-02	-4.97217e-02	-2.48608e-02	
807	7.991567e-07	-5.29622e-03	-3.75833e-02	-1.87916e-02	
808	8.001567e-07	9.844659e-04	-2.52966e-02	-1.26483e-02	

Index   time            /vin            /vout           net-_r1-pad1_   
--------------------------------------------------------------------------------
809	8.011567e-07	7.261271e-03	-1.29100e-02	-6.45497e-03	
810	8.021567e-07	1.350942e-02	-4.72438e-04	-2.36202e-04	
811	8.031567e-07	1.970425e-02	1.196696e-02	5.983497e-03	
812	8.041567e-07	2.582132e-02	2.435913e-02	1.217958e-02	
813	8.051567e-07	3.183648e-02	3.665517e-02	1.832760e-02	
814	8.061567e-07	3.772600e-02	4.880654e-02	2.440329e-02	
815	8.071567e-07	4.346664e-02	6.076530e-02	3.038267e-02	
816	8.081567e-07	4.903573e-02	7.248424e-02	3.624214e-02	
817	8.091567e-07	5.441129e-02	8.391712e-02	4.195858e-02	
818	8.101567e-07	5.957213e-02	9.501882e-02	4.750943e-02	
819	8.111567e-07	6.449785e-02	1.057455e-01	5.287278e-02	
820	8.121567e-07	6.916904e-02	1.160549e-01	5.802747e-02	
821	8.131567e-07	7.356724e-02	1.259063e-01	6.295314e-02	
822	8.141567e-07	7.767511e-02	1.352607e-01	6.763038e-02	
823	8.151567e-07	8.147643e-02	1.440814e-01	7.204070e-02	
824	8.161567e-07	8.495620e-02	1.523334e-01	7.616671e-02	
825	8.171567e-07	8.810069e-02	1.599842e-01	7.999213e-02	
826	8.181567e-07	9.089749e-02	1.670037e-01	8.350186e-02	
827	8.191567e-07	9.333555e-02	1.733641e-01	8.668204e-02	
828	8.201567e-07	9.540526e-02	1.790402e-01	8.952013e-02	
829	8.211567e-07	9.709845e-02	1.840098e-01	9.200492e-02	
830	8.221567e-07	9.840844e-02	1.882532e-01	9.412661e-02	
831	8.231567e-07	9.933005e-02	1.917537e-01	9.587683e-02	
832	8.241567e-07	9.985965e-02	1.944973e-01	9.724866e-02	
833	8.251567e-07	9.999515e-02	1.964734e-01	9.823670e-02	
834	8.261567e-07	9.973602e-02	1.976741e-01	9.883705e-02	
835	8.271567e-07	9.908328e-02	1.980946e-01	9.904732e-02	
836	8.281567e-07	9.803949e-02	1.977334e-01	9.886671e-02	
837	8.291567e-07	9.660880e-02	1.965918e-01	9.829591e-02	
838	8.301567e-07	9.479683e-02	1.946744e-01	9.733718e-02	
839	8.311567e-07	9.261074e-02	1.919886e-01	9.599431e-02	
840	8.321567e-07	9.005916e-02	1.885452e-01	9.427259e-02	
841	8.331567e-07	8.715215e-02	1.843577e-01	9.217882e-02	
842	8.341567e-07	8.390120e-02	1.794426e-01	8.972127e-02	
843	8.351567e-07	8.031912e-02	1.738193e-01	8.690962e-02	
844	8.361567e-07	7.642007e-02	1.675100e-01	8.375499e-02	
845	8.371567e-07	7.221942e-02	1.605396e-01	8.026980e-02	
846	8.381567e-07	6.773375e-02	1.529357e-01	7.646784e-02	
847	8.391567e-07	6.298077e-02	1.447282e-01	7.236408e-02	
848	8.401567e-07	5.797923e-02	1.359495e-01	6.797474e-02	
849	8.411567e-07	5.274887e-02	1.266343e-01	6.331714e-02	
850	8.421567e-07	4.731034e-02	1.168193e-01	5.840965e-02	
851	8.431567e-07	4.168509e-02	1.065433e-01	5.327164e-02	
852	8.441567e-07	3.589534e-02	9.584683e-02	4.792340e-02	
853	8.451567e-07	2.996392e-02	8.477207e-02	4.238602e-02	
854	8.461567e-07	2.391425e-02	7.336277e-02	3.668137e-02	
855	8.471567e-07	1.777020e-02	6.166393e-02	3.083195e-02	
856	8.481567e-07	1.155601e-02	4.972173e-02	2.486085e-02	
857	8.491567e-07	5.296224e-03	3.758331e-02	1.879164e-02	
858	8.501567e-07	-9.84466e-04	2.529656e-02	1.264826e-02	
859	8.511567e-07	-7.26127e-03	1.290997e-02	6.454968e-03	
860	8.521567e-07	-1.35094e-02	4.724376e-04	2.362016e-04	
861	8.531567e-07	-1.97043e-02	-1.19670e-02	-5.98350e-03	
862	8.541567e-07	-2.58213e-02	-2.43591e-02	-1.21796e-02	
863	8.551567e-07	-3.18365e-02	-3.66552e-02	-1.83276e-02	
864	8.561567e-07	-3.77260e-02	-4.88065e-02	-2.44033e-02	
865	8.571567e-07	-4.34666e-02	-6.07653e-02	-3.03827e-02	
866	8.581567e-07	-4.90357e-02	-7.24842e-02	-3.62421e-02	

Index   time            /vin            /vout           net-_r1-pad1_   
--------------------------------------------------------------------------------
867	8.591567e-07	-5.44113e-02	-8.39171e-02	-4.19586e-02	
868	8.601567e-07	-5.95721e-02	-9.50188e-02	-4.75094e-02	
869	8.611567e-07	-6.44979e-02	-1.05746e-01	-5.28728e-02	
870	8.621567e-07	-6.91690e-02	-1.16055e-01	-5.80275e-02	
871	8.631567e-07	-7.35672e-02	-1.25906e-01	-6.29531e-02	
872	8.641567e-07	-7.76751e-02	-1.35261e-01	-6.76304e-02	
873	8.651567e-07	-8.14764e-02	-1.44081e-01	-7.20407e-02	
874	8.661567e-07	-8.49562e-02	-1.52333e-01	-7.61667e-02	
875	8.671567e-07	-8.81007e-02	-1.59984e-01	-7.99921e-02	
876	8.681567e-07	-9.08975e-02	-1.67004e-01	-8.35019e-02	
877	8.691567e-07	-9.33355e-02	-1.73364e-01	-8.66820e-02	
878	8.701567e-07	-9.54053e-02	-1.79040e-01	-8.95201e-02	
879	8.711567e-07	-9.70984e-02	-1.84010e-01	-9.20049e-02	
880	8.721567e-07	-9.84084e-02	-1.88253e-01	-9.41266e-02	
881	8.731567e-07	-9.93300e-02	-1.91754e-01	-9.58768e-02	
882	8.741567e-07	-9.98597e-02	-1.94497e-01	-9.72487e-02	
883	8.751567e-07	-9.99952e-02	-1.96473e-01	-9.82367e-02	
884	8.761567e-07	-9.97360e-02	-1.97674e-01	-9.88370e-02	
885	8.771567e-07	-9.90833e-02	-1.98095e-01	-9.90473e-02	
886	8.781567e-07	-9.80395e-02	-1.97733e-01	-9.88667e-02	
887	8.791567e-07	-9.66088e-02	-1.96592e-01	-9.82959e-02	
888	8.801567e-07	-9.47968e-02	-1.94674e-01	-9.73372e-02	
889	8.811567e-07	-9.26107e-02	-1.91989e-01	-9.59943e-02	
890	8.821567e-07	-9.00592e-02	-1.88545e-01	-9.42726e-02	
891	8.831567e-07	-8.71522e-02	-1.84358e-01	-9.21788e-02	
892	8.841567e-07	-8.39012e-02	-1.79443e-01	-8.97213e-02	
893	8.851567e-07	-8.03191e-02	-1.73819e-01	-8.69096e-02	
894	8.861567e-07	-7.64201e-02	-1.67510e-01	-8.37550e-02	
895	8.871567e-07	-7.22194e-02	-1.60540e-01	-8.02698e-02	
896	8.881567e-07	-6.77337e-02	-1.52936e-01	-7.64678e-02	
897	8.891567e-07	-6.29808e-02	-1.44728e-01	-7.23641e-02	
898	8.901567e-07	-5.79792e-02	-1.35950e-01	-6.79747e-02	
899	8.911567e-07	-5.27489e-02	-1.26634e-01	-6.33171e-02	
900	8.921567e-07	-4.73103e-02	-1.16819e-01	-5.84096e-02	
901	8.931567e-07	-4.16851e-02	-1.06543e-01	-5.32716e-02	
902	8.941567e-07	-3.58953e-02	-9.58468e-02	-4.79234e-02	
903	8.951567e-07	-2.99639e-02	-8.47721e-02	-4.23860e-02	
904	8.961567e-07	-2.39142e-02	-7.33628e-02	-3.66814e-02	
905	8.971567e-07	-1.77702e-02	-6.16639e-02	-3.08319e-02	
906	8.981567e-07	-1.15560e-02	-4.97217e-02	-2.48608e-02	
907	8.991567e-07	-5.29622e-03	-3.75833e-02	-1.87916e-02	
908	9.001567e-07	9.844659e-04	-2.52966e-02	-1.26483e-02	
909	9.011567e-07	7.261271e-03	-1.29100e-02	-6.45497e-03	
910	9.021567e-07	1.350942e-02	-4.72438e-04	-2.36202e-04	
911	9.031567e-07	1.970425e-02	1.196696e-02	5.983497e-03	
912	9.041567e-07	2.582132e-02	2.435913e-02	1.217958e-02	
913	9.051567e-07	3.183648e-02	3.665517e-02	1.832760e-02	
914	9.061567e-07	3.772600e-02	4.880654e-02	2.440329e-02	
915	9.071567e-07	4.346664e-02	6.076530e-02	3.038267e-02	
916	9.081567e-07	4.903573e-02	7.248424e-02	3.624214e-02	
917	9.091567e-07	5.441129e-02	8.391712e-02	4.195858e-02	
918	9.101567e-07	5.957213e-02	9.501882e-02	4.750943e-02	
919	9.111567e-07	6.449785e-02	1.057455e-01	5.287278e-02	
920	9.121567e-07	6.916904e-02	1.160549e-01	5.802747e-02	
921	9.131567e-07	7.356724e-02	1.259063e-01	6.295314e-02	
922	9.141567e-07	7.767511e-02	1.352607e-01	6.763038e-02	
923	9.151567e-07	8.147643e-02	1.440814e-01	7.204070e-02	
924	9.161567e-07	8.495620e-02	1.523334e-01	7.616671e-02	

Index   time            /vin            /vout           net-_r1-pad1_   
--------------------------------------------------------------------------------
925	9.171567e-07	8.810069e-02	1.599842e-01	7.999213e-02	
926	9.181567e-07	9.089749e-02	1.670037e-01	8.350186e-02	
927	9.191567e-07	9.333555e-02	1.733641e-01	8.668204e-02	
928	9.201567e-07	9.540526e-02	1.790402e-01	8.952013e-02	
929	9.211567e-07	9.709845e-02	1.840098e-01	9.200492e-02	
930	9.221567e-07	9.840844e-02	1.882532e-01	9.412661e-02	
931	9.231567e-07	9.933005e-02	1.917537e-01	9.587683e-02	
932	9.241567e-07	9.985965e-02	1.944973e-01	9.724866e-02	
933	9.251567e-07	9.999515e-02	1.964734e-01	9.823670e-02	
934	9.261567e-07	9.973602e-02	1.976741e-01	9.883705e-02	
935	9.271567e-07	9.908328e-02	1.980946e-01	9.904732e-02	
936	9.281567e-07	9.803949e-02	1.977334e-01	9.886671e-02	
937	9.291567e-07	9.660880e-02	1.965918e-01	9.829591e-02	
938	9.301567e-07	9.479683e-02	1.946744e-01	9.733718e-02	
939	9.311567e-07	9.261074e-02	1.919886e-01	9.599431e-02	
940	9.321567e-07	9.005916e-02	1.885452e-01	9.427259e-02	
941	9.331567e-07	8.715215e-02	1.843577e-01	9.217882e-02	
942	9.341567e-07	8.390120e-02	1.794426e-01	8.972127e-02	
943	9.351567e-07	8.031912e-02	1.738193e-01	8.690962e-02	
944	9.361567e-07	7.642007e-02	1.675100e-01	8.375499e-02	
945	9.371567e-07	7.221942e-02	1.605396e-01	8.026980e-02	
946	9.381567e-07	6.773375e-02	1.529357e-01	7.646784e-02	
947	9.391567e-07	6.298077e-02	1.447282e-01	7.236408e-02	
948	9.401567e-07	5.797923e-02	1.359495e-01	6.797474e-02	
949	9.411567e-07	5.274887e-02	1.266343e-01	6.331714e-02	
950	9.421567e-07	4.731034e-02	1.168193e-01	5.840965e-02	
951	9.431567e-07	4.168509e-02	1.065433e-01	5.327164e-02	
952	9.441567e-07	3.589534e-02	9.584683e-02	4.792340e-02	
953	9.451567e-07	2.996392e-02	8.477207e-02	4.238602e-02	
954	9.461567e-07	2.391425e-02	7.336277e-02	3.668137e-02	
955	9.471567e-07	1.777020e-02	6.166393e-02	3.083195e-02	
956	9.481567e-07	1.155601e-02	4.972173e-02	2.486085e-02	
957	9.491567e-07	5.296224e-03	3.758331e-02	1.879164e-02	
958	9.501567e-07	-9.84466e-04	2.529656e-02	1.264826e-02	
959	9.511567e-07	-7.26127e-03	1.290997e-02	6.454968e-03	
960	9.521567e-07	-1.35094e-02	4.724376e-04	2.362016e-04	
961	9.531567e-07	-1.97043e-02	-1.19670e-02	-5.98350e-03	
962	9.541567e-07	-2.58213e-02	-2.43591e-02	-1.21796e-02	
963	9.551567e-07	-3.18365e-02	-3.66552e-02	-1.83276e-02	
964	9.561567e-07	-3.77260e-02	-4.88065e-02	-2.44033e-02	
965	9.571567e-07	-4.34666e-02	-6.07653e-02	-3.03827e-02	
966	9.581567e-07	-4.90357e-02	-7.24842e-02	-3.62421e-02	
967	9.591567e-07	-5.44113e-02	-8.39171e-02	-4.19586e-02	
968	9.601567e-07	-5.95721e-02	-9.50188e-02	-4.75094e-02	
969	9.611567e-07	-6.44979e-02	-1.05746e-01	-5.28728e-02	
970	9.621567e-07	-6.91690e-02	-1.16055e-01	-5.80275e-02	
971	9.631567e-07	-7.35672e-02	-1.25906e-01	-6.29531e-02	
972	9.641567e-07	-7.76751e-02	-1.35261e-01	-6.76304e-02	
973	9.651567e-07	-8.14764e-02	-1.44081e-01	-7.20407e-02	
974	9.661567e-07	-8.49562e-02	-1.52333e-01	-7.61667e-02	
975	9.671567e-07	-8.81007e-02	-1.59984e-01	-7.99921e-02	
976	9.681567e-07	-9.08975e-02	-1.67004e-01	-8.35019e-02	
977	9.691567e-07	-9.33355e-02	-1.73364e-01	-8.66820e-02	
978	9.701567e-07	-9.54053e-02	-1.79040e-01	-8.95201e-02	
979	9.711567e-07	-9.70984e-02	-1.84010e-01	-9.20049e-02	
980	9.721567e-07	-9.84084e-02	-1.88253e-01	-9.41266e-02	
981	9.731567e-07	-9.93300e-02	-1.91754e-01	-9.58768e-02	
982	9.741567e-07	-9.98597e-02	-1.94497e-01	-9.72487e-02	

Index   time            /vin            /vout           net-_r1-pad1_   
--------------------------------------------------------------------------------
983	9.751567e-07	-9.99952e-02	-1.96473e-01	-9.82367e-02	
984	9.761567e-07	-9.97360e-02	-1.97674e-01	-9.88370e-02	
985	9.771567e-07	-9.90833e-02	-1.98095e-01	-9.90473e-02	
986	9.781567e-07	-9.80395e-02	-1.97733e-01	-9.88667e-02	
987	9.791567e-07	-9.66088e-02	-1.96592e-01	-9.82959e-02	
988	9.801567e-07	-9.47968e-02	-1.94674e-01	-9.73372e-02	
989	9.811567e-07	-9.26107e-02	-1.91989e-01	-9.59943e-02	
990	9.821567e-07	-9.00592e-02	-1.88545e-01	-9.42726e-02	
991	9.831567e-07	-8.71522e-02	-1.84358e-01	-9.21788e-02	
992	9.841567e-07	-8.39012e-02	-1.79443e-01	-8.97213e-02	
993	9.851567e-07	-8.03191e-02	-1.73819e-01	-8.69096e-02	
994	9.861567e-07	-7.64201e-02	-1.67510e-01	-8.37550e-02	
995	9.871567e-07	-7.22194e-02	-1.60540e-01	-8.02698e-02	
996	9.881567e-07	-6.77337e-02	-1.52936e-01	-7.64678e-02	
997	9.891567e-07	-6.29808e-02	-1.44728e-01	-7.23641e-02	
998	9.901567e-07	-5.79792e-02	-1.35950e-01	-6.79747e-02	
999	9.911567e-07	-5.27489e-02	-1.26634e-01	-6.33171e-02	
1000	9.921567e-07	-4.73103e-02	-1.16819e-01	-5.84096e-02	
1001	9.931567e-07	-4.16851e-02	-1.06543e-01	-5.32716e-02	
1002	9.941567e-07	-3.58953e-02	-9.58468e-02	-4.79234e-02	
1003	9.951567e-07	-2.99639e-02	-8.47721e-02	-4.23860e-02	
1004	9.961567e-07	-2.39142e-02	-7.33628e-02	-3.66814e-02	
1005	9.971567e-07	-1.77702e-02	-6.16639e-02	-3.08319e-02	
1006	9.981567e-07	-1.15560e-02	-4.97217e-02	-2.48608e-02	
1007	9.991567e-07	-5.29622e-03	-3.75833e-02	-1.87916e-02	
1008	1.000000e-06	3.307792e-15	-2.72287e-02	-1.36143e-02	

                                kicad schematic
                                Transient Analysis  Mon Jun 22 20:01:16  2026
--------------------------------------------------------------------------------
Index   time            net-_x1-pad3_   net-_x1-pad4_   x1.e1_out       
--------------------------------------------------------------------------------
0	0.000000e+00	5.000000e+00	-5.00000e+00	0.000000e+00	
1	1.000000e-11	5.000000e+00	-5.00000e+00	9.064996e-07	
2	1.449680e-11	5.000000e+00	-5.00000e+00	1.497068e-06	
3	2.349041e-11	5.000000e+00	-5.00000e+00	3.043326e-06	
4	4.147763e-11	5.000000e+00	-5.00000e+00	8.317686e-06	
5	7.745207e-11	5.000000e+00	-5.00000e+00	2.750559e-05	
6	1.494009e-10	5.000000e+00	-5.00000e+00	9.974512e-05	
7	2.932987e-10	5.000000e+00	-5.00000e+00	3.743280e-04	
8	5.810942e-10	5.000000e+00	-5.00000e+00	1.403991e-03	
9	1.156685e-09	5.000000e+00	-5.00000e+00	5.106529e-03	
10	2.156685e-09	5.000000e+00	-5.00000e+00	1.549287e-02	
11	3.156685e-09	5.000000e+00	-5.00000e+00	2.939547e-02	
12	4.156685e-09	5.000000e+00	-5.00000e+00	4.543838e-02	
13	5.156685e-09	5.000000e+00	-5.00000e+00	6.272506e-02	
14	6.156685e-09	5.000000e+00	-5.00000e+00	8.066176e-02	
15	7.156685e-09	5.000000e+00	-5.00000e+00	9.884623e-02	
16	8.156685e-09	5.000000e+00	-5.00000e+00	1.169976e-01	
17	9.156685e-09	5.000000e+00	-5.00000e+00	1.349125e-01	
18	1.015669e-08	5.000000e+00	-5.00000e+00	1.524370e-01	
19	1.115669e-08	5.000000e+00	-5.00000e+00	1.694495e-01	
20	1.215669e-08	5.000000e+00	-5.00000e+00	1.858497e-01	
21	1.315669e-08	5.000000e+00	-5.00000e+00	2.015521e-01	
22	1.415669e-08	5.000000e+00	-5.00000e+00	2.164815e-01	
23	1.515669e-08	5.000000e+00	-5.00000e+00	2.305708e-01	
24	1.615669e-08	5.000000e+00	-5.00000e+00	2.437591e-01	
25	1.715669e-08	5.000000e+00	-5.00000e+00	2.559909e-01	
26	1.815669e-08	5.000000e+00	-5.00000e+00	2.672161e-01	
27	1.915669e-08	5.000000e+00	-5.00000e+00	2.773889e-01	
28	2.015669e-08	5.000000e+00	-5.00000e+00	2.864684e-01	
29	2.115669e-08	5.000000e+00	-5.00000e+00	2.944183e-01	
30	2.215669e-08	5.000000e+00	-5.00000e+00	3.012068e-01	
31	2.315669e-08	5.000000e+00	-5.00000e+00	3.068069e-01	
32	2.415669e-08	5.000000e+00	-5.00000e+00	3.111964e-01	
33	2.515669e-08	5.000000e+00	-5.00000e+00	3.143578e-01	
34	2.615669e-08	5.000000e+00	-5.00000e+00	3.162788e-01	
35	2.715669e-08	5.000000e+00	-5.00000e+00	3.169516e-01	
36	2.815669e-08	5.000000e+00	-5.00000e+00	3.163736e-01	
37	2.915669e-08	5.000000e+00	-5.00000e+00	3.145470e-01	
38	3.015669e-08	5.000000e+00	-5.00000e+00	3.114790e-01	
39	3.115669e-08	5.000000e+00	-5.00000e+00	3.071818e-01	
40	3.215669e-08	5.000000e+00	-5.00000e+00	3.016723e-01	
41	3.315669e-08	5.000000e+00	-5.00000e+00	2.949723e-01	
42	3.415669e-08	5.000000e+00	-5.00000e+00	2.871081e-01	
43	3.515669e-08	5.000000e+00	-5.00000e+00	2.781108e-01	
44	3.615669e-08	5.000000e+00	-5.00000e+00	2.680160e-01	
45	3.715669e-08	5.000000e+00	-5.00000e+00	2.568634e-01	
46	3.815669e-08	5.000000e+00	-5.00000e+00	2.446971e-01	
47	3.915669e-08	5.000000e+00	-5.00000e+00	2.315651e-01	
48	4.015669e-08	5.000000e+00	-5.00000e+00	2.175192e-01	
49	4.115669e-08	5.000000e+00	-5.00000e+00	2.026149e-01	
50	4.215669e-08	5.000000e+00	-5.00000e+00	1.869109e-01	
51	4.315669e-08	5.000000e+00	-5.00000e+00	1.704693e-01	
52	4.415669e-08	5.000000e+00	-5.00000e+00	1.533549e-01	
53	4.515669e-08	5.000000e+00	-5.00000e+00	1.356353e-01	
54	4.615669e-08	5.000000e+00	-5.00000e+00	1.173804e-01	

Index   time            net-_x1-pad3_   net-_x1-pad4_   x1.e1_out       
--------------------------------------------------------------------------------
55	4.715669e-08	5.000000e+00	-5.00000e+00	9.866229e-02	
56	4.815669e-08	5.000000e+00	-5.00000e+00	7.955477e-02	
57	4.915669e-08	5.000000e+00	-5.00000e+00	6.013329e-02	
58	5.015669e-08	5.000000e+00	-5.00000e+00	4.047449e-02	
59	5.115669e-08	5.000000e+00	-5.00000e+00	2.065596e-02	
60	5.215669e-08	5.000000e+00	-5.00000e+00	7.559037e-04	
61	5.315669e-08	5.000000e+00	-5.00000e+00	-1.91471e-02	
62	5.415669e-08	5.000000e+00	-5.00000e+00	-3.89746e-02	
63	5.515669e-08	5.000000e+00	-5.00000e+00	-5.86483e-02	
64	5.615669e-08	5.000000e+00	-5.00000e+00	-7.80905e-02	
65	5.715669e-08	5.000000e+00	-5.00000e+00	-9.72245e-02	
66	5.815669e-08	5.000000e+00	-5.00000e+00	-1.15975e-01	
67	5.915669e-08	5.000000e+00	-5.00000e+00	-1.34267e-01	
68	6.015669e-08	5.000000e+00	-5.00000e+00	-1.52030e-01	
69	6.115669e-08	5.000000e+00	-5.00000e+00	-1.69193e-01	
70	6.215669e-08	5.000000e+00	-5.00000e+00	-1.85688e-01	
71	6.315669e-08	5.000000e+00	-5.00000e+00	-2.01450e-01	
72	6.415669e-08	5.000000e+00	-5.00000e+00	-2.16417e-01	
73	6.515669e-08	5.000000e+00	-5.00000e+00	-2.30530e-01	
74	6.615669e-08	5.000000e+00	-5.00000e+00	-2.43733e-01	
75	6.715669e-08	5.000000e+00	-5.00000e+00	-2.55975e-01	
76	6.815669e-08	5.000000e+00	-5.00000e+00	-2.67206e-01	
77	6.915669e-08	5.000000e+00	-5.00000e+00	-2.77383e-01	
78	7.015669e-08	5.000000e+00	-5.00000e+00	-2.86464e-01	
79	7.115669e-08	5.000000e+00	-5.00000e+00	-2.94416e-01	
80	7.215669e-08	5.000000e+00	-5.00000e+00	-3.01205e-01	
81	7.315669e-08	5.000000e+00	-5.00000e+00	-3.06806e-01	
82	7.415669e-08	5.000000e+00	-5.00000e+00	-3.11196e-01	
83	7.515669e-08	5.000000e+00	-5.00000e+00	-3.14357e-01	
84	7.615669e-08	5.000000e+00	-5.00000e+00	-3.16279e-01	
85	7.715669e-08	5.000000e+00	-5.00000e+00	-3.16951e-01	
86	7.815669e-08	5.000000e+00	-5.00000e+00	-3.16373e-01	
87	7.915669e-08	5.000000e+00	-5.00000e+00	-3.14547e-01	
88	8.015669e-08	5.000000e+00	-5.00000e+00	-3.11479e-01	
89	8.115669e-08	5.000000e+00	-5.00000e+00	-3.07182e-01	
90	8.215669e-08	5.000000e+00	-5.00000e+00	-3.01672e-01	
91	8.315669e-08	5.000000e+00	-5.00000e+00	-2.94972e-01	
92	8.415669e-08	5.000000e+00	-5.00000e+00	-2.87108e-01	
93	8.515669e-08	5.000000e+00	-5.00000e+00	-2.78111e-01	
94	8.615669e-08	5.000000e+00	-5.00000e+00	-2.68016e-01	
95	8.715669e-08	5.000000e+00	-5.00000e+00	-2.56863e-01	
96	8.815669e-08	5.000000e+00	-5.00000e+00	-2.44697e-01	
97	8.915669e-08	5.000000e+00	-5.00000e+00	-2.31565e-01	
98	9.015669e-08	5.000000e+00	-5.00000e+00	-2.17519e-01	
99	9.115669e-08	5.000000e+00	-5.00000e+00	-2.02615e-01	
100	9.215669e-08	5.000000e+00	-5.00000e+00	-1.86911e-01	
101	9.315669e-08	5.000000e+00	-5.00000e+00	-1.70469e-01	
102	9.415669e-08	5.000000e+00	-5.00000e+00	-1.53355e-01	
103	9.515669e-08	5.000000e+00	-5.00000e+00	-1.35635e-01	
104	9.615669e-08	5.000000e+00	-5.00000e+00	-1.17380e-01	
105	9.715669e-08	5.000000e+00	-5.00000e+00	-9.86623e-02	
106	9.815669e-08	5.000000e+00	-5.00000e+00	-7.95548e-02	
107	9.915669e-08	5.000000e+00	-5.00000e+00	-6.01333e-02	
108	1.001567e-07	5.000000e+00	-5.00000e+00	-4.04745e-02	
109	1.011567e-07	5.000000e+00	-5.00000e+00	-2.06560e-02	
110	1.021567e-07	5.000000e+00	-5.00000e+00	-7.55904e-04	
111	1.031567e-07	5.000000e+00	-5.00000e+00	1.914713e-02	
112	1.041567e-07	5.000000e+00	-5.00000e+00	3.897461e-02	

Index   time            net-_x1-pad3_   net-_x1-pad4_   x1.e1_out       
--------------------------------------------------------------------------------
113	1.051567e-07	5.000000e+00	-5.00000e+00	5.864826e-02	
114	1.061567e-07	5.000000e+00	-5.00000e+00	7.809046e-02	
115	1.071567e-07	5.000000e+00	-5.00000e+00	9.722447e-02	
116	1.081567e-07	5.000000e+00	-5.00000e+00	1.159748e-01	
117	1.091567e-07	5.000000e+00	-5.00000e+00	1.342674e-01	
118	1.101567e-07	5.000000e+00	-5.00000e+00	1.520301e-01	
119	1.111567e-07	5.000000e+00	-5.00000e+00	1.691928e-01	
120	1.121567e-07	5.000000e+00	-5.00000e+00	1.856878e-01	
121	1.131567e-07	5.000000e+00	-5.00000e+00	2.014500e-01	
122	1.141567e-07	5.000000e+00	-5.00000e+00	2.164172e-01	
123	1.151567e-07	5.000000e+00	-5.00000e+00	2.305302e-01	
124	1.161567e-07	5.000000e+00	-5.00000e+00	2.437334e-01	
125	1.171567e-07	5.000000e+00	-5.00000e+00	2.559748e-01	
126	1.181567e-07	5.000000e+00	-5.00000e+00	2.672059e-01	
127	1.191567e-07	5.000000e+00	-5.00000e+00	2.773825e-01	
128	1.201567e-07	5.000000e+00	-5.00000e+00	2.864644e-01	
129	1.211567e-07	5.000000e+00	-5.00000e+00	2.944157e-01	
130	1.221567e-07	5.000000e+00	-5.00000e+00	3.012051e-01	
131	1.231567e-07	5.000000e+00	-5.00000e+00	3.068058e-01	
132	1.241567e-07	5.000000e+00	-5.00000e+00	3.111957e-01	
133	1.251567e-07	5.000000e+00	-5.00000e+00	3.143574e-01	
134	1.261567e-07	5.000000e+00	-5.00000e+00	3.162785e-01	
135	1.271567e-07	5.000000e+00	-5.00000e+00	3.169514e-01	
136	1.281567e-07	5.000000e+00	-5.00000e+00	3.163735e-01	
137	1.291567e-07	5.000000e+00	-5.00000e+00	3.145469e-01	
138	1.301567e-07	5.000000e+00	-5.00000e+00	3.114790e-01	
139	1.311567e-07	5.000000e+00	-5.00000e+00	3.071818e-01	
140	1.321567e-07	5.000000e+00	-5.00000e+00	3.016723e-01	
141	1.331567e-07	5.000000e+00	-5.00000e+00	2.949723e-01	
142	1.341567e-07	5.000000e+00	-5.00000e+00	2.871081e-01	
143	1.351567e-07	5.000000e+00	-5.00000e+00	2.781108e-01	
144	1.361567e-07	5.000000e+00	-5.00000e+00	2.680160e-01	
145	1.371567e-07	5.000000e+00	-5.00000e+00	2.568634e-01	
146	1.381567e-07	5.000000e+00	-5.00000e+00	2.446971e-01	
147	1.391567e-07	5.000000e+00	-5.00000e+00	2.315651e-01	
148	1.401567e-07	5.000000e+00	-5.00000e+00	2.175192e-01	
149	1.411567e-07	5.000000e+00	-5.00000e+00	2.026149e-01	
150	1.421567e-07	5.000000e+00	-5.00000e+00	1.869109e-01	
151	1.431567e-07	5.000000e+00	-5.00000e+00	1.704693e-01	
152	1.441567e-07	5.000000e+00	-5.00000e+00	1.533549e-01	
153	1.451567e-07	5.000000e+00	-5.00000e+00	1.356353e-01	
154	1.461567e-07	5.000000e+00	-5.00000e+00	1.173804e-01	
155	1.471567e-07	5.000000e+00	-5.00000e+00	9.866229e-02	
156	1.481567e-07	5.000000e+00	-5.00000e+00	7.955477e-02	
157	1.491567e-07	5.000000e+00	-5.00000e+00	6.013329e-02	
158	1.501567e-07	5.000000e+00	-5.00000e+00	4.047449e-02	
159	1.511567e-07	5.000000e+00	-5.00000e+00	2.065596e-02	
160	1.521567e-07	5.000000e+00	-5.00000e+00	7.559036e-04	
161	1.531567e-07	5.000000e+00	-5.00000e+00	-1.91471e-02	
162	1.541567e-07	5.000000e+00	-5.00000e+00	-3.89746e-02	
163	1.551567e-07	5.000000e+00	-5.00000e+00	-5.86483e-02	
164	1.561567e-07	5.000000e+00	-5.00000e+00	-7.80905e-02	
165	1.571567e-07	5.000000e+00	-5.00000e+00	-9.72245e-02	
166	1.581567e-07	5.000000e+00	-5.00000e+00	-1.15975e-01	
167	1.591567e-07	5.000000e+00	-5.00000e+00	-1.34267e-01	
168	1.601567e-07	5.000000e+00	-5.00000e+00	-1.52030e-01	
169	1.611567e-07	5.000000e+00	-5.00000e+00	-1.69193e-01	
170	1.621567e-07	5.000000e+00	-5.00000e+00	-1.85688e-01	

Index   time            net-_x1-pad3_   net-_x1-pad4_   x1.e1_out       
--------------------------------------------------------------------------------
171	1.631567e-07	5.000000e+00	-5.00000e+00	-2.01450e-01	
172	1.641567e-07	5.000000e+00	-5.00000e+00	-2.16417e-01	
173	1.651567e-07	5.000000e+00	-5.00000e+00	-2.30530e-01	
174	1.661567e-07	5.000000e+00	-5.00000e+00	-2.43733e-01	
175	1.671567e-07	5.000000e+00	-5.00000e+00	-2.55975e-01	
176	1.681567e-07	5.000000e+00	-5.00000e+00	-2.67206e-01	
177	1.691567e-07	5.000000e+00	-5.00000e+00	-2.77383e-01	
178	1.701567e-07	5.000000e+00	-5.00000e+00	-2.86464e-01	
179	1.711567e-07	5.000000e+00	-5.00000e+00	-2.94416e-01	
180	1.721567e-07	5.000000e+00	-5.00000e+00	-3.01205e-01	
181	1.731567e-07	5.000000e+00	-5.00000e+00	-3.06806e-01	
182	1.741567e-07	5.000000e+00	-5.00000e+00	-3.11196e-01	
183	1.751567e-07	5.000000e+00	-5.00000e+00	-3.14357e-01	
184	1.761567e-07	5.000000e+00	-5.00000e+00	-3.16279e-01	
185	1.771567e-07	5.000000e+00	-5.00000e+00	-3.16951e-01	
186	1.781567e-07	5.000000e+00	-5.00000e+00	-3.16373e-01	
187	1.791567e-07	5.000000e+00	-5.00000e+00	-3.14547e-01	
188	1.801567e-07	5.000000e+00	-5.00000e+00	-3.11479e-01	
189	1.811567e-07	5.000000e+00	-5.00000e+00	-3.07182e-01	
190	1.821567e-07	5.000000e+00	-5.00000e+00	-3.01672e-01	
191	1.831567e-07	5.000000e+00	-5.00000e+00	-2.94972e-01	
192	1.841567e-07	5.000000e+00	-5.00000e+00	-2.87108e-01	
193	1.851567e-07	5.000000e+00	-5.00000e+00	-2.78111e-01	
194	1.861567e-07	5.000000e+00	-5.00000e+00	-2.68016e-01	
195	1.871567e-07	5.000000e+00	-5.00000e+00	-2.56863e-01	
196	1.881567e-07	5.000000e+00	-5.00000e+00	-2.44697e-01	
197	1.891567e-07	5.000000e+00	-5.00000e+00	-2.31565e-01	
198	1.901567e-07	5.000000e+00	-5.00000e+00	-2.17519e-01	
199	1.911567e-07	5.000000e+00	-5.00000e+00	-2.02615e-01	
200	1.921567e-07	5.000000e+00	-5.00000e+00	-1.86911e-01	
201	1.931567e-07	5.000000e+00	-5.00000e+00	-1.70469e-01	
202	1.941567e-07	5.000000e+00	-5.00000e+00	-1.53355e-01	
203	1.951567e-07	5.000000e+00	-5.00000e+00	-1.35635e-01	
204	1.961567e-07	5.000000e+00	-5.00000e+00	-1.17380e-01	
205	1.971567e-07	5.000000e+00	-5.00000e+00	-9.86623e-02	
206	1.981567e-07	5.000000e+00	-5.00000e+00	-7.95548e-02	
207	1.991567e-07	5.000000e+00	-5.00000e+00	-6.01333e-02	
208	2.001567e-07	5.000000e+00	-5.00000e+00	-4.04745e-02	
209	2.011567e-07	5.000000e+00	-5.00000e+00	-2.06560e-02	
210	2.021567e-07	5.000000e+00	-5.00000e+00	-7.55904e-04	
211	2.031567e-07	5.000000e+00	-5.00000e+00	1.914713e-02	
212	2.041567e-07	5.000000e+00	-5.00000e+00	3.897461e-02	
213	2.051567e-07	5.000000e+00	-5.00000e+00	5.864826e-02	
214	2.061567e-07	5.000000e+00	-5.00000e+00	7.809046e-02	
215	2.071567e-07	5.000000e+00	-5.00000e+00	9.722447e-02	
216	2.081567e-07	5.000000e+00	-5.00000e+00	1.159748e-01	
217	2.091567e-07	5.000000e+00	-5.00000e+00	1.342674e-01	
218	2.101567e-07	5.000000e+00	-5.00000e+00	1.520301e-01	
219	2.111567e-07	5.000000e+00	-5.00000e+00	1.691928e-01	
220	2.121567e-07	5.000000e+00	-5.00000e+00	1.856878e-01	
221	2.131567e-07	5.000000e+00	-5.00000e+00	2.014500e-01	
222	2.141567e-07	5.000000e+00	-5.00000e+00	2.164172e-01	
223	2.151567e-07	5.000000e+00	-5.00000e+00	2.305302e-01	
224	2.161567e-07	5.000000e+00	-5.00000e+00	2.437334e-01	
225	2.171567e-07	5.000000e+00	-5.00000e+00	2.559748e-01	
226	2.181567e-07	5.000000e+00	-5.00000e+00	2.672059e-01	
227	2.191567e-07	5.000000e+00	-5.00000e+00	2.773825e-01	
228	2.201567e-07	5.000000e+00	-5.00000e+00	2.864644e-01	

Index   time            net-_x1-pad3_   net-_x1-pad4_   x1.e1_out       
--------------------------------------------------------------------------------
229	2.211567e-07	5.000000e+00	-5.00000e+00	2.944157e-01	
230	2.221567e-07	5.000000e+00	-5.00000e+00	3.012051e-01	
231	2.231567e-07	5.000000e+00	-5.00000e+00	3.068058e-01	
232	2.241567e-07	5.000000e+00	-5.00000e+00	3.111957e-01	
233	2.251567e-07	5.000000e+00	-5.00000e+00	3.143574e-01	
234	2.261567e-07	5.000000e+00	-5.00000e+00	3.162785e-01	
235	2.271567e-07	5.000000e+00	-5.00000e+00	3.169514e-01	
236	2.281567e-07	5.000000e+00	-5.00000e+00	3.163735e-01	
237	2.291567e-07	5.000000e+00	-5.00000e+00	3.145469e-01	
238	2.301567e-07	5.000000e+00	-5.00000e+00	3.114790e-01	
239	2.311567e-07	5.000000e+00	-5.00000e+00	3.071818e-01	
240	2.321567e-07	5.000000e+00	-5.00000e+00	3.016723e-01	
241	2.331567e-07	5.000000e+00	-5.00000e+00	2.949723e-01	
242	2.341567e-07	5.000000e+00	-5.00000e+00	2.871081e-01	
243	2.351567e-07	5.000000e+00	-5.00000e+00	2.781108e-01	
244	2.361567e-07	5.000000e+00	-5.00000e+00	2.680160e-01	
245	2.371567e-07	5.000000e+00	-5.00000e+00	2.568634e-01	
246	2.381567e-07	5.000000e+00	-5.00000e+00	2.446971e-01	
247	2.391567e-07	5.000000e+00	-5.00000e+00	2.315651e-01	
248	2.401567e-07	5.000000e+00	-5.00000e+00	2.175192e-01	
249	2.411567e-07	5.000000e+00	-5.00000e+00	2.026149e-01	
250	2.421567e-07	5.000000e+00	-5.00000e+00	1.869109e-01	
251	2.431567e-07	5.000000e+00	-5.00000e+00	1.704693e-01	
252	2.441567e-07	5.000000e+00	-5.00000e+00	1.533549e-01	
253	2.451567e-07	5.000000e+00	-5.00000e+00	1.356353e-01	
254	2.461567e-07	5.000000e+00	-5.00000e+00	1.173804e-01	
255	2.471567e-07	5.000000e+00	-5.00000e+00	9.866229e-02	
256	2.481567e-07	5.000000e+00	-5.00000e+00	7.955477e-02	
257	2.491567e-07	5.000000e+00	-5.00000e+00	6.013329e-02	
258	2.501567e-07	5.000000e+00	-5.00000e+00	4.047449e-02	
259	2.511567e-07	5.000000e+00	-5.00000e+00	2.065596e-02	
260	2.521567e-07	5.000000e+00	-5.00000e+00	7.559036e-04	
261	2.531567e-07	5.000000e+00	-5.00000e+00	-1.91471e-02	
262	2.541567e-07	5.000000e+00	-5.00000e+00	-3.89746e-02	
263	2.551567e-07	5.000000e+00	-5.00000e+00	-5.86483e-02	
264	2.561567e-07	5.000000e+00	-5.00000e+00	-7.80905e-02	
265	2.571567e-07	5.000000e+00	-5.00000e+00	-9.72245e-02	
266	2.581567e-07	5.000000e+00	-5.00000e+00	-1.15975e-01	
267	2.591567e-07	5.000000e+00	-5.00000e+00	-1.34267e-01	
268	2.601567e-07	5.000000e+00	-5.00000e+00	-1.52030e-01	
269	2.611567e-07	5.000000e+00	-5.00000e+00	-1.69193e-01	
270	2.621567e-07	5.000000e+00	-5.00000e+00	-1.85688e-01	
271	2.631567e-07	5.000000e+00	-5.00000e+00	-2.01450e-01	
272	2.641567e-07	5.000000e+00	-5.00000e+00	-2.16417e-01	
273	2.651567e-07	5.000000e+00	-5.00000e+00	-2.30530e-01	
274	2.661567e-07	5.000000e+00	-5.00000e+00	-2.43733e-01	
275	2.671567e-07	5.000000e+00	-5.00000e+00	-2.55975e-01	
276	2.681567e-07	5.000000e+00	-5.00000e+00	-2.67206e-01	
277	2.691567e-07	5.000000e+00	-5.00000e+00	-2.77383e-01	
278	2.701567e-07	5.000000e+00	-5.00000e+00	-2.86464e-01	
279	2.711567e-07	5.000000e+00	-5.00000e+00	-2.94416e-01	
280	2.721567e-07	5.000000e+00	-5.00000e+00	-3.01205e-01	
281	2.731567e-07	5.000000e+00	-5.00000e+00	-3.06806e-01	
282	2.741567e-07	5.000000e+00	-5.00000e+00	-3.11196e-01	
283	2.751567e-07	5.000000e+00	-5.00000e+00	-3.14357e-01	
284	2.761567e-07	5.000000e+00	-5.00000e+00	-3.16279e-01	
285	2.771567e-07	5.000000e+00	-5.00000e+00	-3.16951e-01	
286	2.781567e-07	5.000000e+00	-5.00000e+00	-3.16373e-01	

Index   time            net-_x1-pad3_   net-_x1-pad4_   x1.e1_out       
--------------------------------------------------------------------------------
287	2.791567e-07	5.000000e+00	-5.00000e+00	-3.14547e-01	
288	2.801567e-07	5.000000e+00	-5.00000e+00	-3.11479e-01	
289	2.811567e-07	5.000000e+00	-5.00000e+00	-3.07182e-01	
290	2.821567e-07	5.000000e+00	-5.00000e+00	-3.01672e-01	
291	2.831567e-07	5.000000e+00	-5.00000e+00	-2.94972e-01	
292	2.841567e-07	5.000000e+00	-5.00000e+00	-2.87108e-01	
293	2.851567e-07	5.000000e+00	-5.00000e+00	-2.78111e-01	
294	2.861567e-07	5.000000e+00	-5.00000e+00	-2.68016e-01	
295	2.871567e-07	5.000000e+00	-5.00000e+00	-2.56863e-01	
296	2.881567e-07	5.000000e+00	-5.00000e+00	-2.44697e-01	
297	2.891567e-07	5.000000e+00	-5.00000e+00	-2.31565e-01	
298	2.901567e-07	5.000000e+00	-5.00000e+00	-2.17519e-01	
299	2.911567e-07	5.000000e+00	-5.00000e+00	-2.02615e-01	
300	2.921567e-07	5.000000e+00	-5.00000e+00	-1.86911e-01	
301	2.931567e-07	5.000000e+00	-5.00000e+00	-1.70469e-01	
302	2.941567e-07	5.000000e+00	-5.00000e+00	-1.53355e-01	
303	2.951567e-07	5.000000e+00	-5.00000e+00	-1.35635e-01	
304	2.961567e-07	5.000000e+00	-5.00000e+00	-1.17380e-01	
305	2.971567e-07	5.000000e+00	-5.00000e+00	-9.86623e-02	
306	2.981567e-07	5.000000e+00	-5.00000e+00	-7.95548e-02	
307	2.991567e-07	5.000000e+00	-5.00000e+00	-6.01333e-02	
308	3.001567e-07	5.000000e+00	-5.00000e+00	-4.04745e-02	
309	3.011567e-07	5.000000e+00	-5.00000e+00	-2.06560e-02	
310	3.021567e-07	5.000000e+00	-5.00000e+00	-7.55904e-04	
311	3.031567e-07	5.000000e+00	-5.00000e+00	1.914713e-02	
312	3.041567e-07	5.000000e+00	-5.00000e+00	3.897461e-02	
313	3.051567e-07	5.000000e+00	-5.00000e+00	5.864826e-02	
314	3.061567e-07	5.000000e+00	-5.00000e+00	7.809046e-02	
315	3.071567e-07	5.000000e+00	-5.00000e+00	9.722447e-02	
316	3.081567e-07	5.000000e+00	-5.00000e+00	1.159748e-01	
317	3.091567e-07	5.000000e+00	-5.00000e+00	1.342674e-01	
318	3.101567e-07	5.000000e+00	-5.00000e+00	1.520301e-01	
319	3.111567e-07	5.000000e+00	-5.00000e+00	1.691928e-01	
320	3.121567e-07	5.000000e+00	-5.00000e+00	1.856878e-01	
321	3.131567e-07	5.000000e+00	-5.00000e+00	2.014500e-01	
322	3.141567e-07	5.000000e+00	-5.00000e+00	2.164172e-01	
323	3.151567e-07	5.000000e+00	-5.00000e+00	2.305302e-01	
324	3.161567e-07	5.000000e+00	-5.00000e+00	2.437334e-01	
325	3.171567e-07	5.000000e+00	-5.00000e+00	2.559748e-01	
326	3.181567e-07	5.000000e+00	-5.00000e+00	2.672059e-01	
327	3.191567e-07	5.000000e+00	-5.00000e+00	2.773825e-01	
328	3.201567e-07	5.000000e+00	-5.00000e+00	2.864644e-01	
329	3.211567e-07	5.000000e+00	-5.00000e+00	2.944157e-01	
330	3.221567e-07	5.000000e+00	-5.00000e+00	3.012051e-01	
331	3.231567e-07	5.000000e+00	-5.00000e+00	3.068058e-01	
332	3.241567e-07	5.000000e+00	-5.00000e+00	3.111957e-01	
333	3.251567e-07	5.000000e+00	-5.00000e+00	3.143574e-01	
334	3.261567e-07	5.000000e+00	-5.00000e+00	3.162785e-01	
335	3.271567e-07	5.000000e+00	-5.00000e+00	3.169514e-01	
336	3.281567e-07	5.000000e+00	-5.00000e+00	3.163735e-01	
337	3.291567e-07	5.000000e+00	-5.00000e+00	3.145469e-01	
338	3.301567e-07	5.000000e+00	-5.00000e+00	3.114790e-01	
339	3.311567e-07	5.000000e+00	-5.00000e+00	3.071818e-01	
340	3.321567e-07	5.000000e+00	-5.00000e+00	3.016723e-01	
341	3.331567e-07	5.000000e+00	-5.00000e+00	2.949723e-01	
342	3.341567e-07	5.000000e+00	-5.00000e+00	2.871081e-01	
343	3.351567e-07	5.000000e+00	-5.00000e+00	2.781108e-01	
344	3.361567e-07	5.000000e+00	-5.00000e+00	2.680160e-01	

Index   time            net-_x1-pad3_   net-_x1-pad4_   x1.e1_out       
--------------------------------------------------------------------------------
345	3.371567e-07	5.000000e+00	-5.00000e+00	2.568634e-01	
346	3.381567e-07	5.000000e+00	-5.00000e+00	2.446971e-01	
347	3.391567e-07	5.000000e+00	-5.00000e+00	2.315651e-01	
348	3.401567e-07	5.000000e+00	-5.00000e+00	2.175192e-01	
349	3.411567e-07	5.000000e+00	-5.00000e+00	2.026149e-01	
350	3.421567e-07	5.000000e+00	-5.00000e+00	1.869109e-01	
351	3.431567e-07	5.000000e+00	-5.00000e+00	1.704693e-01	
352	3.441567e-07	5.000000e+00	-5.00000e+00	1.533549e-01	
353	3.451567e-07	5.000000e+00	-5.00000e+00	1.356353e-01	
354	3.461567e-07	5.000000e+00	-5.00000e+00	1.173804e-01	
355	3.471567e-07	5.000000e+00	-5.00000e+00	9.866229e-02	
356	3.481567e-07	5.000000e+00	-5.00000e+00	7.955477e-02	
357	3.491567e-07	5.000000e+00	-5.00000e+00	6.013329e-02	
358	3.501567e-07	5.000000e+00	-5.00000e+00	4.047449e-02	
359	3.511567e-07	5.000000e+00	-5.00000e+00	2.065596e-02	
360	3.521567e-07	5.000000e+00	-5.00000e+00	7.559036e-04	
361	3.531567e-07	5.000000e+00	-5.00000e+00	-1.91471e-02	
362	3.541567e-07	5.000000e+00	-5.00000e+00	-3.89746e-02	
363	3.551567e-07	5.000000e+00	-5.00000e+00	-5.86483e-02	
364	3.561567e-07	5.000000e+00	-5.00000e+00	-7.80905e-02	
365	3.571567e-07	5.000000e+00	-5.00000e+00	-9.72245e-02	
366	3.581567e-07	5.000000e+00	-5.00000e+00	-1.15975e-01	
367	3.591567e-07	5.000000e+00	-5.00000e+00	-1.34267e-01	
368	3.601567e-07	5.000000e+00	-5.00000e+00	-1.52030e-01	
369	3.611567e-07	5.000000e+00	-5.00000e+00	-1.69193e-01	
370	3.621567e-07	5.000000e+00	-5.00000e+00	-1.85688e-01	
371	3.631567e-07	5.000000e+00	-5.00000e+00	-2.01450e-01	
372	3.641567e-07	5.000000e+00	-5.00000e+00	-2.16417e-01	
373	3.651567e-07	5.000000e+00	-5.00000e+00	-2.30530e-01	
374	3.661567e-07	5.000000e+00	-5.00000e+00	-2.43733e-01	
375	3.671567e-07	5.000000e+00	-5.00000e+00	-2.55975e-01	
376	3.681567e-07	5.000000e+00	-5.00000e+00	-2.67206e-01	
377	3.691567e-07	5.000000e+00	-5.00000e+00	-2.77383e-01	
378	3.701567e-07	5.000000e+00	-5.00000e+00	-2.86464e-01	
379	3.711567e-07	5.000000e+00	-5.00000e+00	-2.94416e-01	
380	3.721567e-07	5.000000e+00	-5.00000e+00	-3.01205e-01	
381	3.731567e-07	5.000000e+00	-5.00000e+00	-3.06806e-01	
382	3.741567e-07	5.000000e+00	-5.00000e+00	-3.11196e-01	
383	3.751567e-07	5.000000e+00	-5.00000e+00	-3.14357e-01	
384	3.761567e-07	5.000000e+00	-5.00000e+00	-3.16279e-01	
385	3.771567e-07	5.000000e+00	-5.00000e+00	-3.16951e-01	
386	3.781567e-07	5.000000e+00	-5.00000e+00	-3.16373e-01	
387	3.791567e-07	5.000000e+00	-5.00000e+00	-3.14547e-01	
388	3.801567e-07	5.000000e+00	-5.00000e+00	-3.11479e-01	
389	3.811567e-07	5.000000e+00	-5.00000e+00	-3.07182e-01	
390	3.821567e-07	5.000000e+00	-5.00000e+00	-3.01672e-01	
391	3.831567e-07	5.000000e+00	-5.00000e+00	-2.94972e-01	
392	3.841567e-07	5.000000e+00	-5.00000e+00	-2.87108e-01	
393	3.851567e-07	5.000000e+00	-5.00000e+00	-2.78111e-01	
394	3.861567e-07	5.000000e+00	-5.00000e+00	-2.68016e-01	
395	3.871567e-07	5.000000e+00	-5.00000e+00	-2.56863e-01	
396	3.881567e-07	5.000000e+00	-5.00000e+00	-2.44697e-01	
397	3.891567e-07	5.000000e+00	-5.00000e+00	-2.31565e-01	
398	3.901567e-07	5.000000e+00	-5.00000e+00	-2.17519e-01	
399	3.911567e-07	5.000000e+00	-5.00000e+00	-2.02615e-01	
400	3.921567e-07	5.000000e+00	-5.00000e+00	-1.86911e-01	
401	3.931567e-07	5.000000e+00	-5.00000e+00	-1.70469e-01	
402	3.941567e-07	5.000000e+00	-5.00000e+00	-1.53355e-01	

Index   time            net-_x1-pad3_   net-_x1-pad4_   x1.e1_out       
--------------------------------------------------------------------------------
403	3.951567e-07	5.000000e+00	-5.00000e+00	-1.35635e-01	
404	3.961567e-07	5.000000e+00	-5.00000e+00	-1.17380e-01	
405	3.971567e-07	5.000000e+00	-5.00000e+00	-9.86623e-02	
406	3.981567e-07	5.000000e+00	-5.00000e+00	-7.95548e-02	
407	3.991567e-07	5.000000e+00	-5.00000e+00	-6.01333e-02	
408	4.001567e-07	5.000000e+00	-5.00000e+00	-4.04745e-02	
409	4.011567e-07	5.000000e+00	-5.00000e+00	-2.06560e-02	
410	4.021567e-07	5.000000e+00	-5.00000e+00	-7.55904e-04	
411	4.031567e-07	5.000000e+00	-5.00000e+00	1.914713e-02	
412	4.041567e-07	5.000000e+00	-5.00000e+00	3.897461e-02	
413	4.051567e-07	5.000000e+00	-5.00000e+00	5.864826e-02	
414	4.061567e-07	5.000000e+00	-5.00000e+00	7.809046e-02	
415	4.071567e-07	5.000000e+00	-5.00000e+00	9.722447e-02	
416	4.081567e-07	5.000000e+00	-5.00000e+00	1.159748e-01	
417	4.091567e-07	5.000000e+00	-5.00000e+00	1.342674e-01	
418	4.101567e-07	5.000000e+00	-5.00000e+00	1.520301e-01	
419	4.111567e-07	5.000000e+00	-5.00000e+00	1.691928e-01	
420	4.121567e-07	5.000000e+00	-5.00000e+00	1.856878e-01	
421	4.131567e-07	5.000000e+00	-5.00000e+00	2.014500e-01	
422	4.141567e-07	5.000000e+00	-5.00000e+00	2.164172e-01	
423	4.151567e-07	5.000000e+00	-5.00000e+00	2.305302e-01	
424	4.161567e-07	5.000000e+00	-5.00000e+00	2.437334e-01	
425	4.171567e-07	5.000000e+00	-5.00000e+00	2.559748e-01	
426	4.181567e-07	5.000000e+00	-5.00000e+00	2.672059e-01	
427	4.191567e-07	5.000000e+00	-5.00000e+00	2.773825e-01	
428	4.201567e-07	5.000000e+00	-5.00000e+00	2.864644e-01	
429	4.211567e-07	5.000000e+00	-5.00000e+00	2.944157e-01	
430	4.221567e-07	5.000000e+00	-5.00000e+00	3.012051e-01	
431	4.231567e-07	5.000000e+00	-5.00000e+00	3.068058e-01	
432	4.241567e-07	5.000000e+00	-5.00000e+00	3.111957e-01	
433	4.251567e-07	5.000000e+00	-5.00000e+00	3.143574e-01	
434	4.261567e-07	5.000000e+00	-5.00000e+00	3.162785e-01	
435	4.271567e-07	5.000000e+00	-5.00000e+00	3.169514e-01	
436	4.281567e-07	5.000000e+00	-5.00000e+00	3.163735e-01	
437	4.291567e-07	5.000000e+00	-5.00000e+00	3.145469e-01	
438	4.301567e-07	5.000000e+00	-5.00000e+00	3.114790e-01	
439	4.311567e-07	5.000000e+00	-5.00000e+00	3.071818e-01	
440	4.321567e-07	5.000000e+00	-5.00000e+00	3.016723e-01	
441	4.331567e-07	5.000000e+00	-5.00000e+00	2.949723e-01	
442	4.341567e-07	5.000000e+00	-5.00000e+00	2.871081e-01	
443	4.351567e-07	5.000000e+00	-5.00000e+00	2.781108e-01	
444	4.361567e-07	5.000000e+00	-5.00000e+00	2.680160e-01	
445	4.371567e-07	5.000000e+00	-5.00000e+00	2.568634e-01	
446	4.381567e-07	5.000000e+00	-5.00000e+00	2.446971e-01	
447	4.391567e-07	5.000000e+00	-5.00000e+00	2.315651e-01	
448	4.401567e-07	5.000000e+00	-5.00000e+00	2.175192e-01	
449	4.411567e-07	5.000000e+00	-5.00000e+00	2.026149e-01	
450	4.421567e-07	5.000000e+00	-5.00000e+00	1.869109e-01	
451	4.431567e-07	5.000000e+00	-5.00000e+00	1.704693e-01	
452	4.441567e-07	5.000000e+00	-5.00000e+00	1.533549e-01	
453	4.451567e-07	5.000000e+00	-5.00000e+00	1.356353e-01	
454	4.461567e-07	5.000000e+00	-5.00000e+00	1.173804e-01	
455	4.471567e-07	5.000000e+00	-5.00000e+00	9.866229e-02	
456	4.481567e-07	5.000000e+00	-5.00000e+00	7.955477e-02	
457	4.491567e-07	5.000000e+00	-5.00000e+00	6.013329e-02	
458	4.501567e-07	5.000000e+00	-5.00000e+00	4.047449e-02	
459	4.511567e-07	5.000000e+00	-5.00000e+00	2.065596e-02	
460	4.521567e-07	5.000000e+00	-5.00000e+00	7.559036e-04	

Index   time            net-_x1-pad3_   net-_x1-pad4_   x1.e1_out       
--------------------------------------------------------------------------------
461	4.531567e-07	5.000000e+00	-5.00000e+00	-1.91471e-02	
462	4.541567e-07	5.000000e+00	-5.00000e+00	-3.89746e-02	
463	4.551567e-07	5.000000e+00	-5.00000e+00	-5.86483e-02	
464	4.561567e-07	5.000000e+00	-5.00000e+00	-7.80905e-02	
465	4.571567e-07	5.000000e+00	-5.00000e+00	-9.72245e-02	
466	4.581567e-07	5.000000e+00	-5.00000e+00	-1.15975e-01	
467	4.591567e-07	5.000000e+00	-5.00000e+00	-1.34267e-01	
468	4.601567e-07	5.000000e+00	-5.00000e+00	-1.52030e-01	
469	4.611567e-07	5.000000e+00	-5.00000e+00	-1.69193e-01	
470	4.621567e-07	5.000000e+00	-5.00000e+00	-1.85688e-01	
471	4.631567e-07	5.000000e+00	-5.00000e+00	-2.01450e-01	
472	4.641567e-07	5.000000e+00	-5.00000e+00	-2.16417e-01	
473	4.651567e-07	5.000000e+00	-5.00000e+00	-2.30530e-01	
474	4.661567e-07	5.000000e+00	-5.00000e+00	-2.43733e-01	
475	4.671567e-07	5.000000e+00	-5.00000e+00	-2.55975e-01	
476	4.681567e-07	5.000000e+00	-5.00000e+00	-2.67206e-01	
477	4.691567e-07	5.000000e+00	-5.00000e+00	-2.77383e-01	
478	4.701567e-07	5.000000e+00	-5.00000e+00	-2.86464e-01	
479	4.711567e-07	5.000000e+00	-5.00000e+00	-2.94416e-01	
480	4.721567e-07	5.000000e+00	-5.00000e+00	-3.01205e-01	
481	4.731567e-07	5.000000e+00	-5.00000e+00	-3.06806e-01	
482	4.741567e-07	5.000000e+00	-5.00000e+00	-3.11196e-01	
483	4.751567e-07	5.000000e+00	-5.00000e+00	-3.14357e-01	
484	4.761567e-07	5.000000e+00	-5.00000e+00	-3.16279e-01	
485	4.771567e-07	5.000000e+00	-5.00000e+00	-3.16951e-01	
486	4.781567e-07	5.000000e+00	-5.00000e+00	-3.16373e-01	
487	4.791567e-07	5.000000e+00	-5.00000e+00	-3.14547e-01	
488	4.801567e-07	5.000000e+00	-5.00000e+00	-3.11479e-01	
489	4.811567e-07	5.000000e+00	-5.00000e+00	-3.07182e-01	
490	4.821567e-07	5.000000e+00	-5.00000e+00	-3.01672e-01	
491	4.831567e-07	5.000000e+00	-5.00000e+00	-2.94972e-01	
492	4.841567e-07	5.000000e+00	-5.00000e+00	-2.87108e-01	
493	4.851567e-07	5.000000e+00	-5.00000e+00	-2.78111e-01	
494	4.861567e-07	5.000000e+00	-5.00000e+00	-2.68016e-01	
495	4.871567e-07	5.000000e+00	-5.00000e+00	-2.56863e-01	
496	4.881567e-07	5.000000e+00	-5.00000e+00	-2.44697e-01	
497	4.891567e-07	5.000000e+00	-5.00000e+00	-2.31565e-01	
498	4.901567e-07	5.000000e+00	-5.00000e+00	-2.17519e-01	
499	4.911567e-07	5.000000e+00	-5.00000e+00	-2.02615e-01	
500	4.921567e-07	5.000000e+00	-5.00000e+00	-1.86911e-01	
501	4.931567e-07	5.000000e+00	-5.00000e+00	-1.70469e-01	
502	4.941567e-07	5.000000e+00	-5.00000e+00	-1.53355e-01	
503	4.951567e-07	5.000000e+00	-5.00000e+00	-1.35635e-01	
504	4.961567e-07	5.000000e+00	-5.00000e+00	-1.17380e-01	
505	4.971567e-07	5.000000e+00	-5.00000e+00	-9.86623e-02	
506	4.981567e-07	5.000000e+00	-5.00000e+00	-7.95548e-02	
507	4.991567e-07	5.000000e+00	-5.00000e+00	-6.01333e-02	
508	5.001567e-07	5.000000e+00	-5.00000e+00	-4.04745e-02	
509	5.011567e-07	5.000000e+00	-5.00000e+00	-2.06560e-02	
510	5.021567e-07	5.000000e+00	-5.00000e+00	-7.55904e-04	
511	5.031567e-07	5.000000e+00	-5.00000e+00	1.914713e-02	
512	5.041567e-07	5.000000e+00	-5.00000e+00	3.897461e-02	
513	5.051567e-07	5.000000e+00	-5.00000e+00	5.864826e-02	
514	5.061567e-07	5.000000e+00	-5.00000e+00	7.809046e-02	
515	5.071567e-07	5.000000e+00	-5.00000e+00	9.722447e-02	
516	5.081567e-07	5.000000e+00	-5.00000e+00	1.159748e-01	
517	5.091567e-07	5.000000e+00	-5.00000e+00	1.342674e-01	
518	5.101567e-07	5.000000e+00	-5.00000e+00	1.520301e-01	

Index   time            net-_x1-pad3_   net-_x1-pad4_   x1.e1_out       
--------------------------------------------------------------------------------
519	5.111567e-07	5.000000e+00	-5.00000e+00	1.691928e-01	
520	5.121567e-07	5.000000e+00	-5.00000e+00	1.856878e-01	
521	5.131567e-07	5.000000e+00	-5.00000e+00	2.014500e-01	
522	5.141567e-07	5.000000e+00	-5.00000e+00	2.164172e-01	
523	5.151567e-07	5.000000e+00	-5.00000e+00	2.305302e-01	
524	5.161567e-07	5.000000e+00	-5.00000e+00	2.437334e-01	
525	5.171567e-07	5.000000e+00	-5.00000e+00	2.559748e-01	
526	5.181567e-07	5.000000e+00	-5.00000e+00	2.672059e-01	
527	5.191567e-07	5.000000e+00	-5.00000e+00	2.773825e-01	
528	5.201567e-07	5.000000e+00	-5.00000e+00	2.864644e-01	
529	5.211567e-07	5.000000e+00	-5.00000e+00	2.944157e-01	
530	5.221567e-07	5.000000e+00	-5.00000e+00	3.012051e-01	
531	5.231567e-07	5.000000e+00	-5.00000e+00	3.068058e-01	
532	5.241567e-07	5.000000e+00	-5.00000e+00	3.111957e-01	
533	5.251567e-07	5.000000e+00	-5.00000e+00	3.143574e-01	
534	5.261567e-07	5.000000e+00	-5.00000e+00	3.162785e-01	
535	5.271567e-07	5.000000e+00	-5.00000e+00	3.169514e-01	
536	5.281567e-07	5.000000e+00	-5.00000e+00	3.163735e-01	
537	5.291567e-07	5.000000e+00	-5.00000e+00	3.145469e-01	
538	5.301567e-07	5.000000e+00	-5.00000e+00	3.114790e-01	
539	5.311567e-07	5.000000e+00	-5.00000e+00	3.071818e-01	
540	5.321567e-07	5.000000e+00	-5.00000e+00	3.016723e-01	
541	5.331567e-07	5.000000e+00	-5.00000e+00	2.949723e-01	
542	5.341567e-07	5.000000e+00	-5.00000e+00	2.871081e-01	
543	5.351567e-07	5.000000e+00	-5.00000e+00	2.781108e-01	
544	5.361567e-07	5.000000e+00	-5.00000e+00	2.680160e-01	
545	5.371567e-07	5.000000e+00	-5.00000e+00	2.568634e-01	
546	5.381567e-07	5.000000e+00	-5.00000e+00	2.446971e-01	
547	5.391567e-07	5.000000e+00	-5.00000e+00	2.315651e-01	
548	5.401567e-07	5.000000e+00	-5.00000e+00	2.175192e-01	
549	5.411567e-07	5.000000e+00	-5.00000e+00	2.026149e-01	
550	5.421567e-07	5.000000e+00	-5.00000e+00	1.869109e-01	
551	5.431567e-07	5.000000e+00	-5.00000e+00	1.704693e-01	
552	5.441567e-07	5.000000e+00	-5.00000e+00	1.533549e-01	
553	5.451567e-07	5.000000e+00	-5.00000e+00	1.356353e-01	
554	5.461567e-07	5.000000e+00	-5.00000e+00	1.173804e-01	
555	5.471567e-07	5.000000e+00	-5.00000e+00	9.866229e-02	
556	5.481567e-07	5.000000e+00	-5.00000e+00	7.955477e-02	
557	5.491567e-07	5.000000e+00	-5.00000e+00	6.013329e-02	
558	5.501567e-07	5.000000e+00	-5.00000e+00	4.047449e-02	
559	5.511567e-07	5.000000e+00	-5.00000e+00	2.065596e-02	
560	5.521567e-07	5.000000e+00	-5.00000e+00	7.559036e-04	
561	5.531567e-07	5.000000e+00	-5.00000e+00	-1.91471e-02	
562	5.541567e-07	5.000000e+00	-5.00000e+00	-3.89746e-02	
563	5.551567e-07	5.000000e+00	-5.00000e+00	-5.86483e-02	
564	5.561567e-07	5.000000e+00	-5.00000e+00	-7.80905e-02	
565	5.571567e-07	5.000000e+00	-5.00000e+00	-9.72245e-02	
566	5.581567e-07	5.000000e+00	-5.00000e+00	-1.15975e-01	
567	5.591567e-07	5.000000e+00	-5.00000e+00	-1.34267e-01	
568	5.601567e-07	5.000000e+00	-5.00000e+00	-1.52030e-01	
569	5.611567e-07	5.000000e+00	-5.00000e+00	-1.69193e-01	
570	5.621567e-07	5.000000e+00	-5.00000e+00	-1.85688e-01	
571	5.631567e-07	5.000000e+00	-5.00000e+00	-2.01450e-01	
572	5.641567e-07	5.000000e+00	-5.00000e+00	-2.16417e-01	
573	5.651567e-07	5.000000e+00	-5.00000e+00	-2.30530e-01	
574	5.661567e-07	5.000000e+00	-5.00000e+00	-2.43733e-01	
575	5.671567e-07	5.000000e+00	-5.00000e+00	-2.55975e-01	
576	5.681567e-07	5.000000e+00	-5.00000e+00	-2.67206e-01	

Index   time            net-_x1-pad3_   net-_x1-pad4_   x1.e1_out       
--------------------------------------------------------------------------------
577	5.691567e-07	5.000000e+00	-5.00000e+00	-2.77383e-01	
578	5.701567e-07	5.000000e+00	-5.00000e+00	-2.86464e-01	
579	5.711567e-07	5.000000e+00	-5.00000e+00	-2.94416e-01	
580	5.721567e-07	5.000000e+00	-5.00000e+00	-3.01205e-01	
581	5.731567e-07	5.000000e+00	-5.00000e+00	-3.06806e-01	
582	5.741567e-07	5.000000e+00	-5.00000e+00	-3.11196e-01	
583	5.751567e-07	5.000000e+00	-5.00000e+00	-3.14357e-01	
584	5.761567e-07	5.000000e+00	-5.00000e+00	-3.16279e-01	
585	5.771567e-07	5.000000e+00	-5.00000e+00	-3.16951e-01	
586	5.781567e-07	5.000000e+00	-5.00000e+00	-3.16373e-01	
587	5.791567e-07	5.000000e+00	-5.00000e+00	-3.14547e-01	
588	5.801567e-07	5.000000e+00	-5.00000e+00	-3.11479e-01	
589	5.811567e-07	5.000000e+00	-5.00000e+00	-3.07182e-01	
590	5.821567e-07	5.000000e+00	-5.00000e+00	-3.01672e-01	
591	5.831567e-07	5.000000e+00	-5.00000e+00	-2.94972e-01	
592	5.841567e-07	5.000000e+00	-5.00000e+00	-2.87108e-01	
593	5.851567e-07	5.000000e+00	-5.00000e+00	-2.78111e-01	
594	5.861567e-07	5.000000e+00	-5.00000e+00	-2.68016e-01	
595	5.871567e-07	5.000000e+00	-5.00000e+00	-2.56863e-01	
596	5.881567e-07	5.000000e+00	-5.00000e+00	-2.44697e-01	
597	5.891567e-07	5.000000e+00	-5.00000e+00	-2.31565e-01	
598	5.901567e-07	5.000000e+00	-5.00000e+00	-2.17519e-01	
599	5.911567e-07	5.000000e+00	-5.00000e+00	-2.02615e-01	
600	5.921567e-07	5.000000e+00	-5.00000e+00	-1.86911e-01	
601	5.931567e-07	5.000000e+00	-5.00000e+00	-1.70469e-01	
602	5.941567e-07	5.000000e+00	-5.00000e+00	-1.53355e-01	
603	5.951567e-07	5.000000e+00	-5.00000e+00	-1.35635e-01	
604	5.961567e-07	5.000000e+00	-5.00000e+00	-1.17380e-01	
605	5.971567e-07	5.000000e+00	-5.00000e+00	-9.86623e-02	
606	5.981567e-07	5.000000e+00	-5.00000e+00	-7.95548e-02	
607	5.991567e-07	5.000000e+00	-5.00000e+00	-6.01333e-02	
608	6.001567e-07	5.000000e+00	-5.00000e+00	-4.04745e-02	
609	6.011567e-07	5.000000e+00	-5.00000e+00	-2.06560e-02	
610	6.021567e-07	5.000000e+00	-5.00000e+00	-7.55904e-04	
611	6.031567e-07	5.000000e+00	-5.00000e+00	1.914713e-02	
612	6.041567e-07	5.000000e+00	-5.00000e+00	3.897461e-02	
613	6.051567e-07	5.000000e+00	-5.00000e+00	5.864826e-02	
614	6.061567e-07	5.000000e+00	-5.00000e+00	7.809046e-02	
615	6.071567e-07	5.000000e+00	-5.00000e+00	9.722447e-02	
616	6.081567e-07	5.000000e+00	-5.00000e+00	1.159748e-01	
617	6.091567e-07	5.000000e+00	-5.00000e+00	1.342674e-01	
618	6.101567e-07	5.000000e+00	-5.00000e+00	1.520301e-01	
619	6.111567e-07	5.000000e+00	-5.00000e+00	1.691928e-01	
620	6.121567e-07	5.000000e+00	-5.00000e+00	1.856878e-01	
621	6.131567e-07	5.000000e+00	-5.00000e+00	2.014500e-01	
622	6.141567e-07	5.000000e+00	-5.00000e+00	2.164172e-01	
623	6.151567e-07	5.000000e+00	-5.00000e+00	2.305302e-01	
624	6.161567e-07	5.000000e+00	-5.00000e+00	2.437334e-01	
625	6.171567e-07	5.000000e+00	-5.00000e+00	2.559748e-01	
626	6.181567e-07	5.000000e+00	-5.00000e+00	2.672059e-01	
627	6.191567e-07	5.000000e+00	-5.00000e+00	2.773825e-01	
628	6.201567e-07	5.000000e+00	-5.00000e+00	2.864644e-01	
629	6.211567e-07	5.000000e+00	-5.00000e+00	2.944157e-01	
630	6.221567e-07	5.000000e+00	-5.00000e+00	3.012051e-01	
631	6.231567e-07	5.000000e+00	-5.00000e+00	3.068058e-01	
632	6.241567e-07	5.000000e+00	-5.00000e+00	3.111957e-01	
633	6.251567e-07	5.000000e+00	-5.00000e+00	3.143574e-01	
634	6.261567e-07	5.000000e+00	-5.00000e+00	3.162785e-01	

Index   time            net-_x1-pad3_   net-_x1-pad4_   x1.e1_out       
--------------------------------------------------------------------------------
635	6.271567e-07	5.000000e+00	-5.00000e+00	3.169514e-01	
636	6.281567e-07	5.000000e+00	-5.00000e+00	3.163735e-01	
637	6.291567e-07	5.000000e+00	-5.00000e+00	3.145469e-01	
638	6.301567e-07	5.000000e+00	-5.00000e+00	3.114790e-01	
639	6.311567e-07	5.000000e+00	-5.00000e+00	3.071818e-01	
640	6.321567e-07	5.000000e+00	-5.00000e+00	3.016723e-01	
641	6.331567e-07	5.000000e+00	-5.00000e+00	2.949723e-01	
642	6.341567e-07	5.000000e+00	-5.00000e+00	2.871081e-01	
643	6.351567e-07	5.000000e+00	-5.00000e+00	2.781108e-01	
644	6.361567e-07	5.000000e+00	-5.00000e+00	2.680160e-01	
645	6.371567e-07	5.000000e+00	-5.00000e+00	2.568634e-01	
646	6.381567e-07	5.000000e+00	-5.00000e+00	2.446971e-01	
647	6.391567e-07	5.000000e+00	-5.00000e+00	2.315651e-01	
648	6.401567e-07	5.000000e+00	-5.00000e+00	2.175192e-01	
649	6.411567e-07	5.000000e+00	-5.00000e+00	2.026149e-01	
650	6.421567e-07	5.000000e+00	-5.00000e+00	1.869109e-01	
651	6.431567e-07	5.000000e+00	-5.00000e+00	1.704693e-01	
652	6.441567e-07	5.000000e+00	-5.00000e+00	1.533549e-01	
653	6.451567e-07	5.000000e+00	-5.00000e+00	1.356353e-01	
654	6.461567e-07	5.000000e+00	-5.00000e+00	1.173804e-01	
655	6.471567e-07	5.000000e+00	-5.00000e+00	9.866229e-02	
656	6.481567e-07	5.000000e+00	-5.00000e+00	7.955477e-02	
657	6.491567e-07	5.000000e+00	-5.00000e+00	6.013329e-02	
658	6.501567e-07	5.000000e+00	-5.00000e+00	4.047449e-02	
659	6.511567e-07	5.000000e+00	-5.00000e+00	2.065596e-02	
660	6.521567e-07	5.000000e+00	-5.00000e+00	7.559036e-04	
661	6.531567e-07	5.000000e+00	-5.00000e+00	-1.91471e-02	
662	6.541567e-07	5.000000e+00	-5.00000e+00	-3.89746e-02	
663	6.551567e-07	5.000000e+00	-5.00000e+00	-5.86483e-02	
664	6.561567e-07	5.000000e+00	-5.00000e+00	-7.80905e-02	
665	6.571567e-07	5.000000e+00	-5.00000e+00	-9.72245e-02	
666	6.581567e-07	5.000000e+00	-5.00000e+00	-1.15975e-01	
667	6.591567e-07	5.000000e+00	-5.00000e+00	-1.34267e-01	
668	6.601567e-07	5.000000e+00	-5.00000e+00	-1.52030e-01	
669	6.611567e-07	5.000000e+00	-5.00000e+00	-1.69193e-01	
670	6.621567e-07	5.000000e+00	-5.00000e+00	-1.85688e-01	
671	6.631567e-07	5.000000e+00	-5.00000e+00	-2.01450e-01	
672	6.641567e-07	5.000000e+00	-5.00000e+00	-2.16417e-01	
673	6.651567e-07	5.000000e+00	-5.00000e+00	-2.30530e-01	
674	6.661567e-07	5.000000e+00	-5.00000e+00	-2.43733e-01	
675	6.671567e-07	5.000000e+00	-5.00000e+00	-2.55975e-01	
676	6.681567e-07	5.000000e+00	-5.00000e+00	-2.67206e-01	
677	6.691567e-07	5.000000e+00	-5.00000e+00	-2.77383e-01	
678	6.701567e-07	5.000000e+00	-5.00000e+00	-2.86464e-01	
679	6.711567e-07	5.000000e+00	-5.00000e+00	-2.94416e-01	
680	6.721567e-07	5.000000e+00	-5.00000e+00	-3.01205e-01	
681	6.731567e-07	5.000000e+00	-5.00000e+00	-3.06806e-01	
682	6.741567e-07	5.000000e+00	-5.00000e+00	-3.11196e-01	
683	6.751567e-07	5.000000e+00	-5.00000e+00	-3.14357e-01	
684	6.761567e-07	5.000000e+00	-5.00000e+00	-3.16279e-01	
685	6.771567e-07	5.000000e+00	-5.00000e+00	-3.16951e-01	
686	6.781567e-07	5.000000e+00	-5.00000e+00	-3.16373e-01	
687	6.791567e-07	5.000000e+00	-5.00000e+00	-3.14547e-01	
688	6.801567e-07	5.000000e+00	-5.00000e+00	-3.11479e-01	
689	6.811567e-07	5.000000e+00	-5.00000e+00	-3.07182e-01	
690	6.821567e-07	5.000000e+00	-5.00000e+00	-3.01672e-01	
691	6.831567e-07	5.000000e+00	-5.00000e+00	-2.94972e-01	
692	6.841567e-07	5.000000e+00	-5.00000e+00	-2.87108e-01	

Index   time            net-_x1-pad3_   net-_x1-pad4_   x1.e1_out       
--------------------------------------------------------------------------------
693	6.851567e-07	5.000000e+00	-5.00000e+00	-2.78111e-01	
694	6.861567e-07	5.000000e+00	-5.00000e+00	-2.68016e-01	
695	6.871567e-07	5.000000e+00	-5.00000e+00	-2.56863e-01	
696	6.881567e-07	5.000000e+00	-5.00000e+00	-2.44697e-01	
697	6.891567e-07	5.000000e+00	-5.00000e+00	-2.31565e-01	
698	6.901567e-07	5.000000e+00	-5.00000e+00	-2.17519e-01	
699	6.911567e-07	5.000000e+00	-5.00000e+00	-2.02615e-01	
700	6.921567e-07	5.000000e+00	-5.00000e+00	-1.86911e-01	
701	6.931567e-07	5.000000e+00	-5.00000e+00	-1.70469e-01	
702	6.941567e-07	5.000000e+00	-5.00000e+00	-1.53355e-01	
703	6.951567e-07	5.000000e+00	-5.00000e+00	-1.35635e-01	
704	6.961567e-07	5.000000e+00	-5.00000e+00	-1.17380e-01	
705	6.971567e-07	5.000000e+00	-5.00000e+00	-9.86623e-02	
706	6.981567e-07	5.000000e+00	-5.00000e+00	-7.95548e-02	
707	6.991567e-07	5.000000e+00	-5.00000e+00	-6.01333e-02	
708	7.001567e-07	5.000000e+00	-5.00000e+00	-4.04745e-02	
709	7.011567e-07	5.000000e+00	-5.00000e+00	-2.06560e-02	
710	7.021567e-07	5.000000e+00	-5.00000e+00	-7.55904e-04	
711	7.031567e-07	5.000000e+00	-5.00000e+00	1.914713e-02	
712	7.041567e-07	5.000000e+00	-5.00000e+00	3.897461e-02	
713	7.051567e-07	5.000000e+00	-5.00000e+00	5.864826e-02	
714	7.061567e-07	5.000000e+00	-5.00000e+00	7.809046e-02	
715	7.071567e-07	5.000000e+00	-5.00000e+00	9.722447e-02	
716	7.081567e-07	5.000000e+00	-5.00000e+00	1.159748e-01	
717	7.091567e-07	5.000000e+00	-5.00000e+00	1.342674e-01	
718	7.101567e-07	5.000000e+00	-5.00000e+00	1.520301e-01	
719	7.111567e-07	5.000000e+00	-5.00000e+00	1.691928e-01	
720	7.121567e-07	5.000000e+00	-5.00000e+00	1.856878e-01	
721	7.131567e-07	5.000000e+00	-5.00000e+00	2.014500e-01	
722	7.141567e-07	5.000000e+00	-5.00000e+00	2.164172e-01	
723	7.151567e-07	5.000000e+00	-5.00000e+00	2.305302e-01	
724	7.161567e-07	5.000000e+00	-5.00000e+00	2.437334e-01	
725	7.171567e-07	5.000000e+00	-5.00000e+00	2.559748e-01	
726	7.181567e-07	5.000000e+00	-5.00000e+00	2.672059e-01	
727	7.191567e-07	5.000000e+00	-5.00000e+00	2.773825e-01	
728	7.201567e-07	5.000000e+00	-5.00000e+00	2.864644e-01	
729	7.211567e-07	5.000000e+00	-5.00000e+00	2.944157e-01	
730	7.221567e-07	5.000000e+00	-5.00000e+00	3.012051e-01	
731	7.231567e-07	5.000000e+00	-5.00000e+00	3.068058e-01	
732	7.241567e-07	5.000000e+00	-5.00000e+00	3.111957e-01	
733	7.251567e-07	5.000000e+00	-5.00000e+00	3.143574e-01	
734	7.261567e-07	5.000000e+00	-5.00000e+00	3.162785e-01	
735	7.271567e-07	5.000000e+00	-5.00000e+00	3.169514e-01	
736	7.281567e-07	5.000000e+00	-5.00000e+00	3.163735e-01	
737	7.291567e-07	5.000000e+00	-5.00000e+00	3.145469e-01	
738	7.301567e-07	5.000000e+00	-5.00000e+00	3.114790e-01	
739	7.311567e-07	5.000000e+00	-5.00000e+00	3.071818e-01	
740	7.321567e-07	5.000000e+00	-5.00000e+00	3.016723e-01	
741	7.331567e-07	5.000000e+00	-5.00000e+00	2.949723e-01	
742	7.341567e-07	5.000000e+00	-5.00000e+00	2.871081e-01	
743	7.351567e-07	5.000000e+00	-5.00000e+00	2.781108e-01	
744	7.361567e-07	5.000000e+00	-5.00000e+00	2.680160e-01	
745	7.371567e-07	5.000000e+00	-5.00000e+00	2.568634e-01	
746	7.381567e-07	5.000000e+00	-5.00000e+00	2.446971e-01	
747	7.391567e-07	5.000000e+00	-5.00000e+00	2.315651e-01	
748	7.401567e-07	5.000000e+00	-5.00000e+00	2.175192e-01	
749	7.411567e-07	5.000000e+00	-5.00000e+00	2.026149e-01	
750	7.421567e-07	5.000000e+00	-5.00000e+00	1.869109e-01	

Index   time            net-_x1-pad3_   net-_x1-pad4_   x1.e1_out       
--------------------------------------------------------------------------------
751	7.431567e-07	5.000000e+00	-5.00000e+00	1.704693e-01	
752	7.441567e-07	5.000000e+00	-5.00000e+00	1.533549e-01	
753	7.451567e-07	5.000000e+00	-5.00000e+00	1.356353e-01	
754	7.461567e-07	5.000000e+00	-5.00000e+00	1.173804e-01	
755	7.471567e-07	5.000000e+00	-5.00000e+00	9.866229e-02	
756	7.481567e-07	5.000000e+00	-5.00000e+00	7.955477e-02	
757	7.491567e-07	5.000000e+00	-5.00000e+00	6.013329e-02	
758	7.501567e-07	5.000000e+00	-5.00000e+00	4.047449e-02	
759	7.511567e-07	5.000000e+00	-5.00000e+00	2.065596e-02	
760	7.521567e-07	5.000000e+00	-5.00000e+00	7.559036e-04	
761	7.531567e-07	5.000000e+00	-5.00000e+00	-1.91471e-02	
762	7.541567e-07	5.000000e+00	-5.00000e+00	-3.89746e-02	
763	7.551567e-07	5.000000e+00	-5.00000e+00	-5.86483e-02	
764	7.561567e-07	5.000000e+00	-5.00000e+00	-7.80905e-02	
765	7.571567e-07	5.000000e+00	-5.00000e+00	-9.72245e-02	
766	7.581567e-07	5.000000e+00	-5.00000e+00	-1.15975e-01	
767	7.591567e-07	5.000000e+00	-5.00000e+00	-1.34267e-01	
768	7.601567e-07	5.000000e+00	-5.00000e+00	-1.52030e-01	
769	7.611567e-07	5.000000e+00	-5.00000e+00	-1.69193e-01	
770	7.621567e-07	5.000000e+00	-5.00000e+00	-1.85688e-01	
771	7.631567e-07	5.000000e+00	-5.00000e+00	-2.01450e-01	
772	7.641567e-07	5.000000e+00	-5.00000e+00	-2.16417e-01	
773	7.651567e-07	5.000000e+00	-5.00000e+00	-2.30530e-01	
774	7.661567e-07	5.000000e+00	-5.00000e+00	-2.43733e-01	
775	7.671567e-07	5.000000e+00	-5.00000e+00	-2.55975e-01	
776	7.681567e-07	5.000000e+00	-5.00000e+00	-2.67206e-01	
777	7.691567e-07	5.000000e+00	-5.00000e+00	-2.77383e-01	
778	7.701567e-07	5.000000e+00	-5.00000e+00	-2.86464e-01	
779	7.711567e-07	5.000000e+00	-5.00000e+00	-2.94416e-01	
780	7.721567e-07	5.000000e+00	-5.00000e+00	-3.01205e-01	
781	7.731567e-07	5.000000e+00	-5.00000e+00	-3.06806e-01	
782	7.741567e-07	5.000000e+00	-5.00000e+00	-3.11196e-01	
783	7.751567e-07	5.000000e+00	-5.00000e+00	-3.14357e-01	
784	7.761567e-07	5.000000e+00	-5.00000e+00	-3.16279e-01	
785	7.771567e-07	5.000000e+00	-5.00000e+00	-3.16951e-01	
786	7.781567e-07	5.000000e+00	-5.00000e+00	-3.16373e-01	
787	7.791567e-07	5.000000e+00	-5.00000e+00	-3.14547e-01	
788	7.801567e-07	5.000000e+00	-5.00000e+00	-3.11479e-01	
789	7.811567e-07	5.000000e+00	-5.00000e+00	-3.07182e-01	
790	7.821567e-07	5.000000e+00	-5.00000e+00	-3.01672e-01	
791	7.831567e-07	5.000000e+00	-5.00000e+00	-2.94972e-01	
792	7.841567e-07	5.000000e+00	-5.00000e+00	-2.87108e-01	
793	7.851567e-07	5.000000e+00	-5.00000e+00	-2.78111e-01	
794	7.861567e-07	5.000000e+00	-5.00000e+00	-2.68016e-01	
795	7.871567e-07	5.000000e+00	-5.00000e+00	-2.56863e-01	
796	7.881567e-07	5.000000e+00	-5.00000e+00	-2.44697e-01	
797	7.891567e-07	5.000000e+00	-5.00000e+00	-2.31565e-01	
798	7.901567e-07	5.000000e+00	-5.00000e+00	-2.17519e-01	
799	7.911567e-07	5.000000e+00	-5.00000e+00	-2.02615e-01	
800	7.921567e-07	5.000000e+00	-5.00000e+00	-1.86911e-01	
801	7.931567e-07	5.000000e+00	-5.00000e+00	-1.70469e-01	
802	7.941567e-07	5.000000e+00	-5.00000e+00	-1.53355e-01	
803	7.951567e-07	5.000000e+00	-5.00000e+00	-1.35635e-01	
804	7.961567e-07	5.000000e+00	-5.00000e+00	-1.17380e-01	
805	7.971567e-07	5.000000e+00	-5.00000e+00	-9.86623e-02	
806	7.981567e-07	5.000000e+00	-5.00000e+00	-7.95548e-02	
807	7.991567e-07	5.000000e+00	-5.00000e+00	-6.01333e-02	
808	8.001567e-07	5.000000e+00	-5.00000e+00	-4.04745e-02	

Index   time            net-_x1-pad3_   net-_x1-pad4_   x1.e1_out       
--------------------------------------------------------------------------------
809	8.011567e-07	5.000000e+00	-5.00000e+00	-2.06560e-02	
810	8.021567e-07	5.000000e+00	-5.00000e+00	-7.55904e-04	
811	8.031567e-07	5.000000e+00	-5.00000e+00	1.914713e-02	
812	8.041567e-07	5.000000e+00	-5.00000e+00	3.897461e-02	
813	8.051567e-07	5.000000e+00	-5.00000e+00	5.864826e-02	
814	8.061567e-07	5.000000e+00	-5.00000e+00	7.809046e-02	
815	8.071567e-07	5.000000e+00	-5.00000e+00	9.722447e-02	
816	8.081567e-07	5.000000e+00	-5.00000e+00	1.159748e-01	
817	8.091567e-07	5.000000e+00	-5.00000e+00	1.342674e-01	
818	8.101567e-07	5.000000e+00	-5.00000e+00	1.520301e-01	
819	8.111567e-07	5.000000e+00	-5.00000e+00	1.691928e-01	
820	8.121567e-07	5.000000e+00	-5.00000e+00	1.856878e-01	
821	8.131567e-07	5.000000e+00	-5.00000e+00	2.014500e-01	
822	8.141567e-07	5.000000e+00	-5.00000e+00	2.164172e-01	
823	8.151567e-07	5.000000e+00	-5.00000e+00	2.305302e-01	
824	8.161567e-07	5.000000e+00	-5.00000e+00	2.437334e-01	
825	8.171567e-07	5.000000e+00	-5.00000e+00	2.559748e-01	
826	8.181567e-07	5.000000e+00	-5.00000e+00	2.672059e-01	
827	8.191567e-07	5.000000e+00	-5.00000e+00	2.773825e-01	
828	8.201567e-07	5.000000e+00	-5.00000e+00	2.864644e-01	
829	8.211567e-07	5.000000e+00	-5.00000e+00	2.944157e-01	
830	8.221567e-07	5.000000e+00	-5.00000e+00	3.012051e-01	
831	8.231567e-07	5.000000e+00	-5.00000e+00	3.068058e-01	
832	8.241567e-07	5.000000e+00	-5.00000e+00	3.111957e-01	
833	8.251567e-07	5.000000e+00	-5.00000e+00	3.143574e-01	
834	8.261567e-07	5.000000e+00	-5.00000e+00	3.162785e-01	
835	8.271567e-07	5.000000e+00	-5.00000e+00	3.169514e-01	
836	8.281567e-07	5.000000e+00	-5.00000e+00	3.163735e-01	
837	8.291567e-07	5.000000e+00	-5.00000e+00	3.145469e-01	
838	8.301567e-07	5.000000e+00	-5.00000e+00	3.114790e-01	
839	8.311567e-07	5.000000e+00	-5.00000e+00	3.071818e-01	
840	8.321567e-07	5.000000e+00	-5.00000e+00	3.016723e-01	
841	8.331567e-07	5.000000e+00	-5.00000e+00	2.949723e-01	
842	8.341567e-07	5.000000e+00	-5.00000e+00	2.871081e-01	
843	8.351567e-07	5.000000e+00	-5.00000e+00	2.781108e-01	
844	8.361567e-07	5.000000e+00	-5.00000e+00	2.680160e-01	
845	8.371567e-07	5.000000e+00	-5.00000e+00	2.568634e-01	
846	8.381567e-07	5.000000e+00	-5.00000e+00	2.446971e-01	
847	8.391567e-07	5.000000e+00	-5.00000e+00	2.315651e-01	
848	8.401567e-07	5.000000e+00	-5.00000e+00	2.175192e-01	
849	8.411567e-07	5.000000e+00	-5.00000e+00	2.026149e-01	
850	8.421567e-07	5.000000e+00	-5.00000e+00	1.869109e-01	
851	8.431567e-07	5.000000e+00	-5.00000e+00	1.704693e-01	
852	8.441567e-07	5.000000e+00	-5.00000e+00	1.533549e-01	
853	8.451567e-07	5.000000e+00	-5.00000e+00	1.356353e-01	
854	8.461567e-07	5.000000e+00	-5.00000e+00	1.173804e-01	
855	8.471567e-07	5.000000e+00	-5.00000e+00	9.866229e-02	
856	8.481567e-07	5.000000e+00	-5.00000e+00	7.955477e-02	
857	8.491567e-07	5.000000e+00	-5.00000e+00	6.013329e-02	
858	8.501567e-07	5.000000e+00	-5.00000e+00	4.047449e-02	
859	8.511567e-07	5.000000e+00	-5.00000e+00	2.065596e-02	
860	8.521567e-07	5.000000e+00	-5.00000e+00	7.559036e-04	
861	8.531567e-07	5.000000e+00	-5.00000e+00	-1.91471e-02	
862	8.541567e-07	5.000000e+00	-5.00000e+00	-3.89746e-02	
863	8.551567e-07	5.000000e+00	-5.00000e+00	-5.86483e-02	
864	8.561567e-07	5.000000e+00	-5.00000e+00	-7.80905e-02	
865	8.571567e-07	5.000000e+00	-5.00000e+00	-9.72245e-02	
866	8.581567e-07	5.000000e+00	-5.00000e+00	-1.15975e-01	

Index   time            net-_x1-pad3_   net-_x1-pad4_   x1.e1_out       
--------------------------------------------------------------------------------
867	8.591567e-07	5.000000e+00	-5.00000e+00	-1.34267e-01	
868	8.601567e-07	5.000000e+00	-5.00000e+00	-1.52030e-01	
869	8.611567e-07	5.000000e+00	-5.00000e+00	-1.69193e-01	
870	8.621567e-07	5.000000e+00	-5.00000e+00	-1.85688e-01	
871	8.631567e-07	5.000000e+00	-5.00000e+00	-2.01450e-01	
872	8.641567e-07	5.000000e+00	-5.00000e+00	-2.16417e-01	
873	8.651567e-07	5.000000e+00	-5.00000e+00	-2.30530e-01	
874	8.661567e-07	5.000000e+00	-5.00000e+00	-2.43733e-01	
875	8.671567e-07	5.000000e+00	-5.00000e+00	-2.55975e-01	
876	8.681567e-07	5.000000e+00	-5.00000e+00	-2.67206e-01	
877	8.691567e-07	5.000000e+00	-5.00000e+00	-2.77383e-01	
878	8.701567e-07	5.000000e+00	-5.00000e+00	-2.86464e-01	
879	8.711567e-07	5.000000e+00	-5.00000e+00	-2.94416e-01	
880	8.721567e-07	5.000000e+00	-5.00000e+00	-3.01205e-01	
881	8.731567e-07	5.000000e+00	-5.00000e+00	-3.06806e-01	
882	8.741567e-07	5.000000e+00	-5.00000e+00	-3.11196e-01	
883	8.751567e-07	5.000000e+00	-5.00000e+00	-3.14357e-01	
884	8.761567e-07	5.000000e+00	-5.00000e+00	-3.16279e-01	
885	8.771567e-07	5.000000e+00	-5.00000e+00	-3.16951e-01	
886	8.781567e-07	5.000000e+00	-5.00000e+00	-3.16373e-01	
887	8.791567e-07	5.000000e+00	-5.00000e+00	-3.14547e-01	
888	8.801567e-07	5.000000e+00	-5.00000e+00	-3.11479e-01	
889	8.811567e-07	5.000000e+00	-5.00000e+00	-3.07182e-01	
890	8.821567e-07	5.000000e+00	-5.00000e+00	-3.01672e-01	
891	8.831567e-07	5.000000e+00	-5.00000e+00	-2.94972e-01	
892	8.841567e-07	5.000000e+00	-5.00000e+00	-2.87108e-01	
893	8.851567e-07	5.000000e+00	-5.00000e+00	-2.78111e-01	
894	8.861567e-07	5.000000e+00	-5.00000e+00	-2.68016e-01	
895	8.871567e-07	5.000000e+00	-5.00000e+00	-2.56863e-01	
896	8.881567e-07	5.000000e+00	-5.00000e+00	-2.44697e-01	
897	8.891567e-07	5.000000e+00	-5.00000e+00	-2.31565e-01	
898	8.901567e-07	5.000000e+00	-5.00000e+00	-2.17519e-01	
899	8.911567e-07	5.000000e+00	-5.00000e+00	-2.02615e-01	
900	8.921567e-07	5.000000e+00	-5.00000e+00	-1.86911e-01	
901	8.931567e-07	5.000000e+00	-5.00000e+00	-1.70469e-01	
902	8.941567e-07	5.000000e+00	-5.00000e+00	-1.53355e-01	
903	8.951567e-07	5.000000e+00	-5.00000e+00	-1.35635e-01	
904	8.961567e-07	5.000000e+00	-5.00000e+00	-1.17380e-01	
905	8.971567e-07	5.000000e+00	-5.00000e+00	-9.86623e-02	
906	8.981567e-07	5.000000e+00	-5.00000e+00	-7.95548e-02	
907	8.991567e-07	5.000000e+00	-5.00000e+00	-6.01333e-02	
908	9.001567e-07	5.000000e+00	-5.00000e+00	-4.04745e-02	
909	9.011567e-07	5.000000e+00	-5.00000e+00	-2.06560e-02	
910	9.021567e-07	5.000000e+00	-5.00000e+00	-7.55904e-04	
911	9.031567e-07	5.000000e+00	-5.00000e+00	1.914713e-02	
912	9.041567e-07	5.000000e+00	-5.00000e+00	3.897461e-02	
913	9.051567e-07	5.000000e+00	-5.00000e+00	5.864826e-02	
914	9.061567e-07	5.000000e+00	-5.00000e+00	7.809046e-02	
915	9.071567e-07	5.000000e+00	-5.00000e+00	9.722447e-02	
916	9.081567e-07	5.000000e+00	-5.00000e+00	1.159748e-01	
917	9.091567e-07	5.000000e+00	-5.00000e+00	1.342674e-01	
918	9.101567e-07	5.000000e+00	-5.00000e+00	1.520301e-01	
919	9.111567e-07	5.000000e+00	-5.00000e+00	1.691928e-01	
920	9.121567e-07	5.000000e+00	-5.00000e+00	1.856878e-01	
921	9.131567e-07	5.000000e+00	-5.00000e+00	2.014500e-01	
922	9.141567e-07	5.000000e+00	-5.00000e+00	2.164172e-01	
923	9.151567e-07	5.000000e+00	-5.00000e+00	2.305302e-01	
924	9.161567e-07	5.000000e+00	-5.00000e+00	2.437334e-01	

Index   time            net-_x1-pad3_   net-_x1-pad4_   x1.e1_out       
--------------------------------------------------------------------------------
925	9.171567e-07	5.000000e+00	-5.00000e+00	2.559748e-01	
926	9.181567e-07	5.000000e+00	-5.00000e+00	2.672059e-01	
927	9.191567e-07	5.000000e+00	-5.00000e+00	2.773825e-01	
928	9.201567e-07	5.000000e+00	-5.00000e+00	2.864644e-01	
929	9.211567e-07	5.000000e+00	-5.00000e+00	2.944157e-01	
930	9.221567e-07	5.000000e+00	-5.00000e+00	3.012051e-01	
931	9.231567e-07	5.000000e+00	-5.00000e+00	3.068058e-01	
932	9.241567e-07	5.000000e+00	-5.00000e+00	3.111957e-01	
933	9.251567e-07	5.000000e+00	-5.00000e+00	3.143574e-01	
934	9.261567e-07	5.000000e+00	-5.00000e+00	3.162785e-01	
935	9.271567e-07	5.000000e+00	-5.00000e+00	3.169514e-01	
936	9.281567e-07	5.000000e+00	-5.00000e+00	3.163735e-01	
937	9.291567e-07	5.000000e+00	-5.00000e+00	3.145469e-01	
938	9.301567e-07	5.000000e+00	-5.00000e+00	3.114790e-01	
939	9.311567e-07	5.000000e+00	-5.00000e+00	3.071818e-01	
940	9.321567e-07	5.000000e+00	-5.00000e+00	3.016723e-01	
941	9.331567e-07	5.000000e+00	-5.00000e+00	2.949723e-01	
942	9.341567e-07	5.000000e+00	-5.00000e+00	2.871081e-01	
943	9.351567e-07	5.000000e+00	-5.00000e+00	2.781108e-01	
944	9.361567e-07	5.000000e+00	-5.00000e+00	2.680160e-01	
945	9.371567e-07	5.000000e+00	-5.00000e+00	2.568634e-01	
946	9.381567e-07	5.000000e+00	-5.00000e+00	2.446971e-01	
947	9.391567e-07	5.000000e+00	-5.00000e+00	2.315651e-01	
948	9.401567e-07	5.000000e+00	-5.00000e+00	2.175192e-01	
949	9.411567e-07	5.000000e+00	-5.00000e+00	2.026149e-01	
950	9.421567e-07	5.000000e+00	-5.00000e+00	1.869109e-01	
951	9.431567e-07	5.000000e+00	-5.00000e+00	1.704693e-01	
952	9.441567e-07	5.000000e+00	-5.00000e+00	1.533549e-01	
953	9.451567e-07	5.000000e+00	-5.00000e+00	1.356353e-01	
954	9.461567e-07	5.000000e+00	-5.00000e+00	1.173804e-01	
955	9.471567e-07	5.000000e+00	-5.00000e+00	9.866229e-02	
956	9.481567e-07	5.000000e+00	-5.00000e+00	7.955477e-02	
957	9.491567e-07	5.000000e+00	-5.00000e+00	6.013329e-02	
958	9.501567e-07	5.000000e+00	-5.00000e+00	4.047449e-02	
959	9.511567e-07	5.000000e+00	-5.00000e+00	2.065596e-02	
960	9.521567e-07	5.000000e+00	-5.00000e+00	7.559036e-04	
961	9.531567e-07	5.000000e+00	-5.00000e+00	-1.91471e-02	
962	9.541567e-07	5.000000e+00	-5.00000e+00	-3.89746e-02	
963	9.551567e-07	5.000000e+00	-5.00000e+00	-5.86483e-02	
964	9.561567e-07	5.000000e+00	-5.00000e+00	-7.80905e-02	
965	9.571567e-07	5.000000e+00	-5.00000e+00	-9.72245e-02	
966	9.581567e-07	5.000000e+00	-5.00000e+00	-1.15975e-01	
967	9.591567e-07	5.000000e+00	-5.00000e+00	-1.34267e-01	
968	9.601567e-07	5.000000e+00	-5.00000e+00	-1.52030e-01	
969	9.611567e-07	5.000000e+00	-5.00000e+00	-1.69193e-01	
970	9.621567e-07	5.000000e+00	-5.00000e+00	-1.85688e-01	
971	9.631567e-07	5.000000e+00	-5.00000e+00	-2.01450e-01	
972	9.641567e-07	5.000000e+00	-5.00000e+00	-2.16417e-01	
973	9.651567e-07	5.000000e+00	-5.00000e+00	-2.30530e-01	
974	9.661567e-07	5.000000e+00	-5.00000e+00	-2.43733e-01	
975	9.671567e-07	5.000000e+00	-5.00000e+00	-2.55975e-01	
976	9.681567e-07	5.000000e+00	-5.00000e+00	-2.67206e-01	
977	9.691567e-07	5.000000e+00	-5.00000e+00	-2.77383e-01	
978	9.701567e-07	5.000000e+00	-5.00000e+00	-2.86464e-01	
979	9.711567e-07	5.000000e+00	-5.00000e+00	-2.94416e-01	
980	9.721567e-07	5.000000e+00	-5.00000e+00	-3.01205e-01	
981	9.731567e-07	5.000000e+00	-5.00000e+00	-3.06806e-01	
982	9.741567e-07	5.000000e+00	-5.00000e+00	-3.11196e-01	

Index   time            net-_x1-pad3_   net-_x1-pad4_   x1.e1_out       
--------------------------------------------------------------------------------
983	9.751567e-07	5.000000e+00	-5.00000e+00	-3.14357e-01	
984	9.761567e-07	5.000000e+00	-5.00000e+00	-3.16279e-01	
985	9.771567e-07	5.000000e+00	-5.00000e+00	-3.16951e-01	
986	9.781567e-07	5.000000e+00	-5.00000e+00	-3.16373e-01	
987	9.791567e-07	5.000000e+00	-5.00000e+00	-3.14547e-01	
988	9.801567e-07	5.000000e+00	-5.00000e+00	-3.11479e-01	
989	9.811567e-07	5.000000e+00	-5.00000e+00	-3.07182e-01	
990	9.821567e-07	5.000000e+00	-5.00000e+00	-3.01672e-01	
991	9.831567e-07	5.000000e+00	-5.00000e+00	-2.94972e-01	
992	9.841567e-07	5.000000e+00	-5.00000e+00	-2.87108e-01	
993	9.851567e-07	5.000000e+00	-5.00000e+00	-2.78111e-01	
994	9.861567e-07	5.000000e+00	-5.00000e+00	-2.68016e-01	
995	9.871567e-07	5.000000e+00	-5.00000e+00	-2.56863e-01	
996	9.881567e-07	5.000000e+00	-5.00000e+00	-2.44697e-01	
997	9.891567e-07	5.000000e+00	-5.00000e+00	-2.31565e-01	
998	9.901567e-07	5.000000e+00	-5.00000e+00	-2.17519e-01	
999	9.911567e-07	5.000000e+00	-5.00000e+00	-2.02615e-01	
1000	9.921567e-07	5.000000e+00	-5.00000e+00	-1.86911e-01	
1001	9.931567e-07	5.000000e+00	-5.00000e+00	-1.70469e-01	
1002	9.941567e-07	5.000000e+00	-5.00000e+00	-1.53355e-01	
1003	9.951567e-07	5.000000e+00	-5.00000e+00	-1.35635e-01	
1004	9.961567e-07	5.000000e+00	-5.00000e+00	-1.17380e-01	
1005	9.971567e-07	5.000000e+00	-5.00000e+00	-9.86623e-02	
1006	9.981567e-07	5.000000e+00	-5.00000e+00	-7.95548e-02	
1007	9.991567e-07	5.000000e+00	-5.00000e+00	-6.01333e-02	
1008	1.000000e-06	5.000000e+00	-5.00000e+00	-4.35659e-02	

                                kicad schematic
                                Transient Analysis  Mon Jun 22 20:01:16  2026
--------------------------------------------------------------------------------
Index   time            x1.rc_node      
--------------------------------------------------------------------------------
0	0.000000e+00	0.000000e+00	
1	1.000000e-11	9.064996e-07	
2	1.449680e-11	1.497068e-06	
3	2.349041e-11	3.043326e-06	
4	4.147763e-11	8.317686e-06	
5	7.745207e-11	2.750559e-05	
6	1.494009e-10	9.974512e-05	
7	2.932987e-10	3.743280e-04	
8	5.810942e-10	1.403991e-03	
9	1.156685e-09	5.106529e-03	
10	2.156685e-09	1.549287e-02	
11	3.156685e-09	2.939547e-02	
12	4.156685e-09	4.543838e-02	
13	5.156685e-09	6.272506e-02	
14	6.156685e-09	8.066176e-02	
15	7.156685e-09	9.884623e-02	
16	8.156685e-09	1.169976e-01	
17	9.156685e-09	1.349125e-01	
18	1.015669e-08	1.524370e-01	
19	1.115669e-08	1.694495e-01	
20	1.215669e-08	1.858497e-01	
21	1.315669e-08	2.015521e-01	
22	1.415669e-08	2.164815e-01	
23	1.515669e-08	2.305708e-01	
24	1.615669e-08	2.437591e-01	
25	1.715669e-08	2.559909e-01	
26	1.815669e-08	2.672161e-01	
27	1.915669e-08	2.773889e-01	
28	2.015669e-08	2.864684e-01	
29	2.115669e-08	2.944183e-01	
30	2.215669e-08	3.012068e-01	
31	2.315669e-08	3.068069e-01	
32	2.415669e-08	3.111964e-01	
33	2.515669e-08	3.143578e-01	
34	2.615669e-08	3.162788e-01	
35	2.715669e-08	3.169516e-01	
36	2.815669e-08	3.163736e-01	
37	2.915669e-08	3.145470e-01	
38	3.015669e-08	3.114790e-01	
39	3.115669e-08	3.071818e-01	
40	3.215669e-08	3.016723e-01	
41	3.315669e-08	2.949723e-01	
42	3.415669e-08	2.871081e-01	
43	3.515669e-08	2.781108e-01	
44	3.615669e-08	2.680160e-01	
45	3.715669e-08	2.568634e-01	
46	3.815669e-08	2.446971e-01	
47	3.915669e-08	2.315651e-01	
48	4.015669e-08	2.175192e-01	
49	4.115669e-08	2.026149e-01	
50	4.215669e-08	1.869109e-01	
51	4.315669e-08	1.704693e-01	
52	4.415669e-08	1.533549e-01	
53	4.515669e-08	1.356353e-01	
54	4.615669e-08	1.173804e-01	

Index   time            x1.rc_node      
--------------------------------------------------------------------------------
55	4.715669e-08	9.866229e-02	
56	4.815669e-08	7.955477e-02	
57	4.915669e-08	6.013329e-02	
58	5.015669e-08	4.047449e-02	
59	5.115669e-08	2.065596e-02	
60	5.215669e-08	7.559037e-04	
61	5.315669e-08	-1.91471e-02	
62	5.415669e-08	-3.89746e-02	
63	5.515669e-08	-5.86483e-02	
64	5.615669e-08	-7.80905e-02	
65	5.715669e-08	-9.72245e-02	
66	5.815669e-08	-1.15975e-01	
67	5.915669e-08	-1.34267e-01	
68	6.015669e-08	-1.52030e-01	
69	6.115669e-08	-1.69193e-01	
70	6.215669e-08	-1.85688e-01	
71	6.315669e-08	-2.01450e-01	
72	6.415669e-08	-2.16417e-01	
73	6.515669e-08	-2.30530e-01	
74	6.615669e-08	-2.43733e-01	
75	6.715669e-08	-2.55975e-01	
76	6.815669e-08	-2.67206e-01	
77	6.915669e-08	-2.77383e-01	
78	7.015669e-08	-2.86464e-01	
79	7.115669e-08	-2.94416e-01	
80	7.215669e-08	-3.01205e-01	
81	7.315669e-08	-3.06806e-01	
82	7.415669e-08	-3.11196e-01	
83	7.515669e-08	-3.14357e-01	
84	7.615669e-08	-3.16279e-01	
85	7.715669e-08	-3.16951e-01	
86	7.815669e-08	-3.16373e-01	
87	7.915669e-08	-3.14547e-01	
88	8.015669e-08	-3.11479e-01	
89	8.115669e-08	-3.07182e-01	
90	8.215669e-08	-3.01672e-01	
91	8.315669e-08	-2.94972e-01	
92	8.415669e-08	-2.87108e-01	
93	8.515669e-08	-2.78111e-01	
94	8.615669e-08	-2.68016e-01	
95	8.715669e-08	-2.56863e-01	
96	8.815669e-08	-2.44697e-01	
97	8.915669e-08	-2.31565e-01	
98	9.015669e-08	-2.17519e-01	
99	9.115669e-08	-2.02615e-01	
100	9.215669e-08	-1.86911e-01	
101	9.315669e-08	-1.70469e-01	
102	9.415669e-08	-1.53355e-01	
103	9.515669e-08	-1.35635e-01	
104	9.615669e-08	-1.17380e-01	
105	9.715669e-08	-9.86623e-02	
106	9.815669e-08	-7.95548e-02	
107	9.915669e-08	-6.01333e-02	
108	1.001567e-07	-4.04745e-02	
109	1.011567e-07	-2.06560e-02	
110	1.021567e-07	-7.55904e-04	
111	1.031567e-07	1.914713e-02	
112	1.041567e-07	3.897461e-02	

Index   time            x1.rc_node      
--------------------------------------------------------------------------------
113	1.051567e-07	5.864826e-02	
114	1.061567e-07	7.809046e-02	
115	1.071567e-07	9.722447e-02	
116	1.081567e-07	1.159748e-01	
117	1.091567e-07	1.342674e-01	
118	1.101567e-07	1.520301e-01	
119	1.111567e-07	1.691928e-01	
120	1.121567e-07	1.856878e-01	
121	1.131567e-07	2.014500e-01	
122	1.141567e-07	2.164172e-01	
123	1.151567e-07	2.305302e-01	
124	1.161567e-07	2.437334e-01	
125	1.171567e-07	2.559748e-01	
126	1.181567e-07	2.672059e-01	
127	1.191567e-07	2.773825e-01	
128	1.201567e-07	2.864644e-01	
129	1.211567e-07	2.944157e-01	
130	1.221567e-07	3.012051e-01	
131	1.231567e-07	3.068058e-01	
132	1.241567e-07	3.111957e-01	
133	1.251567e-07	3.143574e-01	
134	1.261567e-07	3.162785e-01	
135	1.271567e-07	3.169514e-01	
136	1.281567e-07	3.163735e-01	
137	1.291567e-07	3.145469e-01	
138	1.301567e-07	3.114790e-01	
139	1.311567e-07	3.071818e-01	
140	1.321567e-07	3.016723e-01	
141	1.331567e-07	2.949723e-01	
142	1.341567e-07	2.871081e-01	
143	1.351567e-07	2.781108e-01	
144	1.361567e-07	2.680160e-01	
145	1.371567e-07	2.568634e-01	
146	1.381567e-07	2.446971e-01	
147	1.391567e-07	2.315651e-01	
148	1.401567e-07	2.175192e-01	
149	1.411567e-07	2.026149e-01	
150	1.421567e-07	1.869109e-01	
151	1.431567e-07	1.704693e-01	
152	1.441567e-07	1.533549e-01	
153	1.451567e-07	1.356353e-01	
154	1.461567e-07	1.173804e-01	
155	1.471567e-07	9.866229e-02	
156	1.481567e-07	7.955477e-02	
157	1.491567e-07	6.013329e-02	
158	1.501567e-07	4.047449e-02	
159	1.511567e-07	2.065596e-02	
160	1.521567e-07	7.559036e-04	
161	1.531567e-07	-1.91471e-02	
162	1.541567e-07	-3.89746e-02	
163	1.551567e-07	-5.86483e-02	
164	1.561567e-07	-7.80905e-02	
165	1.571567e-07	-9.72245e-02	
166	1.581567e-07	-1.15975e-01	
167	1.591567e-07	-1.34267e-01	
168	1.601567e-07	-1.52030e-01	
169	1.611567e-07	-1.69193e-01	
170	1.621567e-07	-1.85688e-01	

Index   time            x1.rc_node      
--------------------------------------------------------------------------------
171	1.631567e-07	-2.01450e-01	
172	1.641567e-07	-2.16417e-01	
173	1.651567e-07	-2.30530e-01	
174	1.661567e-07	-2.43733e-01	
175	1.671567e-07	-2.55975e-01	
176	1.681567e-07	-2.67206e-01	
177	1.691567e-07	-2.77383e-01	
178	1.701567e-07	-2.86464e-01	
179	1.711567e-07	-2.94416e-01	
180	1.721567e-07	-3.01205e-01	
181	1.731567e-07	-3.06806e-01	
182	1.741567e-07	-3.11196e-01	
183	1.751567e-07	-3.14357e-01	
184	1.761567e-07	-3.16279e-01	
185	1.771567e-07	-3.16951e-01	
186	1.781567e-07	-3.16373e-01	
187	1.791567e-07	-3.14547e-01	
188	1.801567e-07	-3.11479e-01	
189	1.811567e-07	-3.07182e-01	
190	1.821567e-07	-3.01672e-01	
191	1.831567e-07	-2.94972e-01	
192	1.841567e-07	-2.87108e-01	
193	1.851567e-07	-2.78111e-01	
194	1.861567e-07	-2.68016e-01	
195	1.871567e-07	-2.56863e-01	
196	1.881567e-07	-2.44697e-01	
197	1.891567e-07	-2.31565e-01	
198	1.901567e-07	-2.17519e-01	
199	1.911567e-07	-2.02615e-01	
200	1.921567e-07	-1.86911e-01	
201	1.931567e-07	-1.70469e-01	
202	1.941567e-07	-1.53355e-01	
203	1.951567e-07	-1.35635e-01	
204	1.961567e-07	-1.17380e-01	
205	1.971567e-07	-9.86623e-02	
206	1.981567e-07	-7.95548e-02	
207	1.991567e-07	-6.01333e-02	
208	2.001567e-07	-4.04745e-02	
209	2.011567e-07	-2.06560e-02	
210	2.021567e-07	-7.55904e-04	
211	2.031567e-07	1.914713e-02	
212	2.041567e-07	3.897461e-02	
213	2.051567e-07	5.864826e-02	
214	2.061567e-07	7.809046e-02	
215	2.071567e-07	9.722447e-02	
216	2.081567e-07	1.159748e-01	
217	2.091567e-07	1.342674e-01	
218	2.101567e-07	1.520301e-01	
219	2.111567e-07	1.691928e-01	
220	2.121567e-07	1.856878e-01	
221	2.131567e-07	2.014500e-01	
222	2.141567e-07	2.164172e-01	
223	2.151567e-07	2.305302e-01	
224	2.161567e-07	2.437334e-01	
225	2.171567e-07	2.559748e-01	
226	2.181567e-07	2.672059e-01	
227	2.191567e-07	2.773825e-01	
228	2.201567e-07	2.864644e-01	

Index   time            x1.rc_node      
--------------------------------------------------------------------------------
229	2.211567e-07	2.944157e-01	
230	2.221567e-07	3.012051e-01	
231	2.231567e-07	3.068058e-01	
232	2.241567e-07	3.111957e-01	
233	2.251567e-07	3.143574e-01	
234	2.261567e-07	3.162785e-01	
235	2.271567e-07	3.169514e-01	
236	2.281567e-07	3.163735e-01	
237	2.291567e-07	3.145469e-01	
238	2.301567e-07	3.114790e-01	
239	2.311567e-07	3.071818e-01	
240	2.321567e-07	3.016723e-01	
241	2.331567e-07	2.949723e-01	
242	2.341567e-07	2.871081e-01	
243	2.351567e-07	2.781108e-01	
244	2.361567e-07	2.680160e-01	
245	2.371567e-07	2.568634e-01	
246	2.381567e-07	2.446971e-01	
247	2.391567e-07	2.315651e-01	
248	2.401567e-07	2.175192e-01	
249	2.411567e-07	2.026149e-01	
250	2.421567e-07	1.869109e-01	
251	2.431567e-07	1.704693e-01	
252	2.441567e-07	1.533549e-01	
253	2.451567e-07	1.356353e-01	
254	2.461567e-07	1.173804e-01	
255	2.471567e-07	9.866229e-02	
256	2.481567e-07	7.955477e-02	
257	2.491567e-07	6.013329e-02	
258	2.501567e-07	4.047449e-02	
259	2.511567e-07	2.065596e-02	
260	2.521567e-07	7.559036e-04	
261	2.531567e-07	-1.91471e-02	
262	2.541567e-07	-3.89746e-02	
263	2.551567e-07	-5.86483e-02	
264	2.561567e-07	-7.80905e-02	
265	2.571567e-07	-9.72245e-02	
266	2.581567e-07	-1.15975e-01	
267	2.591567e-07	-1.34267e-01	
268	2.601567e-07	-1.52030e-01	
269	2.611567e-07	-1.69193e-01	
270	2.621567e-07	-1.85688e-01	
271	2.631567e-07	-2.01450e-01	
272	2.641567e-07	-2.16417e-01	
273	2.651567e-07	-2.30530e-01	
274	2.661567e-07	-2.43733e-01	
275	2.671567e-07	-2.55975e-01	
276	2.681567e-07	-2.67206e-01	
277	2.691567e-07	-2.77383e-01	
278	2.701567e-07	-2.86464e-01	
279	2.711567e-07	-2.94416e-01	
280	2.721567e-07	-3.01205e-01	
281	2.731567e-07	-3.06806e-01	
282	2.741567e-07	-3.11196e-01	
283	2.751567e-07	-3.14357e-01	
284	2.761567e-07	-3.16279e-01	
285	2.771567e-07	-3.16951e-01	
286	2.781567e-07	-3.16373e-01	

Index   time            x1.rc_node      
--------------------------------------------------------------------------------
287	2.791567e-07	-3.14547e-01	
288	2.801567e-07	-3.11479e-01	
289	2.811567e-07	-3.07182e-01	
290	2.821567e-07	-3.01672e-01	
291	2.831567e-07	-2.94972e-01	
292	2.841567e-07	-2.87108e-01	
293	2.851567e-07	-2.78111e-01	
294	2.861567e-07	-2.68016e-01	
295	2.871567e-07	-2.56863e-01	
296	2.881567e-07	-2.44697e-01	
297	2.891567e-07	-2.31565e-01	
298	2.901567e-07	-2.17519e-01	
299	2.911567e-07	-2.02615e-01	
300	2.921567e-07	-1.86911e-01	
301	2.931567e-07	-1.70469e-01	
302	2.941567e-07	-1.53355e-01	
303	2.951567e-07	-1.35635e-01	
304	2.961567e-07	-1.17380e-01	
305	2.971567e-07	-9.86623e-02	
306	2.981567e-07	-7.95548e-02	
307	2.991567e-07	-6.01333e-02	
308	3.001567e-07	-4.04745e-02	
309	3.011567e-07	-2.06560e-02	
310	3.021567e-07	-7.55904e-04	
311	3.031567e-07	1.914713e-02	
312	3.041567e-07	3.897461e-02	
313	3.051567e-07	5.864826e-02	
314	3.061567e-07	7.809046e-02	
315	3.071567e-07	9.722447e-02	
316	3.081567e-07	1.159748e-01	
317	3.091567e-07	1.342674e-01	
318	3.101567e-07	1.520301e-01	
319	3.111567e-07	1.691928e-01	
320	3.121567e-07	1.856878e-01	
321	3.131567e-07	2.014500e-01	
322	3.141567e-07	2.164172e-01	
323	3.151567e-07	2.305302e-01	
324	3.161567e-07	2.437334e-01	
325	3.171567e-07	2.559748e-01	
326	3.181567e-07	2.672059e-01	
327	3.191567e-07	2.773825e-01	
328	3.201567e-07	2.864644e-01	
329	3.211567e-07	2.944157e-01	
330	3.221567e-07	3.012051e-01	
331	3.231567e-07	3.068058e-01	
332	3.241567e-07	3.111957e-01	
333	3.251567e-07	3.143574e-01	
334	3.261567e-07	3.162785e-01	
335	3.271567e-07	3.169514e-01	
336	3.281567e-07	3.163735e-01	
337	3.291567e-07	3.145469e-01	
338	3.301567e-07	3.114790e-01	
339	3.311567e-07	3.071818e-01	
340	3.321567e-07	3.016723e-01	
341	3.331567e-07	2.949723e-01	
342	3.341567e-07	2.871081e-01	
343	3.351567e-07	2.781108e-01	
344	3.361567e-07	2.680160e-01	

Index   time            x1.rc_node      
--------------------------------------------------------------------------------
345	3.371567e-07	2.568634e-01	
346	3.381567e-07	2.446971e-01	
347	3.391567e-07	2.315651e-01	
348	3.401567e-07	2.175192e-01	
349	3.411567e-07	2.026149e-01	
350	3.421567e-07	1.869109e-01	
351	3.431567e-07	1.704693e-01	
352	3.441567e-07	1.533549e-01	
353	3.451567e-07	1.356353e-01	
354	3.461567e-07	1.173804e-01	
355	3.471567e-07	9.866229e-02	
356	3.481567e-07	7.955477e-02	
357	3.491567e-07	6.013329e-02	
358	3.501567e-07	4.047449e-02	
359	3.511567e-07	2.065596e-02	
360	3.521567e-07	7.559036e-04	
361	3.531567e-07	-1.91471e-02	
362	3.541567e-07	-3.89746e-02	
363	3.551567e-07	-5.86483e-02	
364	3.561567e-07	-7.80905e-02	
365	3.571567e-07	-9.72245e-02	
366	3.581567e-07	-1.15975e-01	
367	3.591567e-07	-1.34267e-01	
368	3.601567e-07	-1.52030e-01	
369	3.611567e-07	-1.69193e-01	
370	3.621567e-07	-1.85688e-01	
371	3.631567e-07	-2.01450e-01	
372	3.641567e-07	-2.16417e-01	
373	3.651567e-07	-2.30530e-01	
374	3.661567e-07	-2.43733e-01	
375	3.671567e-07	-2.55975e-01	
376	3.681567e-07	-2.67206e-01	
377	3.691567e-07	-2.77383e-01	
378	3.701567e-07	-2.86464e-01	
379	3.711567e-07	-2.94416e-01	
380	3.721567e-07	-3.01205e-01	
381	3.731567e-07	-3.06806e-01	
382	3.741567e-07	-3.11196e-01	
383	3.751567e-07	-3.14357e-01	
384	3.761567e-07	-3.16279e-01	
385	3.771567e-07	-3.16951e-01	
386	3.781567e-07	-3.16373e-01	
387	3.791567e-07	-3.14547e-01	
388	3.801567e-07	-3.11479e-01	
389	3.811567e-07	-3.07182e-01	
390	3.821567e-07	-3.01672e-01	
391	3.831567e-07	-2.94972e-01	
392	3.841567e-07	-2.87108e-01	
393	3.851567e-07	-2.78111e-01	
394	3.861567e-07	-2.68016e-01	
395	3.871567e-07	-2.56863e-01	
396	3.881567e-07	-2.44697e-01	
397	3.891567e-07	-2.31565e-01	
398	3.901567e-07	-2.17519e-01	
399	3.911567e-07	-2.02615e-01	
400	3.921567e-07	-1.86911e-01	
401	3.931567e-07	-1.70469e-01	
402	3.941567e-07	-1.53355e-01	

Index   time            x1.rc_node      
--------------------------------------------------------------------------------
403	3.951567e-07	-1.35635e-01	
404	3.961567e-07	-1.17380e-01	
405	3.971567e-07	-9.86623e-02	
406	3.981567e-07	-7.95548e-02	
407	3.991567e-07	-6.01333e-02	
408	4.001567e-07	-4.04745e-02	
409	4.011567e-07	-2.06560e-02	
410	4.021567e-07	-7.55904e-04	
411	4.031567e-07	1.914713e-02	
412	4.041567e-07	3.897461e-02	
413	4.051567e-07	5.864826e-02	
414	4.061567e-07	7.809046e-02	
415	4.071567e-07	9.722447e-02	
416	4.081567e-07	1.159748e-01	
417	4.091567e-07	1.342674e-01	
418	4.101567e-07	1.520301e-01	
419	4.111567e-07	1.691928e-01	
420	4.121567e-07	1.856878e-01	
421	4.131567e-07	2.014500e-01	
422	4.141567e-07	2.164172e-01	
423	4.151567e-07	2.305302e-01	
424	4.161567e-07	2.437334e-01	
425	4.171567e-07	2.559748e-01	
426	4.181567e-07	2.672059e-01	
427	4.191567e-07	2.773825e-01	
428	4.201567e-07	2.864644e-01	
429	4.211567e-07	2.944157e-01	
430	4.221567e-07	3.012051e-01	
431	4.231567e-07	3.068058e-01	
432	4.241567e-07	3.111957e-01	
433	4.251567e-07	3.143574e-01	
434	4.261567e-07	3.162785e-01	
435	4.271567e-07	3.169514e-01	
436	4.281567e-07	3.163735e-01	
437	4.291567e-07	3.145469e-01	
438	4.301567e-07	3.114790e-01	
439	4.311567e-07	3.071818e-01	
440	4.321567e-07	3.016723e-01	
441	4.331567e-07	2.949723e-01	
442	4.341567e-07	2.871081e-01	
443	4.351567e-07	2.781108e-01	
444	4.361567e-07	2.680160e-01	
445	4.371567e-07	2.568634e-01	
446	4.381567e-07	2.446971e-01	
447	4.391567e-07	2.315651e-01	
448	4.401567e-07	2.175192e-01	
449	4.411567e-07	2.026149e-01	
450	4.421567e-07	1.869109e-01	
451	4.431567e-07	1.704693e-01	
452	4.441567e-07	1.533549e-01	
453	4.451567e-07	1.356353e-01	
454	4.461567e-07	1.173804e-01	
455	4.471567e-07	9.866229e-02	
456	4.481567e-07	7.955477e-02	
457	4.491567e-07	6.013329e-02	
458	4.501567e-07	4.047449e-02	
459	4.511567e-07	2.065596e-02	
460	4.521567e-07	7.559036e-04	

Index   time            x1.rc_node      
--------------------------------------------------------------------------------
461	4.531567e-07	-1.91471e-02	
462	4.541567e-07	-3.89746e-02	
463	4.551567e-07	-5.86483e-02	
464	4.561567e-07	-7.80905e-02	
465	4.571567e-07	-9.72245e-02	
466	4.581567e-07	-1.15975e-01	
467	4.591567e-07	-1.34267e-01	
468	4.601567e-07	-1.52030e-01	
469	4.611567e-07	-1.69193e-01	
470	4.621567e-07	-1.85688e-01	
471	4.631567e-07	-2.01450e-01	
472	4.641567e-07	-2.16417e-01	
473	4.651567e-07	-2.30530e-01	
474	4.661567e-07	-2.43733e-01	
475	4.671567e-07	-2.55975e-01	
476	4.681567e-07	-2.67206e-01	
477	4.691567e-07	-2.77383e-01	
478	4.701567e-07	-2.86464e-01	
479	4.711567e-07	-2.94416e-01	
480	4.721567e-07	-3.01205e-01	
481	4.731567e-07	-3.06806e-01	
482	4.741567e-07	-3.11196e-01	
483	4.751567e-07	-3.14357e-01	
484	4.761567e-07	-3.16279e-01	
485	4.771567e-07	-3.16951e-01	
486	4.781567e-07	-3.16373e-01	
487	4.791567e-07	-3.14547e-01	
488	4.801567e-07	-3.11479e-01	
489	4.811567e-07	-3.07182e-01	
490	4.821567e-07	-3.01672e-01	
491	4.831567e-07	-2.94972e-01	
492	4.841567e-07	-2.87108e-01	
493	4.851567e-07	-2.78111e-01	
494	4.861567e-07	-2.68016e-01	
495	4.871567e-07	-2.56863e-01	
496	4.881567e-07	-2.44697e-01	
497	4.891567e-07	-2.31565e-01	
498	4.901567e-07	-2.17519e-01	
499	4.911567e-07	-2.02615e-01	
500	4.921567e-07	-1.86911e-01	
501	4.931567e-07	-1.70469e-01	
502	4.941567e-07	-1.53355e-01	
503	4.951567e-07	-1.35635e-01	
504	4.961567e-07	-1.17380e-01	
505	4.971567e-07	-9.86623e-02	
506	4.981567e-07	-7.95548e-02	
507	4.991567e-07	-6.01333e-02	
508	5.001567e-07	-4.04745e-02	
509	5.011567e-07	-2.06560e-02	
510	5.021567e-07	-7.55904e-04	
511	5.031567e-07	1.914713e-02	
512	5.041567e-07	3.897461e-02	
513	5.051567e-07	5.864826e-02	
514	5.061567e-07	7.809046e-02	
515	5.071567e-07	9.722447e-02	
516	5.081567e-07	1.159748e-01	
517	5.091567e-07	1.342674e-01	
518	5.101567e-07	1.520301e-01	

Index   time            x1.rc_node      
--------------------------------------------------------------------------------
519	5.111567e-07	1.691928e-01	
520	5.121567e-07	1.856878e-01	
521	5.131567e-07	2.014500e-01	
522	5.141567e-07	2.164172e-01	
523	5.151567e-07	2.305302e-01	
524	5.161567e-07	2.437334e-01	
525	5.171567e-07	2.559748e-01	
526	5.181567e-07	2.672059e-01	
527	5.191567e-07	2.773825e-01	
528	5.201567e-07	2.864644e-01	
529	5.211567e-07	2.944157e-01	
530	5.221567e-07	3.012051e-01	
531	5.231567e-07	3.068058e-01	
532	5.241567e-07	3.111957e-01	
533	5.251567e-07	3.143574e-01	
534	5.261567e-07	3.162785e-01	
535	5.271567e-07	3.169514e-01	
536	5.281567e-07	3.163735e-01	
537	5.291567e-07	3.145469e-01	
538	5.301567e-07	3.114790e-01	
539	5.311567e-07	3.071818e-01	
540	5.321567e-07	3.016723e-01	
541	5.331567e-07	2.949723e-01	
542	5.341567e-07	2.871081e-01	
543	5.351567e-07	2.781108e-01	
544	5.361567e-07	2.680160e-01	
545	5.371567e-07	2.568634e-01	
546	5.381567e-07	2.446971e-01	
547	5.391567e-07	2.315651e-01	
548	5.401567e-07	2.175192e-01	
549	5.411567e-07	2.026149e-01	
550	5.421567e-07	1.869109e-01	
551	5.431567e-07	1.704693e-01	
552	5.441567e-07	1.533549e-01	
553	5.451567e-07	1.356353e-01	
554	5.461567e-07	1.173804e-01	
555	5.471567e-07	9.866229e-02	
556	5.481567e-07	7.955477e-02	
557	5.491567e-07	6.013329e-02	
558	5.501567e-07	4.047449e-02	
559	5.511567e-07	2.065596e-02	
560	5.521567e-07	7.559036e-04	
561	5.531567e-07	-1.91471e-02	
562	5.541567e-07	-3.89746e-02	
563	5.551567e-07	-5.86483e-02	
564	5.561567e-07	-7.80905e-02	
565	5.571567e-07	-9.72245e-02	
566	5.581567e-07	-1.15975e-01	
567	5.591567e-07	-1.34267e-01	
568	5.601567e-07	-1.52030e-01	
569	5.611567e-07	-1.69193e-01	
570	5.621567e-07	-1.85688e-01	
571	5.631567e-07	-2.01450e-01	
572	5.641567e-07	-2.16417e-01	
573	5.651567e-07	-2.30530e-01	
574	5.661567e-07	-2.43733e-01	
575	5.671567e-07	-2.55975e-01	
576	5.681567e-07	-2.67206e-01	

Index   time            x1.rc_node      
--------------------------------------------------------------------------------
577	5.691567e-07	-2.77383e-01	
578	5.701567e-07	-2.86464e-01	
579	5.711567e-07	-2.94416e-01	
580	5.721567e-07	-3.01205e-01	
581	5.731567e-07	-3.06806e-01	
582	5.741567e-07	-3.11196e-01	
583	5.751567e-07	-3.14357e-01	
584	5.761567e-07	-3.16279e-01	
585	5.771567e-07	-3.16951e-01	
586	5.781567e-07	-3.16373e-01	
587	5.791567e-07	-3.14547e-01	
588	5.801567e-07	-3.11479e-01	
589	5.811567e-07	-3.07182e-01	
590	5.821567e-07	-3.01672e-01	
591	5.831567e-07	-2.94972e-01	
592	5.841567e-07	-2.87108e-01	
593	5.851567e-07	-2.78111e-01	
594	5.861567e-07	-2.68016e-01	
595	5.871567e-07	-2.56863e-01	
596	5.881567e-07	-2.44697e-01	
597	5.891567e-07	-2.31565e-01	
598	5.901567e-07	-2.17519e-01	
599	5.911567e-07	-2.02615e-01	
600	5.921567e-07	-1.86911e-01	
601	5.931567e-07	-1.70469e-01	
602	5.941567e-07	-1.53355e-01	
603	5.951567e-07	-1.35635e-01	
604	5.961567e-07	-1.17380e-01	
605	5.971567e-07	-9.86623e-02	
606	5.981567e-07	-7.95548e-02	
607	5.991567e-07	-6.01333e-02	
608	6.001567e-07	-4.04745e-02	
609	6.011567e-07	-2.06560e-02	
610	6.021567e-07	-7.55904e-04	
611	6.031567e-07	1.914713e-02	
612	6.041567e-07	3.897461e-02	
613	6.051567e-07	5.864826e-02	
614	6.061567e-07	7.809046e-02	
615	6.071567e-07	9.722447e-02	
616	6.081567e-07	1.159748e-01	
617	6.091567e-07	1.342674e-01	
618	6.101567e-07	1.520301e-01	
619	6.111567e-07	1.691928e-01	
620	6.121567e-07	1.856878e-01	
621	6.131567e-07	2.014500e-01	
622	6.141567e-07	2.164172e-01	
623	6.151567e-07	2.305302e-01	
624	6.161567e-07	2.437334e-01	
625	6.171567e-07	2.559748e-01	
626	6.181567e-07	2.672059e-01	
627	6.191567e-07	2.773825e-01	
628	6.201567e-07	2.864644e-01	
629	6.211567e-07	2.944157e-01	
630	6.221567e-07	3.012051e-01	
631	6.231567e-07	3.068058e-01	
632	6.241567e-07	3.111957e-01	
633	6.251567e-07	3.143574e-01	
634	6.261567e-07	3.162785e-01	

Index   time            x1.rc_node      
--------------------------------------------------------------------------------
635	6.271567e-07	3.169514e-01	
636	6.281567e-07	3.163735e-01	
637	6.291567e-07	3.145469e-01	
638	6.301567e-07	3.114790e-01	
639	6.311567e-07	3.071818e-01	
640	6.321567e-07	3.016723e-01	
641	6.331567e-07	2.949723e-01	
642	6.341567e-07	2.871081e-01	
643	6.351567e-07	2.781108e-01	
644	6.361567e-07	2.680160e-01	
645	6.371567e-07	2.568634e-01	
646	6.381567e-07	2.446971e-01	
647	6.391567e-07	2.315651e-01	
648	6.401567e-07	2.175192e-01	
649	6.411567e-07	2.026149e-01	
650	6.421567e-07	1.869109e-01	
651	6.431567e-07	1.704693e-01	
652	6.441567e-07	1.533549e-01	
653	6.451567e-07	1.356353e-01	
654	6.461567e-07	1.173804e-01	
655	6.471567e-07	9.866229e-02	
656	6.481567e-07	7.955477e-02	
657	6.491567e-07	6.013329e-02	
658	6.501567e-07	4.047449e-02	
659	6.511567e-07	2.065596e-02	
660	6.521567e-07	7.559036e-04	
661	6.531567e-07	-1.91471e-02	
662	6.541567e-07	-3.89746e-02	
663	6.551567e-07	-5.86483e-02	
664	6.561567e-07	-7.80905e-02	
665	6.571567e-07	-9.72245e-02	
666	6.581567e-07	-1.15975e-01	
667	6.591567e-07	-1.34267e-01	
668	6.601567e-07	-1.52030e-01	
669	6.611567e-07	-1.69193e-01	
670	6.621567e-07	-1.85688e-01	
671	6.631567e-07	-2.01450e-01	
672	6.641567e-07	-2.16417e-01	
673	6.651567e-07	-2.30530e-01	
674	6.661567e-07	-2.43733e-01	
675	6.671567e-07	-2.55975e-01	
676	6.681567e-07	-2.67206e-01	
677	6.691567e-07	-2.77383e-01	
678	6.701567e-07	-2.86464e-01	
679	6.711567e-07	-2.94416e-01	
680	6.721567e-07	-3.01205e-01	
681	6.731567e-07	-3.06806e-01	
682	6.741567e-07	-3.11196e-01	
683	6.751567e-07	-3.14357e-01	
684	6.761567e-07	-3.16279e-01	
685	6.771567e-07	-3.16951e-01	
686	6.781567e-07	-3.16373e-01	
687	6.791567e-07	-3.14547e-01	
688	6.801567e-07	-3.11479e-01	
689	6.811567e-07	-3.07182e-01	
690	6.821567e-07	-3.01672e-01	
691	6.831567e-07	-2.94972e-01	
692	6.841567e-07	-2.87108e-01	

Index   time            x1.rc_node      
--------------------------------------------------------------------------------
693	6.851567e-07	-2.78111e-01	
694	6.861567e-07	-2.68016e-01	
695	6.871567e-07	-2.56863e-01	
696	6.881567e-07	-2.44697e-01	
697	6.891567e-07	-2.31565e-01	
698	6.901567e-07	-2.17519e-01	
699	6.911567e-07	-2.02615e-01	
700	6.921567e-07	-1.86911e-01	
701	6.931567e-07	-1.70469e-01	
702	6.941567e-07	-1.53355e-01	
703	6.951567e-07	-1.35635e-01	
704	6.961567e-07	-1.17380e-01	
705	6.971567e-07	-9.86623e-02	
706	6.981567e-07	-7.95548e-02	
707	6.991567e-07	-6.01333e-02	
708	7.001567e-07	-4.04745e-02	
709	7.011567e-07	-2.06560e-02	
710	7.021567e-07	-7.55904e-04	
711	7.031567e-07	1.914713e-02	
712	7.041567e-07	3.897461e-02	
713	7.051567e-07	5.864826e-02	
714	7.061567e-07	7.809046e-02	
715	7.071567e-07	9.722447e-02	
716	7.081567e-07	1.159748e-01	
717	7.091567e-07	1.342674e-01	
718	7.101567e-07	1.520301e-01	
719	7.111567e-07	1.691928e-01	
720	7.121567e-07	1.856878e-01	
721	7.131567e-07	2.014500e-01	
722	7.141567e-07	2.164172e-01	
723	7.151567e-07	2.305302e-01	
724	7.161567e-07	2.437334e-01	
725	7.171567e-07	2.559748e-01	
726	7.181567e-07	2.672059e-01	
727	7.191567e-07	2.773825e-01	
728	7.201567e-07	2.864644e-01	
729	7.211567e-07	2.944157e-01	
730	7.221567e-07	3.012051e-01	
731	7.231567e-07	3.068058e-01	
732	7.241567e-07	3.111957e-01	
733	7.251567e-07	3.143574e-01	
734	7.261567e-07	3.162785e-01	
735	7.271567e-07	3.169514e-01	
736	7.281567e-07	3.163735e-01	
737	7.291567e-07	3.145469e-01	
738	7.301567e-07	3.114790e-01	
739	7.311567e-07	3.071818e-01	
740	7.321567e-07	3.016723e-01	
741	7.331567e-07	2.949723e-01	
742	7.341567e-07	2.871081e-01	
743	7.351567e-07	2.781108e-01	
744	7.361567e-07	2.680160e-01	
745	7.371567e-07	2.568634e-01	
746	7.381567e-07	2.446971e-01	
747	7.391567e-07	2.315651e-01	
748	7.401567e-07	2.175192e-01	
749	7.411567e-07	2.026149e-01	
750	7.421567e-07	1.869109e-01	

Index   time            x1.rc_node      
--------------------------------------------------------------------------------
751	7.431567e-07	1.704693e-01	
752	7.441567e-07	1.533549e-01	
753	7.451567e-07	1.356353e-01	
754	7.461567e-07	1.173804e-01	
755	7.471567e-07	9.866229e-02	
756	7.481567e-07	7.955477e-02	
757	7.491567e-07	6.013329e-02	
758	7.501567e-07	4.047449e-02	
759	7.511567e-07	2.065596e-02	
760	7.521567e-07	7.559036e-04	
761	7.531567e-07	-1.91471e-02	
762	7.541567e-07	-3.89746e-02	
763	7.551567e-07	-5.86483e-02	
764	7.561567e-07	-7.80905e-02	
765	7.571567e-07	-9.72245e-02	
766	7.581567e-07	-1.15975e-01	
767	7.591567e-07	-1.34267e-01	
768	7.601567e-07	-1.52030e-01	
769	7.611567e-07	-1.69193e-01	
770	7.621567e-07	-1.85688e-01	
771	7.631567e-07	-2.01450e-01	
772	7.641567e-07	-2.16417e-01	
773	7.651567e-07	-2.30530e-01	
774	7.661567e-07	-2.43733e-01	
775	7.671567e-07	-2.55975e-01	
776	7.681567e-07	-2.67206e-01	
777	7.691567e-07	-2.77383e-01	
778	7.701567e-07	-2.86464e-01	
779	7.711567e-07	-2.94416e-01	
780	7.721567e-07	-3.01205e-01	
781	7.731567e-07	-3.06806e-01	
782	7.741567e-07	-3.11196e-01	
783	7.751567e-07	-3.14357e-01	
784	7.761567e-07	-3.16279e-01	
785	7.771567e-07	-3.16951e-01	
786	7.781567e-07	-3.16373e-01	
787	7.791567e-07	-3.14547e-01	
788	7.801567e-07	-3.11479e-01	
789	7.811567e-07	-3.07182e-01	
790	7.821567e-07	-3.01672e-01	
791	7.831567e-07	-2.94972e-01	
792	7.841567e-07	-2.87108e-01	
793	7.851567e-07	-2.78111e-01	
794	7.861567e-07	-2.68016e-01	
795	7.871567e-07	-2.56863e-01	
796	7.881567e-07	-2.44697e-01	
797	7.891567e-07	-2.31565e-01	
798	7.901567e-07	-2.17519e-01	
799	7.911567e-07	-2.02615e-01	
800	7.921567e-07	-1.86911e-01	
801	7.931567e-07	-1.70469e-01	
802	7.941567e-07	-1.53355e-01	
803	7.951567e-07	-1.35635e-01	
804	7.961567e-07	-1.17380e-01	
805	7.971567e-07	-9.86623e-02	
806	7.981567e-07	-7.95548e-02	
807	7.991567e-07	-6.01333e-02	
808	8.001567e-07	-4.04745e-02	

Index   time            x1.rc_node      
--------------------------------------------------------------------------------
809	8.011567e-07	-2.06560e-02	
810	8.021567e-07	-7.55904e-04	
811	8.031567e-07	1.914713e-02	
812	8.041567e-07	3.897461e-02	
813	8.051567e-07	5.864826e-02	
814	8.061567e-07	7.809046e-02	
815	8.071567e-07	9.722447e-02	
816	8.081567e-07	1.159748e-01	
817	8.091567e-07	1.342674e-01	
818	8.101567e-07	1.520301e-01	
819	8.111567e-07	1.691928e-01	
820	8.121567e-07	1.856878e-01	
821	8.131567e-07	2.014500e-01	
822	8.141567e-07	2.164172e-01	
823	8.151567e-07	2.305302e-01	
824	8.161567e-07	2.437334e-01	
825	8.171567e-07	2.559748e-01	
826	8.181567e-07	2.672059e-01	
827	8.191567e-07	2.773825e-01	
828	8.201567e-07	2.864644e-01	
829	8.211567e-07	2.944157e-01	
830	8.221567e-07	3.012051e-01	
831	8.231567e-07	3.068058e-01	
832	8.241567e-07	3.111957e-01	
833	8.251567e-07	3.143574e-01	
834	8.261567e-07	3.162785e-01	
835	8.271567e-07	3.169514e-01	
836	8.281567e-07	3.163735e-01	
837	8.291567e-07	3.145469e-01	
838	8.301567e-07	3.114790e-01	
839	8.311567e-07	3.071818e-01	
840	8.321567e-07	3.016723e-01	
841	8.331567e-07	2.949723e-01	
842	8.341567e-07	2.871081e-01	
843	8.351567e-07	2.781108e-01	
844	8.361567e-07	2.680160e-01	
845	8.371567e-07	2.568634e-01	
846	8.381567e-07	2.446971e-01	
847	8.391567e-07	2.315651e-01	
848	8.401567e-07	2.175192e-01	
849	8.411567e-07	2.026149e-01	
850	8.421567e-07	1.869109e-01	
851	8.431567e-07	1.704693e-01	
852	8.441567e-07	1.533549e-01	
853	8.451567e-07	1.356353e-01	
854	8.461567e-07	1.173804e-01	
855	8.471567e-07	9.866229e-02	
856	8.481567e-07	7.955477e-02	
857	8.491567e-07	6.013329e-02	
858	8.501567e-07	4.047449e-02	
859	8.511567e-07	2.065596e-02	
860	8.521567e-07	7.559036e-04	
861	8.531567e-07	-1.91471e-02	
862	8.541567e-07	-3.89746e-02	
863	8.551567e-07	-5.86483e-02	
864	8.561567e-07	-7.80905e-02	
865	8.571567e-07	-9.72245e-02	
866	8.581567e-07	-1.15975e-01	

Index   time            x1.rc_node      
--------------------------------------------------------------------------------
867	8.591567e-07	-1.34267e-01	
868	8.601567e-07	-1.52030e-01	
869	8.611567e-07	-1.69193e-01	
870	8.621567e-07	-1.85688e-01	
871	8.631567e-07	-2.01450e-01	
872	8.641567e-07	-2.16417e-01	
873	8.651567e-07	-2.30530e-01	
874	8.661567e-07	-2.43733e-01	
875	8.671567e-07	-2.55975e-01	
876	8.681567e-07	-2.67206e-01	
877	8.691567e-07	-2.77383e-01	
878	8.701567e-07	-2.86464e-01	
879	8.711567e-07	-2.94416e-01	
880	8.721567e-07	-3.01205e-01	
881	8.731567e-07	-3.06806e-01	
882	8.741567e-07	-3.11196e-01	
883	8.751567e-07	-3.14357e-01	
884	8.761567e-07	-3.16279e-01	
885	8.771567e-07	-3.16951e-01	
886	8.781567e-07	-3.16373e-01	
887	8.791567e-07	-3.14547e-01	
888	8.801567e-07	-3.11479e-01	
889	8.811567e-07	-3.07182e-01	
890	8.821567e-07	-3.01672e-01	
891	8.831567e-07	-2.94972e-01	
892	8.841567e-07	-2.87108e-01	
893	8.851567e-07	-2.78111e-01	
894	8.861567e-07	-2.68016e-01	
895	8.871567e-07	-2.56863e-01	
896	8.881567e-07	-2.44697e-01	
897	8.891567e-07	-2.31565e-01	
898	8.901567e-07	-2.17519e-01	
899	8.911567e-07	-2.02615e-01	
900	8.921567e-07	-1.86911e-01	
901	8.931567e-07	-1.70469e-01	
902	8.941567e-07	-1.53355e-01	
903	8.951567e-07	-1.35635e-01	
904	8.961567e-07	-1.17380e-01	
905	8.971567e-07	-9.86623e-02	
906	8.981567e-07	-7.95548e-02	
907	8.991567e-07	-6.01333e-02	
908	9.001567e-07	-4.04745e-02	
909	9.011567e-07	-2.06560e-02	
910	9.021567e-07	-7.55904e-04	
911	9.031567e-07	1.914713e-02	
912	9.041567e-07	3.897461e-02	
913	9.051567e-07	5.864826e-02	
914	9.061567e-07	7.809046e-02	
915	9.071567e-07	9.722447e-02	
916	9.081567e-07	1.159748e-01	
917	9.091567e-07	1.342674e-01	
918	9.101567e-07	1.520301e-01	
919	9.111567e-07	1.691928e-01	
920	9.121567e-07	1.856878e-01	
921	9.131567e-07	2.014500e-01	
922	9.141567e-07	2.164172e-01	
923	9.151567e-07	2.305302e-01	
924	9.161567e-07	2.437334e-01	

Index   time            x1.rc_node      
--------------------------------------------------------------------------------
925	9.171567e-07	2.559748e-01	
926	9.181567e-07	2.672059e-01	
927	9.191567e-07	2.773825e-01	
928	9.201567e-07	2.864644e-01	
929	9.211567e-07	2.944157e-01	
930	9.221567e-07	3.012051e-01	
931	9.231567e-07	3.068058e-01	
932	9.241567e-07	3.111957e-01	
933	9.251567e-07	3.143574e-01	
934	9.261567e-07	3.162785e-01	
935	9.271567e-07	3.169514e-01	
936	9.281567e-07	3.163735e-01	
937	9.291567e-07	3.145469e-01	
938	9.301567e-07	3.114790e-01	
939	9.311567e-07	3.071818e-01	
940	9.321567e-07	3.016723e-01	
941	9.331567e-07	2.949723e-01	
942	9.341567e-07	2.871081e-01	
943	9.351567e-07	2.781108e-01	
944	9.361567e-07	2.680160e-01	
945	9.371567e-07	2.568634e-01	
946	9.381567e-07	2.446971e-01	
947	9.391567e-07	2.315651e-01	
948	9.401567e-07	2.175192e-01	
949	9.411567e-07	2.026149e-01	
950	9.421567e-07	1.869109e-01	
951	9.431567e-07	1.704693e-01	
952	9.441567e-07	1.533549e-01	
953	9.451567e-07	1.356353e-01	
954	9.461567e-07	1.173804e-01	
955	9.471567e-07	9.866229e-02	
956	9.481567e-07	7.955477e-02	
957	9.491567e-07	6.013329e-02	
958	9.501567e-07	4.047449e-02	
959	9.511567e-07	2.065596e-02	
960	9.521567e-07	7.559036e-04	
961	9.531567e-07	-1.91471e-02	
962	9.541567e-07	-3.89746e-02	
963	9.551567e-07	-5.86483e-02	
964	9.561567e-07	-7.80905e-02	
965	9.571567e-07	-9.72245e-02	
966	9.581567e-07	-1.15975e-01	
967	9.591567e-07	-1.34267e-01	
968	9.601567e-07	-1.52030e-01	
969	9.611567e-07	-1.69193e-01	
970	9.621567e-07	-1.85688e-01	
971	9.631567e-07	-2.01450e-01	
972	9.641567e-07	-2.16417e-01	
973	9.651567e-07	-2.30530e-01	
974	9.661567e-07	-2.43733e-01	
975	9.671567e-07	-2.55975e-01	
976	9.681567e-07	-2.67206e-01	
977	9.691567e-07	-2.77383e-01	
978	9.701567e-07	-2.86464e-01	
979	9.711567e-07	-2.94416e-01	
980	9.721567e-07	-3.01205e-01	
981	9.731567e-07	-3.06806e-01	
982	9.741567e-07	-3.11196e-01	

Index   time            x1.rc_node      
--------------------------------------------------------------------------------
983	9.751567e-07	-3.14357e-01	
984	9.761567e-07	-3.16279e-01	
985	9.771567e-07	-3.16951e-01	
986	9.781567e-07	-3.16373e-01	
987	9.791567e-07	-3.14547e-01	
988	9.801567e-07	-3.11479e-01	
989	9.811567e-07	-3.07182e-01	
990	9.821567e-07	-3.01672e-01	
991	9.831567e-07	-2.94972e-01	
992	9.841567e-07	-2.87108e-01	
993	9.851567e-07	-2.78111e-01	
994	9.861567e-07	-2.68016e-01	
995	9.871567e-07	-2.56863e-01	
996	9.881567e-07	-2.44697e-01	
997	9.891567e-07	-2.31565e-01	
998	9.901567e-07	-2.17519e-01	
999	9.911567e-07	-2.02615e-01	
1000	9.921567e-07	-1.86911e-01	
1001	9.931567e-07	-1.70469e-01	
1002	9.941567e-07	-1.53355e-01	
1003	9.951567e-07	-1.35635e-01	
1004	9.961567e-07	-1.17380e-01	
1005	9.971567e-07	-9.86623e-02	
1006	9.981567e-07	-7.95548e-02	
1007	9.991567e-07	-6.01333e-02	
1008	1.000000e-06	-4.35659e-02	
